CustomerID,Gender,SeniorCitizen,Partner,Dependents,Tenure,PhoneService,MultipleLines,InternetService,OnlineSecurity,OnlineBackup,DeviceProtection,TechSupport,StreamingTV,StreamingMovies,Contract,PaperlessBilling,PaymentMethod,MonthlyCharges,TotalCharges,Churn,TenureBand
C00001,Male,1,No,No,52,Yes,Yes,DSL,No,No,No,Yes,No,No,Month-to-month,Yes,Electronic check,90.24,4704.1,Yes,49m+
C00002,Female,0,Yes,No,59,Yes,Yes,Fiber optic,No,No,No,No,No,No,Month-to-month,No,Bank transfer (automatic),102.7,5766.01,Yes,49m+
C00003,Male,0,No,Yes,60,No,No phone service,DSL,No,Yes,No,No,Yes,No,One year,No,Credit card (automatic),81.09,5070.66,Yes,49m+
C00004,Male,0,Yes,Yes,62,Yes,Yes,DSL,No,Yes,No,Yes,No,No,Month-to-month,Yes,Credit card (automatic),106.14,6731.38,No,49m+
C00005,Female,1,No,No,41,Yes,Yes,Fiber optic,No,No,Yes,No,Yes,No,Two year,No,Electronic check,116.55,4558.94,No,25-48m
C00006,Female,0,Yes,No,42,Yes,No,Fiber optic,Yes,No,No,Yes,No,No,One year,No,Bank transfer (automatic),109.66,4424.02,No,25-48m
C00007,Male,0,No,No,44,Yes,Yes,No,No internet service,No internet service,No internet service,No internet service,No internet service,No internet service,Month-to-month,No,Electronic check,47.54,2050.92,Yes,25-48m
C00008,Male,0,No,Yes,9,Yes,Yes,DSL,No,No,Yes,Yes,Yes,No,One year,Yes,Credit card (automatic),106.1,1000.41,No,7-12m
C00009,Male,0,Yes,No,1,No,No phone service,DSL,No,No,Yes,No,Yes,No,One year,Yes,Electronic check,83.7,82.2,Yes,0-6m
C00010,Male,0,No,Yes,3,Yes,Yes,Fiber optic,Yes,No,No,No,Yes,Yes,Month-to-month,No,Credit card (automatic),127.28,387.95,No,0-6m
C00011,Male,0,No,No,60,Yes,No,DSL,Yes,No,No,No,No,No,Two year,No,Credit card (automatic),87.47,5290.55,No,49m+
C00012,Female,0,Yes,No,25,Yes,No,DSL,No,Yes,Yes,No,No,No,One year,Yes,Electronic check,89.42,2183.01,Yes,25-48m
C00013,Male,1,No,No,51,Yes,No,Fiber optic,Yes,No,Yes,Yes,No,Yes,Two year,No,Credit card (automatic),128.23,6222.85,No,49m+
C00014,Female,1,No,No,46,Yes,Yes,No,No internet service,No internet service,No internet service,No internet service,No internet service,No internet service,Month-to-month,Yes,Bank transfer (automatic),53.15,2492.83,No,25-48m
C00015,Female,0,Yes,Yes,32,Yes,Yes,No,No internet service,No internet service,No internet service,No internet service,No internet service,No internet service,Month-to-month,No,Bank transfer (automatic),47.01,1492.25,Yes,25-48m
C00016,Female,0,Yes,No,13,Yes,Yes,Fiber optic,Yes,No,Yes,No,No,No,Month-to-month,Yes,Credit card (automatic),128.36,1728.82,Yes,13-24m
C00017,Female,0,No,No,70,Yes,Yes,No,No internet service,No internet service,No internet service,No internet service,No internet service,No internet service,Month-to-month,No,Electronic check,48.11,3434.89,Yes,49m+
C00018,Male,1,No,Yes,13,Yes,Yes,Fiber optic,Yes,Yes,Yes,No,No,Yes,Two year,Yes,Electronic check,127.67,1607.07,No,13-24m
C00019,Female,0,No,No,16,Yes,Yes,Fiber optic,Yes,Yes,Yes,Yes,Yes,Yes,Two year,Yes,Electronic check,166.26,2741.8,No,13-24m
C00020,Female,0,No,No,23,Yes,Yes,No,No internet service,No internet service,No internet service,No internet service,No internet service,No internet service,Month-to-month,Yes,Bank transfer (automatic),50.07,1202.73,No,13-24m
C00021,Female,1,No,No,32,Yes,No,Fiber optic,No,No,No,No,Yes,Yes,Month-to-month,Yes,Electronic check,121.51,3721.58,Yes,25-48m
C00022,Female,0,No,No,34,Yes,No,DSL,No,No,No,No,No,No,One year,Yes,Electronic check,77.71,2739.14,No,25-48m
C00023,Male,0,No,Yes,55,No,No phone service,Fiber optic,No,Yes,No,No,Yes,No,Month-to-month,Yes,Credit card (automatic),108.79,6027.39,No,49m+
C00024,Male,0,Yes,No,69,Yes,No,No,No internet service,No internet service,No internet service,No internet service,No internet service,No internet service,Month-to-month,Yes,Electronic check,41.2,2826.18,No,49m+
C00025,Female,1,No,No,18,Yes,No,Fiber optic,Yes,No,No,Yes,No,Yes,One year,No,Credit card (automatic),118.02,2210.97,No,13-24m
C00026,Male,0,No,No,70,Yes,Yes,DSL,No,Yes,No,No,No,No,Two year,No,Bank transfer (automatic),88.04,6101.31,No,49m+
C00027,Male,0,Yes,No,56,No,No phone service,Fiber optic,Yes,Yes,No,No,Yes,No,Month-to-month,Yes,Electronic check,103.76,6098.67,No,49m+
C00028,Male,0,No,No,16,Yes,Yes,DSL,Yes,Yes,No,No,Yes,Yes,Month-to-month,Yes,Mailed check,110.25,1725.15,Yes,13-24m
C00029,Female,0,Yes,No,29,Yes,No,No,No internet service,No internet service,No internet service,No internet service,No internet service,No internet service,Month-to-month,No,Bank transfer (automatic),38.12,1095.67,No,25-48m
C00030,Male,0,No,No,49,Yes,No,DSL,Yes,Yes,Yes,Yes,No,No,One year,No,Bank transfer (automatic),113.98,5728.6,No,49m+
C00031,Male,1,No,Yes,1,Yes,No,Fiber optic,Yes,No,No,No,No,No,One year,Yes,Credit card (automatic),103.07,99.3,Yes,0-6m
C00032,Female,0,Yes,Yes,14,Yes,Yes,Fiber optic,No,No,No,No,No,No,Month-to-month,No,Credit card (automatic),114.32,1543.99,No,13-24m
C00033,Female,0,Yes,No,17,Yes,Yes,Fiber optic,Yes,Yes,Yes,Yes,Yes,Yes,One year,Yes,Mailed check,170.4,2889.26,No,13-24m
C00034,Male,0,Yes,Yes,61,Yes,Yes,DSL,Yes,No,Yes,No,No,No,Month-to-month,No,Bank transfer (automatic),91.76,5806.47,No,49m+
C00035,Female,1,Yes,No,26,No,No phone service,Fiber optic,No,Yes,No,No,No,Yes,Month-to-month,Yes,Bank transfer (automatic),106.71,2843.72,Yes,25-48m
C00036,Male,0,Yes,Yes,38,Yes,Yes,DSL,Yes,Yes,Yes,No,No,No,One year,Yes,Electronic check,108.91,4174.52,No,25-48m
C00037,Male,0,Yes,No,42,Yes,Yes,No,No internet service,No internet service,No internet service,No internet service,No internet service,No internet service,One year,Yes,Electronic check,45.63,1867.77,Yes,25-48m
C00038,Male,0,Yes,No,62,Yes,No,Fiber optic,No,Yes,No,No,No,No,Month-to-month,Yes,Bank transfer (automatic),113.91,7102.51,Yes,49m+
C00039,Male,0,Yes,No,45,Yes,No,DSL,Yes,No,Yes,No,Yes,No,Month-to-month,Yes,Electronic check,94.69,4075.0,No,25-48m
C00040,Female,0,Yes,No,40,Yes,No,Fiber optic,No,Yes,No,No,No,Yes,One year,No,Electronic check,105.46,4320.11,No,25-48m
C00041,Male,0,No,No,72,Yes,Yes,DSL,No,No,Yes,No,No,No,One year,No,Bank transfer (automatic),92.52,6620.64,No,49m+
C00042,Female,0,No,No,66,Yes,No,Fiber optic,Yes,Yes,No,No,No,No,One year,Yes,Electronic check,107.64,7277.55,Yes,49m+
C00043,Female,0,No,No,66,Yes,Yes,No,No internet service,No internet service,No internet service,No internet service,No internet service,No internet service,Month-to-month,Yes,Credit card (automatic),45.6,2928.12,No,49m+
C00044,Female,0,No,No,27,Yes,Yes,DSL,No,No,No,No,No,Yes,One year,Yes,Bank transfer (automatic),85.9,2405.61,No,25-48m
C00045,Male,0,Yes,No,68,Yes,Yes,DSL,Yes,Yes,No,No,Yes,Yes,Month-to-month,Yes,Credit card (automatic),117.39,7832.01,Yes,49m+
C00046,Male,0,No,Yes,21,Yes,No,DSL,No,No,No,No,No,No,One year,Yes,Credit card (automatic),72.72,1538.98,Yes,13-24m
C00047,Male,0,No,No,33,Yes,No,DSL,No,Yes,No,Yes,No,No,One year,Yes,Bank transfer (automatic),88.5,3036.75,Yes,25-48m
C00048,Male,0,Yes,No,49,Yes,No,Fiber optic,No,No,No,No,Yes,Yes,Two year,No,Mailed check,112.03,5568.52,No,49m+
C00049,Female,0,No,No,55,Yes,Yes,DSL,No,Yes,Yes,No,Yes,No,Month-to-month,Yes,Electronic check,114.96,6547.7,No,49m+
C00050,Male,0,Yes,No,37,Yes,No,Fiber optic,No,Yes,No,No,No,No,One year,Yes,Credit card (automatic),102.24,3606.68,No,25-48m
C00051,Female,0,Yes,No,38,Yes,No,Fiber optic,Yes,No,No,No,Yes,No,Month-to-month,No,Bank transfer (automatic),113.06,4175.13,No,25-48m
C00052,Male,0,No,No,4,Yes,No,Fiber optic,No,No,Yes,No,No,No,Month-to-month,Yes,Electronic check,99.28,406.34,Yes,0-6m
C00053,Male,0,No,No,53,Yes,No,DSL,Yes,No,Yes,No,Yes,Yes,Month-to-month,Yes,Bank transfer (automatic),107.74,5748.14,No,49m+
C00054,Male,1,No,Yes,24,Yes,Yes,Fiber optic,Yes,No,No,No,No,Yes,Month-to-month,No,Mailed check,127.98,3051.5,Yes,13-24m
C00055,Male,1,Yes,Yes,44,Yes,No,No,No internet service,No internet service,No internet service,No internet service,No internet service,No internet service,Two year,No,Mailed check,37.49,1725.14,No,25-48m
C00056,Male,0,No,No,21,No,No phone service,No,No internet service,No internet service,No internet service,No internet service,No internet service,No internet service,One year,No,Electronic check,26.35,528.13,No,13-24m
C00057,Male,0,Yes,No,23,Yes,No,DSL,Yes,No,No,No,Yes,No,Month-to-month,No,Bank transfer (automatic),92.34,2136.71,No,13-24m
C00058,Male,0,Yes,No,37,Yes,No,Fiber optic,No,No,No,No,No,No,Month-to-month,No,Electronic check,90.92,3325.0,No,25-48m
C00059,Female,0,Yes,Yes,39,Yes,No,Fiber optic,Yes,No,Yes,No,No,No,Month-to-month,Yes,Electronic check,119.96,4779.29,Yes,25-48m
C00060,Female,1,Yes,Yes,65,Yes,Yes,No,No internet service,No internet service,No internet service,No internet service,No internet service,No internet service,Two year,Yes,Bank transfer (automatic),53.59,3617.18,No,49m+
C00061,Male,0,Yes,No,25,Yes,Yes,No,No internet service,No internet service,No internet service,No internet service,No internet service,No internet service,Month-to-month,Yes,Mailed check,44.51,1163.63,No,25-48m
C00062,Male,0,Yes,No,5,Yes,No,DSL,No,No,No,No,No,No,One year,Yes,Credit card (automatic),81.9,407.76,Yes,0-6m
C00063,Female,1,No,No,29,Yes,No,Fiber optic,Yes,No,No,Yes,No,No,Month-to-month,Yes,Bank transfer (automatic),104.75,3144.44,Yes,25-48m
C00064,Male,0,No,No,62,Yes,No,DSL,No,No,No,No,No,No,Two year,No,Bank transfer (automatic),78.28,4976.01,Yes,49m+
C00065,Male,1,Yes,No,45,Yes,Yes,Fiber optic,Yes,No,No,No,Yes,Yes,One year,No,Bank transfer (automatic),127.33,5806.63,No,25-48m
C00066,Female,0,Yes,No,70,Yes,Yes,DSL,No,No,Yes,No,No,Yes,One year,No,Mailed check,93.16,6243.85,No,49m+
C00067,Male,0,Yes,No,64,Yes,Yes,DSL,No,Yes,No,Yes,Yes,Yes,Month-to-month,No,Electronic check,130.9,8400.24,No,49m+
C00068,Male,0,No,No,32,Yes,No,DSL,No,No,No,No,Yes,Yes,Two year,Yes,Credit card (automatic),91.77,2852.39,Yes,25-48m
C00069,Female,0,No,No,24,No,No phone service,DSL,No,No,No,No,No,No,Month-to-month,Yes,Credit card (automatic),62.6,1546.95,No,13-24m
C00070,Male,0,No,No,71,Yes,No,DSL,No,Yes,No,Yes,No,Yes,Month-to-month,Yes,Mailed check,106.08,7374.77,No,49m+
C00071,Female,0,No,Yes,41,Yes,No,DSL,No,No,No,No,Yes,Yes,Month-to-month,Yes,Mailed check,88.03,3457.13,Yes,25-48m
C00072,Male,0,No,No,38,Yes,Yes,DSL,No,No,Yes,No,Yes,No,One year,No,Bank transfer (automatic),108.03,4039.23,No,25-48m
C00073,Female,0,No,No,4,Yes,Yes,Fiber optic,No,No,No,No,No,Yes,Month-to-month,No,Credit card (automatic),113.76,434.27,Yes,0-6m
C00074,Female,0,Yes,No,18,Yes,Yes,Fiber optic,Yes,No,Yes,No,Yes,No,Month-to-month,No,Bank transfer (automatic),136.58,2524.26,Yes,13-24m
C00075,Female,0,No,Yes,49,Yes,No,Fiber optic,No,No,No,Yes,Yes,Yes,Month-to-month,No,Electronic check,133.32,6470.82,Yes,49m+
C00076,Female,0,No,No,44,Yes,Yes,DSL,No,No,No,No,Yes,No,Month-to-month,Yes,Credit card (automatic),85.73,3805.47,No,25-48m
C00077,Female,0,Yes,No,45,Yes,Yes,Fiber optic,No,Yes,No,No,No,Yes,Month-to-month,Yes,Bank transfer (automatic),119.95,5415.84,No,25-48m
C00078,Male,0,No,No,44,Yes,Yes,No,No internet service,No internet service,No internet service,No internet service,No internet service,No internet service,Month-to-month,Yes,Electronic check,50.3,2152.27,Yes,25-48m
C00079,Female,0,No,No,69,Yes,No,Fiber optic,Yes,Yes,No,No,Yes,No,Month-to-month,Yes,Electronic check,114.53,7620.88,No,49m+
C00080,Male,1,Yes,No,8,Yes,No,DSL,No,No,No,No,No,No,Two year,Yes,Electronic check,82.96,676.26,No,7-12m
C00081,Male,0,Yes,No,31,Yes,No,No,No internet service,No internet service,No internet service,No internet service,No internet service,No internet service,Month-to-month,No,Mailed check,43.77,1395.19,No,25-48m
C00082,Male,0,No,No,68,Yes,No,No,No internet service,No internet service,No internet service,No internet service,No internet service,No internet service,Month-to-month,No,Mailed check,39.17,2703.27,Yes,49m+
C00083,Male,0,Yes,No,71,Yes,No,Fiber optic,Yes,No,Yes,No,No,No,Month-to-month,No,Credit card (automatic),121.31,8883.26,Yes,49m+
C00084,Male,0,No,No,48,Yes,No,Fiber optic,No,Yes,Yes,Yes,No,No,Month-to-month,No,Electronic check,131.72,6228.75,Yes,25-48m
C00085,Female,0,Yes,No,68,Yes,No,DSL,No,No,Yes,No,Yes,Yes,One year,Yes,Mailed check,108.3,7074.89,No,49m+
C00086,Male,1,No,No,56,Yes,Yes,Fiber optic,No,No,No,No,Yes,Yes,One year,Yes,Credit card (automatic),135.3,7465.74,Yes,49m+
C00087,Female,0,No,No,68,Yes,Yes,Fiber optic,No,No,Yes,No,No,Yes,Month-to-month,Yes,Bank transfer (automatic),124.97,8537.64,Yes,49m+
C00088,Female,0,No,Yes,57,Yes,Yes,Fiber optic,No,No,No,Yes,Yes,No,One year,Yes,Electronic check,114.33,6773.7,Yes,49m+
C00089,Female,0,Yes,No,70,Yes,No,DSL,No,No,No,No,Yes,Yes,One year,No,Bank transfer (automatic),98.0,7018.23,No,49m+
C00090,Female,0,No,Yes,22,Yes,Yes,Fiber optic,Yes,No,No,No,No,No,Two year,Yes,Mailed check,105.5,2435.31,No,13-24m
C00091,Male,1,No,No,65,Yes,No,DSL,No,No,No,Yes,Yes,Yes,Month-to-month,Yes,Credit card (automatic),107.2,6832.49,Yes,49m+
C00092,Female,0,No,No,26,Yes,No,No,No internet service,No internet service,No internet service,No internet service,No internet service,No internet service,Month-to-month,No,Electronic check,43.34,1113.39,No,25-48m
C00093,Male,0,Yes,No,6,Yes,Yes,DSL,Yes,No,No,No,No,No,Month-to-month,No,Electronic check,100.07,620.19,Yes,0-6m
C00094,Male,0,No,Yes,41,Yes,No,DSL,Yes,No,Yes,No,No,No,Month-to-month,No,Electronic check,83.12,3442.87,Yes,25-48m
C00095,Male,0,Yes,Yes,5,No,No phone service,DSL,No,No,Yes,Yes,Yes,Yes,Month-to-month,No,Electronic check,98.1,514.86,No,0-6m
C00096,Male,0,No,No,52,Yes,No,Fiber optic,No,Yes,No,No,Yes,Yes,Two year,Yes,Electronic check,123.46,6606.31,No,49m+
C00097,Male,0,No,No,58,Yes,No,DSL,Yes,Yes,No,Yes,No,No,Month-to-month,Yes,Electronic check,109.29,6176.22,No,49m+
C00098,Male,1,Yes,No,52,Yes,Yes,Fiber optic,No,No,Yes,Yes,No,Yes,One year,No,Mailed check,128.65,6656.43,Yes,49m+
C00099,Male,0,No,Yes,60,No,No phone service,Fiber optic,Yes,Yes,No,No,No,Yes,Month-to-month,Yes,Mailed check,107.31,6755.11,No,49m+
C00100,Male,0,Yes,No,7,Yes,No,DSL,No,Yes,No,No,No,Yes,Two year,No,Electronic check,90.31,617.04,Yes,7-12m
C00101,Female,1,Yes,Yes,62,Yes,Yes,Fiber optic,No,No,No,Yes,Yes,Yes,One year,Yes,Mailed check,135.96,8335.66,Yes,49m+
C00102,Female,1,No,No,30,Yes,No,Fiber optic,Yes,No,Yes,No,No,Yes,Two year,No,Bank transfer (automatic),114.73,3288.34,Yes,25-48m
C00103,Male,0,No,Yes,22,Yes,Yes,No,No internet service,No internet service,No internet service,No internet service,No internet service,No internet service,Month-to-month,Yes,Mailed check,48.13,1086.2,No,13-24m
C00104,Male,0,Yes,Yes,63,Yes,No,Fiber optic,Yes,No,No,No,No,Yes,Month-to-month,No,Bank transfer (automatic),110.99,7161.83,No,49m+
C00105,Male,0,Yes,No,27,Yes,No,No,No internet service,No internet service,No internet service,No internet service,No internet service,No internet service,Two year,Yes,Bank transfer (automatic),42.87,1178.14,No,25-48m
C00106,Female,1,No,No,70,Yes,No,No,No internet service,No internet service,No internet service,No internet service,No internet service,No internet service,One year,Yes,Mailed check,42.36,2817.89,No,49m+
C00107,Female,0,Yes,No,60,Yes,No,DSL,No,No,No,No,No,No,Month-to-month,No,Mailed check,70.16,4023.77,Yes,49m+
C00108,Female,0,No,No,58,Yes,Yes,DSL,No,Yes,Yes,No,No,No,Two year,No,Mailed check,102.63,6122.58,Yes,49m+
C00109,Male,0,Yes,No,47,Yes,Yes,Fiber optic,Yes,Yes,Yes,No,Yes,No,Month-to-month,No,Electronic check,136.81,6669.74,No,25-48m
C00110,Male,0,No,No,49,Yes,Yes,No,No internet service,No internet service,No internet service,No internet service,No internet service,No internet service,Two year,No,Electronic check,44.71,2130.59,Yes,49m+
C00111,Male,1,Yes,Yes,31,Yes,Yes,DSL,Yes,Yes,No,No,Yes,No,Two year,Yes,Electronic check,118.88,3518.15,No,25-48m
C00112,Male,0,Yes,No,57,Yes,Yes,Fiber optic,No,Yes,No,No,No,No,One year,Yes,Credit card (automatic),105.34,6139.57,Yes,49m+
C00113,Female,0,No,No,19,Yes,Yes,Fiber optic,No,Yes,No,No,No,Yes,Month-to-month,Yes,Credit card (automatic),124.6,2394.13,Yes,13-24m
C00114,Male,0,Yes,No,65,Yes,Yes,No,No internet service,No internet service,No internet service,No internet service,No internet service,No internet service,Month-to-month,No,Electronic check,51.71,3230.72,Yes,49m+
C00115,Male,0,No,No,64,Yes,No,Fiber optic,No,Yes,Yes,No,Yes,Yes,Two year,Yes,Credit card (automatic),134.11,8628.11,Yes,49m+
C00116,Female,0,Yes,No,72,Yes,No,Fiber optic,Yes,No,Yes,Yes,Yes,Yes,One year,Yes,Electronic check,145.75,10174.82,No,49m+
C00117,Female,0,No,Yes,42,Yes,Yes,No,No internet service,No internet service,No internet service,No internet service,No internet service,No internet service,Month-to-month,Yes,Bank transfer (automatic),44.48,1842.7,No,25-48m
C00118,Female,0,No,No,4,Yes,No,DSL,No,No,Yes,No,Yes,No,Two year,No,Electronic check,97.28,373.28,Yes,0-6m
C00119,Female,0,Yes,No,34,Yes,Yes,No,No internet service,No internet service,No internet service,No internet service,No internet service,No internet service,Month-to-month,No,Credit card (automatic),52.81,1822.77,Yes,25-48m
C00120,Male,1,No,Yes,3,Yes,Yes,Fiber optic,No,No,No,Yes,No,No,One year,No,Credit card (automatic),121.94,356.82,Yes,0-6m
C00121,Male,0,Yes,Yes,16,Yes,Yes,Fiber optic,No,Yes,Yes,No,No,Yes,Month-to-month,Yes,Credit card (automatic),128.21,2104.54,No,13-24m
C00122,Female,0,Yes,No,39,Yes,No,DSL,Yes,No,No,Yes,Yes,Yes,Month-to-month,No,Mailed check,103.44,4002.47,Yes,25-48m
C00123,Female,1,Yes,No,22,Yes,No,DSL,No,No,Yes,No,Yes,No,Month-to-month,No,Bank transfer (automatic),86.42,1852.17,Yes,13-24m
C00124,Female,0,No,Yes,52,Yes,No,DSL,No,No,No,No,No,Yes,Month-to-month,Yes,Credit card (automatic),78.79,4131.01,No,49m+
C00125,Female,0,No,No,21,Yes,Yes,No,No internet service,No internet service,No internet service,No internet service,No internet service,No internet service,One year,No,Credit card (automatic),49.65,1044.47,No,13-24m
C00126,Male,0,No,No,54,Yes,Yes,Fiber optic,No,No,No,Yes,No,Yes,Month-to-month,Yes,Bank transfer (automatic),135.43,7386.83,No,49m+
C00127,Female,0,Yes,Yes,72,Yes,No,DSL,Yes,Yes,No,No,No,Yes,One year,Yes,Electronic check,103.35,7073.24,Yes,49m+
C00128,Male,0,Yes,No,8,Yes,No,Fiber optic,Yes,No,No,Yes,No,Yes,Month-to-month,Yes,Credit card (automatic),124.28,1014.35,No,7-12m
C00129,Female,0,Yes,No,46,Yes,No,DSL,No,Yes,No,No,No,No,Month-to-month,No,Credit card (automatic),77.03,3675.05,Yes,25-48m
C00130,Female,0,Yes,Yes,33,Yes,No,DSL,Yes,Yes,No,No,No,Yes,One year,Yes,Bank transfer (automatic),111.37,3716.58,No,25-48m
C00131,Female,0,No,Yes,70,Yes,Yes,DSL,No,Yes,No,No,Yes,Yes,One year,Yes,Bank transfer (automatic),116.6,8444.08,No,49m+
C00132,Female,0,Yes,No,36,Yes,Yes,No,No internet service,No internet service,No internet service,No internet service,No internet service,No internet service,Two year,No,Credit card (automatic),48.3,1707.3,No,25-48m
C00133,Female,0,Yes,No,57,Yes,Yes,Fiber optic,Yes,No,No,No,No,Yes,Month-to-month,Yes,Credit card (automatic),125.74,6881.4,No,49m+
C00134,Male,1,No,No,34,Yes,Yes,No,No internet service,No internet service,No internet service,No internet service,No internet service,No internet service,Month-to-month,No,Bank transfer (automatic),45.46,1483.71,Yes,25-48m
C00135,Female,0,Yes,No,64,Yes,No,DSL,No,Yes,No,No,No,No,Month-to-month,Yes,Bank transfer (automatic),78.88,4811.52,No,49m+
C00136,Male,1,Yes,No,68,Yes,Yes,No,No internet service,No internet service,No internet service,No internet service,No internet service,No internet service,Month-to-month,No,Bank transfer (automatic),45.86,3120.8,No,49m+
C00137,Female,0,No,Yes,44,Yes,No,DSL,No,Yes,No,No,Yes,Yes,Two year,Yes,Bank transfer (automatic),97.81,4455.37,No,25-48m
C00138,Male,0,No,No,19,Yes,No,DSL,No,No,Yes,No,No,Yes,Two year,No,Mailed check,86.36,1682.62,No,13-24m
C00139,Male,0,Yes,No,33,No,No phone service,Fiber optic,No,No,No,No,No,No,Two year,Yes,Credit card (automatic),74.55,2337.92,No,25-48m
C00140,Female,0,No,No,72,Yes,No,No,No internet service,No internet service,No internet service,No internet service,No internet service,No internet service,Month-to-month,Yes,Bank transfer (automatic),42.58,3124.79,Yes,49m+
C00141,Male,0,No,Yes,21,Yes,No,DSL,No,No,No,Yes,Yes,No,Two year,No,Electronic check,100.64,2170.28,No,13-24m
C00142,Female,1,No,Yes,1,Yes,Yes,Fiber optic,No,Yes,Yes,Yes,No,No,Month-to-month,No,Mailed check,124.45,119.18,Yes,0-6m
C00143,Male,0,Yes,No,16,Yes,Yes,No,No internet service,No internet service,No internet service,No internet service,No internet service,No internet service,Month-to-month,Yes,Electronic check,46.72,711.79,No,13-24m
C00144,Female,0,Yes,Yes,65,Yes,Yes,Fiber optic,Yes,No,No,No,No,No,One year,Yes,Mailed check,107.33,6839.15,Yes,49m+
C00145,Male,0,No,No,63,Yes,Yes,No,No internet service,No internet service,No internet service,No internet service,No internet service,No internet service,Two year,No,Electronic check,48.02,2905.08,Yes,49m+
C00146,Female,0,No,No,26,Yes,No,Fiber optic,No,Yes,No,No,Yes,No,Two year,Yes,Credit card (automatic),125.27,3231.74,Yes,25-48m
C00147,Female,0,No,No,51,Yes,No,Fiber optic,Yes,Yes,No,No,No,No,Two year,No,Electronic check,104.46,5477.6,No,49m+
C00148,Male,0,No,No,17,Yes,No,DSL,No,Yes,Yes,No,No,No,Two year,Yes,Bank transfer (automatic),91.3,1611.1,Yes,13-24m
C00149,Male,0,Yes,No,45,Yes,No,No,No internet service,No internet service,No internet service,No internet service,No internet service,No internet service,Month-to-month,No,Mailed check,41.43,1787.04,Yes,25-48m
C00150,Female,0,No,No,57,Yes,No,DSL,No,No,No,No,Yes,No,Month-to-month,No,Electronic check,90.52,5354.49,Yes,49m+
C00151,Male,0,No,No,65,Yes,No,DSL,Yes,No,No,Yes,Yes,Yes,Month-to-month,No,Mailed check,110.84,7112.19,Yes,49m+
C00152,Female,1,No,No,7,Yes,No,DSL,Yes,Yes,No,No,No,No,Month-to-month,Yes,Bank transfer (automatic),94.32,692.61,Yes,7-12m
C00153,Female,0,No,No,50,Yes,No,Fiber optic,No,No,Yes,Yes,No,No,Two year,Yes,Bank transfer (automatic),120.1,6273.66,No,49m+
C00154,Female,0,Yes,No,60,Yes,No,Fiber optic,Yes,Yes,No,Yes,No,Yes,Two year,No,Bank transfer (automatic),143.75,8849.99,No,49m+
C00155,Male,0,No,No,13,Yes,No,Fiber optic,Yes,No,No,No,No,Yes,One year,Yes,Mailed check,125.5,1635.18,Yes,13-24m
C00156,Male,0,Yes,No,18,No,No phone service,DSL,No,No,No,No,No,No,One year,Yes,Mailed check,63.82,1119.74,No,13-24m
C00157,Male,1,No,No,59,Yes,No,No,No internet service,No internet service,No internet service,No internet service,No internet service,No internet service,Month-to-month,Yes,Credit card (automatic),37.17,2260.59,Yes,49m+
C00158,Female,0,Yes,Yes,72,Yes,No,DSL,No,Yes,No,No,No,No,Month-to-month,No,Electronic check,76.9,5291.91,Yes,49m+
C00159,Male,0,Yes,No,17,Yes,No,DSL,Yes,No,Yes,No,Yes,Yes,Month-to-month,Yes,Credit card (automatic),107.41,1908.22,No,13-24m
C00160,Female,0,No,No,56,Yes,Yes,No,No internet service,No internet service,No internet service,No internet service,No internet service,No internet service,Two year,No,Mailed check,51.65,2885.56,No,49m+
C00161,Female,0,Yes,No,8,Yes,Yes,DSL,No,No,No,No,No,Yes,One year,No,Bank transfer (automatic),88.38,733.62,No,7-12m
C00162,Male,1,Yes,No,23,Yes,No,DSL,No,No,Yes,Yes,Yes,No,Two year,Yes,Electronic check,99.18,2334.0,No,13-24m
C00163,Female,0,No,No,69,Yes,Yes,DSL,Yes,Yes,No,No,Yes,No,Month-to-month,Yes,Mailed check,109.32,7734.55,Yes,49m+
C00164,Female,0,No,No,9,Yes,No,Fiber optic,Yes,No,No,No,Yes,No,Month-to-month,Yes,Electronic check,106.18,984.62,Yes,7-12m
C00165,Male,1,Yes,Yes,39,Yes,Yes,DSL,No,Yes,Yes,No,No,No,Month-to-month,Yes,Mailed check,100.09,3859.49,No,25-48m
C00166,Female,0,Yes,No,43,No,No phone service,Fiber optic,Yes,No,No,No,No,Yes,Month-to-month,No,Credit card (automatic),93.67,4148.65,No,25-48m
C00167,Male,1,Yes,No,43,Yes,No,Fiber optic,No,Yes,No,No,No,No,Month-to-month,No,Electronic check,106.07,4464.15,Yes,25-48m
C00168,Female,0,Yes,No,12,Yes,Yes,No,No internet service,No internet service,No internet service,No internet service,No internet service,No internet service,Month-to-month,Yes,Bank transfer (automatic),47.35,543.01,Yes,7-12m
C00169,Female,0,No,No,33,Yes,Yes,Fiber optic,Yes,Yes,Yes,No,No,Yes,Month-to-month,Yes,Credit card (automatic),128.2,4189.82,No,25-48m
C00170,Female,0,No,Yes,41,Yes,No,Fiber optic,No,No,No,Yes,No,Yes,Two year,Yes,Mailed check,120.74,4929.56,Yes,25-48m
C00171,Female,0,No,No,30,Yes,No,Fiber optic,No,No,Yes,Yes,Yes,Yes,Month-to-month,No,Electronic check,145.12,4138.83,No,25-48m
C00172,Female,0,Yes,Yes,30,Yes,Yes,Fiber optic,No,No,No,Yes,No,No,Month-to-month,Yes,Mailed check,105.11,3231.62,No,25-48m
C00173,Female,0,No,No,15,No,No phone service,DSL,No,No,No,Yes,No,No,Month-to-month,No,Electronic check,68.39,976.18,Yes,13-24m
C00174,Male,0,Yes,Yes,40,Yes,No,Fiber optic,Yes,No,No,No,Yes,No,Month-to-month,Yes,Electronic check,126.28,4945.88,No,25-48m
C00175,Female,0,Yes,No,6,No,No phone service,No,No internet service,No internet service,No internet service,No internet service,No internet service,No internet service,Month-to-month,No,Mailed check,27.37,166.49,No,0-6m
C00176,Female,0,Yes,No,36,Yes,No,No,No internet service,No internet service,No internet service,No internet service,No internet service,No internet service,One year,Yes,Bank transfer (automatic),40.06,1437.77,Yes,25-48m
C00177,Male,0,Yes,No,1,Yes,Yes,DSL,Yes,Yes,No,No,No,No,Month-to-month,Yes,Electronic check,96.03,96.17,Yes,0-6m
C00178,Male,0,No,No,61,Yes,No,No,No internet service,No internet service,No internet service,No internet service,No internet service,No internet service,Month-to-month,Yes,Mailed check,44.33,2805.89,Yes,49m+
C00179,Male,0,No,Yes,6,Yes,No,No,No internet service,No internet service,No internet service,No internet service,No internet service,No internet service,Two year,No,Mailed check,41.68,241.59,No,0-6m
C00180,Female,0,Yes,Yes,32,Yes,Yes,Fiber optic,No,No,Yes,Yes,Yes,Yes,Two year,Yes,Mailed check,130.81,4069.7,No,25-48m
C00181,Male,0,Yes,No,11,Yes,Yes,No,No internet service,No internet service,No internet service,No internet service,No internet service,No internet service,One year,Yes,Mailed check,48.28,533.25,No,7-12m
C00182,Male,0,Yes,No,65,Yes,Yes,No,No internet service,No internet service,No internet service,No internet service,No internet service,No internet service,One year,Yes,Credit card (automatic),48.38,3295.78,No,49m+
C00183,Female,0,No,No,69,No,No phone service,Fiber optic,No,No,No,No,No,Yes,One year,No,Bank transfer (automatic),95.35,6745.36,No,49m+
C00184,Female,0,Yes,No,41,Yes,Yes,No,No internet service,No internet service,No internet service,No internet service,No internet service,No internet service,Two year,Yes,Electronic check,47.88,2022.67,No,25-48m
C00185,Female,0,No,No,66,Yes,No,DSL,No,Yes,No,No,No,No,One year,Yes,Electronic check,82.18,5354.74,Yes,49m+
C00186,Female,0,No,No,4,Yes,Yes,DSL,No,No,Yes,No,No,No,Month-to-month,No,Bank transfer (automatic),96.88,397.28,No,0-6m
C00187,Male,0,Yes,No,64,Yes,Yes,DSL,Yes,No,No,No,No,No,One year,Yes,Mailed check,96.69,6117.75,No,49m+
C00188,Female,0,No,No,40,Yes,No,Fiber optic,No,Yes,No,No,No,No,Month-to-month,Yes,Bank transfer (automatic),110.17,4285.63,Yes,25-48m
C00189,Male,0,Yes,No,28,Yes,Yes,Fiber optic,No,No,No,No,No,No,Month-to-month,Yes,Mailed check,100.2,2781.82,No,25-48m
C00190,Male,0,No,No,5,Yes,Yes,Fiber optic,No,No,No,Yes,No,No,One year,No,Credit card (automatic),123.27,643.07,No,0-6m
C00191,Male,1,Yes,Yes,67,Yes,Yes,DSL,No,No,No,Yes,No,Yes,Month-to-month,No,Bank transfer (automatic),109.39,6991.21,No,49m+
C00192,Female,0,No,No,58,Yes,No,No,No internet service,No internet service,No internet service,No internet service,No internet service,No internet service,One year,Yes,Bank transfer (automatic),39.91,2252.02,No,49m+
C00193,Female,1,Yes,No,11,Yes,No,No,No internet service,No internet service,No internet service,No internet service,No internet service,No internet service,One year,No,Bank transfer (automatic),41.55,436.64,No,7-12m
C00194,Female,0,Yes,No,27,Yes,No,Fiber optic,No,No,Yes,Yes,No,No,Month-to-month,No,Mailed check,116.94,3263.9,Yes,25-48m
C00195,Female,0,No,No,50,Yes,No,No,No internet service,No internet service,No internet service,No internet service,No internet service,No internet service,Month-to-month,Yes,Mailed check,38.03,1915.31,Yes,49m+
C00196,Male,0,No,No,54,Yes,Yes,Fiber optic,Yes,No,No,No,No,Yes,Two year,No,Electronic check,129.17,6826.27,No,49m+
C00197,Female,0,No,No,51,No,No phone service,Fiber optic,No,Yes,Yes,Yes,No,No,Two year,No,Electronic check,103.7,5061.83,Yes,49m+
C00198,Male,0,No,Yes,20,Yes,No,No,No internet service,No internet service,No internet service,No internet service,No internet service,No internet service,Month-to-month,Yes,Electronic check,38.04,738.53,No,13-24m
C00199,Female,0,Yes,No,56,Yes,Yes,DSL,No,Yes,Yes,No,Yes,Yes,Month-to-month,Yes,Bank transfer (automatic),127.53,6882.54,No,49m+
C00200,Male,0,Yes,No,24,Yes,No,DSL,No,Yes,No,No,No,No,One year,No,Credit card (automatic),81.57,1965.12,No,13-24m
C00201,Male,1,Yes,Yes,32,Yes,No,Fiber optic,No,No,No,No,No,Yes,Month-to-month,No,Electronic check,100.72,3368.54,Yes,25-48m
C00202,Female,0,No,Yes,60,Yes,Yes,Fiber optic,Yes,No,Yes,Yes,Yes,Yes,Two year,Yes,Credit card (automatic),163.76,9895.62,Yes,49m+
C00203,Female,0,Yes,Yes,32,Yes,No,No,No internet service,No internet service,No internet service,No internet service,No internet service,No internet service,Month-to-month,No,Electronic check,38.55,1279.75,Yes,25-48m
C00204,Male,0,No,No,4,Yes,No,DSL,No,Yes,Yes,No,No,Yes,Month-to-month,Yes,Electronic check,110.17,439.27,Yes,0-6m
C00205,Female,0,No,No,61,Yes,No,Fiber optic,No,No,Yes,Yes,Yes,Yes,Month-to-month,No,Credit card (automatic),133.88,8167.72,Yes,49m+
C00206,Male,0,Yes,No,30,Yes,Yes,Fiber optic,Yes,Yes,No,Yes,No,Yes,Month-to-month,Yes,Credit card (automatic),137.78,4237.05,Yes,25-48m
C00207,Female,0,No,No,32,No,No phone service,Fiber optic,Yes,No,No,Yes,Yes,No,Month-to-month,Yes,Electronic check,99.33,3222.14,No,25-48m
C00208,Female,0,Yes,No,19,Yes,No,Fiber optic,No,Yes,No,No,No,Yes,Month-to-month,No,Electronic check,107.17,1998.19,No,13-24m
C00209,Female,0,No,Yes,48,Yes,No,DSL,Yes,Yes,No,Yes,No,No,Month-to-month,Yes,Mailed check,105.24,5178.4,No,25-48m
C00210,Female,0,Yes,No,67,Yes,No,No,No internet service,No internet service,No internet service,No internet service,No internet service,No internet service,Month-to-month,No,Credit card (automatic),39.65,2724.95,Yes,49m+
C00211,Female,0,Yes,No,55,No,No phone service,Fiber optic,No,No,Yes,No,Yes,No,Two year,Yes,Bank transfer (automatic),101.51,5629.73,No,49m+
C00212,Male,0,No,Yes,47,Yes,No,Fiber optic,No,No,No,Yes,Yes,No,Month-to-month,Yes,Mailed check,106.98,5070.84,Yes,25-48m
C00213,Male,0,Yes,No,2,Yes,Yes,DSL,No,Yes,No,No,No,Yes,Two year,Yes,Mailed check,93.94,179.48,No,0-6m
C00214,Female,0,No,Yes,22,Yes,Yes,No,No internet service,No internet service,No internet service,No internet service,No internet service,No internet service,Two year,Yes,Mailed check,47.64,1080.12,No,13-24m
C00215,Female,0,Yes,No,13,Yes,Yes,Fiber optic,No,No,No,No,Yes,No,Month-to-month,No,Bank transfer (automatic),115.97,1437.15,Yes,13-24m
C00216,Male,0,No,No,6,Yes,No,DSL,No,Yes,No,No,No,Yes,Month-to-month,Yes,Mailed check,101.07,625.5,Yes,0-6m
C00217,Male,0,Yes,No,71,Yes,No,Fiber optic,Yes,No,Yes,Yes,No,Yes,Month-to-month,Yes,Credit card (automatic),133.05,9192.8,No,49m+
C00218,Male,1,Yes,No,31,No,No phone service,No,No internet service,No internet service,No internet service,No internet service,No internet service,No internet service,One year,No,Mailed check,26.76,832.16,No,25-48m
C00219,Female,0,No,Yes,39,Yes,No,No,No internet service,No internet service,No internet service,No internet service,No internet service,No internet service,Month-to-month,Yes,Credit card (automatic),38.81,1565.69,No,25-48m
C00220,Female,0,Yes,Yes,6,Yes,No,No,No internet service,No internet service,No internet service,No internet service,No internet service,No internet service,Month-to-month,No,Mailed check,42.17,260.75,No,0-6m
C00221,Male,0,Yes,No,22,Yes,No,Fiber optic,No,Yes,No,Yes,No,Yes,Month-to-month,Yes,Mailed check,116.15,2471.21,Yes,13-24m
C00222,Male,0,No,Yes,58,Yes,Yes,DSL,Yes,No,No,Yes,Yes,Yes,Month-to-month,Yes,Credit card (automatic),115.53,6647.14,Yes,49m+
C00223,Male,0,Yes,No,59,Yes,Yes,Fiber optic,No,No,No,Yes,No,Yes,Two year,Yes,Bank transfer (automatic),113.47,6645.27,No,49m+
C00224,Male,0,Yes,No,63,No,No phone service,DSL,No,Yes,No,Yes,Yes,No,Month-to-month,Yes,Mailed check,85.86,5352.15,No,49m+
C00225,Male,0,No,Yes,21,Yes,Yes,Fiber optic,No,No,Yes,Yes,Yes,No,Month-to-month,No,Electronic check,141.54,3089.95,Yes,13-24m
C00226,Male,0,No,No,19,Yes,No,DSL,Yes,No,No,Yes,Yes,No,Month-to-month,Yes,Mailed check,96.23,1767.86,Yes,13-24m
C00227,Male,0,No,No,57,Yes,Yes,Fiber optic,No,No,No,No,Yes,No,Month-to-month,Yes,Electronic check,117.59,6718.45,Yes,49m+
C00228,Female,0,No,No,65,Yes,No,DSL,Yes,Yes,No,Yes,Yes,No,Two year,No,Electronic check,101.23,6499.74,Yes,49m+
C00229,Female,0,Yes,No,10,Yes,Yes,DSL,Yes,No,No,Yes,No,Yes,Month-to-month,No,Electronic check,111.44,1060.2,Yes,7-12m
C00230,Female,0,No,No,48,Yes,Yes,DSL,No,No,Yes,No,No,No,Month-to-month,Yes,Electronic check,93.62,4422.29,No,25-48m
C00231,Male,0,No,Yes,22,Yes,No,No,No internet service,No internet service,No internet service,No internet service,No internet service,No internet service,Two year,No,Bank transfer (automatic),44.37,956.21,Yes,13-24m
C00232,Male,0,No,No,16,Yes,Yes,Fiber optic,Yes,No,No,No,Yes,Yes,Two year,No,Bank transfer (automatic),123.23,1952.36,No,13-24m
C00233,Male,0,No,No,43,Yes,Yes,Fiber optic,No,No,No,No,Yes,No,Month-to-month,No,Mailed check,109.39,4513.25,Yes,25-48m
C00234,Male,1,Yes,No,39,Yes,No,Fiber optic,No,Yes,Yes,No,No,No,Month-to-month,Yes,Bank transfer (automatic),104.02,4088.62,No,25-48m
C00235,Female,0,No,No,20,Yes,No,DSL,Yes,Yes,No,No,No,Yes,Month-to-month,No,Electronic check,102.59,2069.36,No,13-24m
C00236,Male,0,Yes,No,56,Yes,Yes,Fiber optic,No,Yes,No,No,Yes,Yes,One year,No,Credit card (automatic),135.8,7779.88,Yes,49m+
C00237,Male,1,No,No,61,Yes,No,Fiber optic,No,No,No,No,Yes,No,One year,No,Bank transfer (automatic),103.05,6204.35,No,49m+
C00238,Female,0,No,No,23,Yes,No,DSL,Yes,Yes,No,Yes,Yes,No,Two year,Yes,Credit card (automatic),101.2,2354.13,No,13-24m
C00239,Female,0,Yes,No,38,Yes,Yes,DSL,Yes,No,Yes,No,Yes,Yes,One year,Yes,Bank transfer (automatic),125.04,4616.06,Yes,25-48m
C00240,Female,0,Yes,No,61,Yes,Yes,Fiber optic,No,No,Yes,Yes,Yes,No,One year,Yes,Credit card (automatic),138.16,8500.76,No,49m+
C00241,Female,0,No,No,22,Yes,Yes,No,No internet service,No internet service,No internet service,No internet service,No internet service,No internet service,Month-to-month,No,Credit card (automatic),45.86,1031.32,Yes,13-24m
C00242,Female,0,No,No,19,Yes,No,No,No internet service,No internet service,No internet service,No internet service,No internet service,No internet service,Two year,Yes,Credit card (automatic),37.49,734.7,No,13-24m
C00243,Male,0,Yes,Yes,15,Yes,Yes,Fiber optic,No,No,No,Yes,No,Yes,Month-to-month,Yes,Electronic check,117.56,1840.17,Yes,13-24m
C00244,Female,0,Yes,No,57,Yes,Yes,DSL,No,Yes,No,No,No,Yes,Two year,Yes,Mailed check,105.55,5722.96,Yes,49m+
C00245,Female,0,Yes,No,29,Yes,No,Fiber optic,No,Yes,No,Yes,Yes,No,One year,No,Bank transfer (automatic),135.66,3756.59,Yes,25-48m
C00246,Male,1,No,No,41,Yes,No,Fiber optic,No,No,No,No,No,No,Month-to-month,Yes,Bank transfer (automatic),101.25,3963.19,No,25-48m
C00247,Female,0,Yes,No,28,Yes,Yes,Fiber optic,No,Yes,Yes,Yes,Yes,No,One year,No,Electronic check,136.81,3729.9,Yes,25-48m
C00248,Female,0,Yes,No,66,Yes,Yes,Fiber optic,No,No,Yes,No,No,No,Month-to-month,No,Bank transfer (automatic),114.67,7202.43,Yes,49m+
C00249,Male,0,No,No,55,Yes,Yes,DSL,No,No,No,No,No,No,One year,Yes,Bank transfer (automatic),89.12,5143.78,Yes,49m+
C00250,Female,1,No,Yes,26,Yes,No,Fiber optic,No,Yes,No,No,Yes,No,One year,Yes,Electronic check,120.74,2990.19,Yes,25-48m
C00251,Male,0,Yes,No,48,Yes,No,Fiber optic,No,No,Yes,Yes,No,No,Month-to-month,Yes,Electronic check,113.14,5314.3,No,25-48m
C00252,Female,0,Yes,No,14,Yes,Yes,Fiber optic,No,Yes,Yes,No,Yes,No,Month-to-month,Yes,Electronic check,133.81,1931.11,Yes,13-24m
C00253,Female,0,Yes,Yes,1,Yes,Yes,Fiber optic,No,No,Yes,No,Yes,No,One year,No,Bank transfer (automatic),110.75,109.2,No,0-6m
C00254,Female,1,Yes,Yes,63,Yes,Yes,Fiber optic,No,No,No,No,No,Yes,One year,Yes,Electronic check,118.39,7324.12,Yes,49m+
C00255,Female,0,Yes,No,11,Yes,No,DSL,No,No,Yes,No,Yes,No,One year,No,Electronic check,99.03,1118.29,No,7-12m
C00256,Male,0,Yes,No,20,Yes,No,DSL,No,Yes,No,No,No,Yes,Month-to-month,Yes,Electronic check,100.13,2084.56,Yes,13-24m
C00257,Male,0,Yes,No,55,Yes,Yes,No,No internet service,No internet service,No internet service,No internet service,No internet service,No internet service,Two year,Yes,Credit card (automatic),44.95,2496.96,No,49m+
C00258,Female,1,No,No,63,Yes,No,DSL,No,Yes,Yes,No,Yes,Yes,Month-to-month,Yes,Electronic check,101.31,6347.69,Yes,49m+
C00259,Male,0,No,No,56,Yes,No,No,No internet service,No internet service,No internet service,No internet service,No internet service,No internet service,Two year,No,Electronic check,41.97,2379.69,No,49m+
C00260,Male,0,Yes,No,7,Yes,Yes,No,No internet service,No internet service,No internet service,No internet service,No internet service,No internet service,Month-to-month,Yes,Bank transfer (automatic),49.07,347.07,No,7-12m
C00261,Male,0,No,Yes,48,Yes,No,Fiber optic,No,No,No,Yes,No,No,Month-to-month,No,Bank transfer (automatic),108.81,5103.05,Yes,25-48m
C00262,Female,0,Yes,No,61,No,No phone service,Fiber optic,No,Yes,No,No,No,No,Month-to-month,Yes,Credit card (automatic),85.36,4984.81,No,49m+
C00263,Male,0,Yes,No,61,Yes,Yes,Fiber optic,Yes,No,No,No,No,No,Month-to-month,No,Mailed check,103.34,6117.3,Yes,49m+
C00264,Female,0,No,No,66,Yes,Yes,DSL,Yes,No,No,No,Yes,No,Month-to-month,Yes,Bank transfer (automatic),107.44,6814.92,Yes,49m+
C00265,Male,0,Yes,Yes,62,Yes,Yes,No,No internet service,No internet service,No internet service,No internet service,No internet service,No internet service,Month-to-month,Yes,Bank transfer (automatic),49.05,3151.02,No,49m+
C00266,Female,0,Yes,No,30,Yes,No,Fiber optic,Yes,No,No,No,Yes,No,Month-to-month,Yes,Mailed check,109.27,3382.63,Yes,25-48m
C00267,Male,0,Yes,Yes,27,Yes,Yes,DSL,No,Yes,No,No,No,No,Month-to-month,Yes,Electronic check,101.07,2608.88,Yes,25-48m
C00268,Female,0,Yes,No,38,Yes,No,DSL,Yes,No,Yes,No,No,Yes,Two year,Yes,Credit card (automatic),95.38,3752.72,Yes,25-48m
C00269,Male,0,No,Yes,65,Yes,No,Fiber optic,No,No,No,No,No,No,One year,Yes,Mailed check,103.17,6809.81,No,49m+
C00270,Male,0,Yes,No,54,Yes,Yes,No,No internet service,No internet service,No internet service,No internet service,No internet service,No internet service,Month-to-month,Yes,Credit card (automatic),51.21,2820.54,No,49m+
C00271,Female,0,No,No,57,Yes,No,Fiber optic,No,No,No,No,No,No,One year,No,Bank transfer (automatic),104.96,6174.36,No,49m+
C00272,Female,0,Yes,No,6,Yes,Yes,DSL,Yes,Yes,Yes,No,No,No,Month-to-month,No,Electronic check,107.46,664.16,Yes,0-6m
C00273,Male,0,Yes,No,71,Yes,No,No,No internet service,No internet service,No internet service,No internet service,No internet service,No internet service,One year,Yes,Electronic check,38.42,2740.23,No,49m+
C00274,Male,0,No,No,17,Yes,No,Fiber optic,Yes,No,No,No,Yes,No,Month-to-month,Yes,Credit card (automatic),120.43,2006.66,No,13-24m
C00275,Male,0,Yes,No,14,Yes,No,No,No internet service,No internet service,No internet service,No internet service,No internet service,No internet service,Month-to-month,Yes,Mailed check,38.62,553.87,No,13-24m
C00276,Male,0,No,No,26,Yes,Yes,No,No internet service,No internet service,No internet service,No internet service,No internet service,No internet service,One year,No,Credit card (automatic),47.44,1225.26,No,25-48m
C00277,Female,0,No,No,72,Yes,No,No,No internet service,No internet service,No internet service,No internet service,No internet service,No internet service,Month-to-month,Yes,Mailed check,42.19,3022.6,No,49m+
C00278,Female,0,Yes,No,6,Yes,Yes,DSL,No,No,Yes,No,No,No,Month-to-month,Yes,Credit card (automatic),92.25,564.97,Yes,0-6m
C00279,Male,0,Yes,Yes,26,Yes,Yes,DSL,No,Yes,No,No,No,No,One year,No,Mailed check,89.35,2424.56,No,25-48m
C00280,Male,0,Yes,No,64,Yes,Yes,DSL,No,No,Yes,No,Yes,Yes,One year,Yes,Credit card (automatic),117.48,7736.03,Yes,49m+
C00281,Female,0,Yes,No,70,Yes,No,Fiber optic,No,No,No,No,No,Yes,Month-to-month,No,Electronic check,102.96,7230.6,Yes,49m+
C00282,Female,0,Yes,No,42,No,No phone service,Fiber optic,No,No,No,Yes,No,No,One year,Yes,Mailed check,87.83,3695.98,Yes,25-48m
C00283,Female,0,Yes,No,8,Yes,No,No,No internet service,No internet service,No internet service,No internet service,No internet service,No internet service,Month-to-month,Yes,Credit card (automatic),39.9,312.43,No,7-12m
C00284,Male,0,Yes,No,61,Yes,No,Fiber optic,No,Yes,No,No,No,Yes,Month-to-month,Yes,Electronic check,106.36,6706.91,Yes,49m+
C00285,Female,0,No,No,52,Yes,Yes,Fiber optic,No,No,No,No,Yes,Yes,Month-to-month,No,Credit card (automatic),121.68,6424.67,Yes,49m+
C00286,Male,0,Yes,No,30,No,No phone service,No,No internet service,No internet service,No internet service,No internet service,No internet service,No internet service,Two year,No,Bank transfer (automatic),24.43,742.48,No,25-48m
C00287,Male,0,Yes,No,58,No,No phone service,DSL,No,No,No,No,Yes,Yes,Two year,Yes,Mailed check,75.19,4149.96,No,49m+
C00288,Male,0,Yes,No,2,Yes,Yes,Fiber optic,No,Yes,No,Yes,No,Yes,Month-to-month,No,Mailed check,137.01,271.34,Yes,0-6m
C00289,Female,0,Yes,No,70,Yes,Yes,Fiber optic,Yes,No,Yes,Yes,Yes,No,Month-to-month,Yes,Electronic check,126.98,8840.45,No,49m+
C00290,Male,0,No,No,9,Yes,Yes,No,No internet service,No internet service,No internet service,No internet service,No internet service,No internet service,One year,No,Bank transfer (automatic),47.65,447.64,No,7-12m
C00291,Female,0,No,No,71,Yes,No,Fiber optic,Yes,No,Yes,Yes,No,No,One year,No,Mailed check,128.56,9068.0,No,49m+
C00292,Male,1,Yes,No,43,Yes,Yes,Fiber optic,No,No,Yes,Yes,Yes,No,Month-to-month,Yes,Mailed check,120.16,5209.92,No,25-48m
C00293,Male,0,No,Yes,49,Yes,No,DSL,No,Yes,No,No,No,Yes,Month-to-month,No,Mailed check,92.25,4536.59,No,49m+
C00294,Female,1,Yes,No,68,Yes,No,No,No internet service,No internet service,No internet service,No internet service,No internet service,No internet service,Two year,Yes,Electronic check,37.04,2575.86,No,49m+
C00295,Female,0,No,No,53,Yes,No,No,No internet service,No internet service,No internet service,No internet service,No internet service,No internet service,One year,No,Electronic check,40.91,2214.93,No,49m+
C00296,Male,0,Yes,No,7,Yes,Yes,Fiber optic,Yes,Yes,No,Yes,Yes,No,Month-to-month,Yes,Credit card (automatic),144.51,1038.46,Yes,7-12m
C00297,Female,0,Yes,No,69,No,No phone service,Fiber optic,Yes,No,Yes,No,No,No,Two year,Yes,Mailed check,104.67,7428.2,No,49m+
C00298,Female,1,Yes,No,56,Yes,Yes,Fiber optic,Yes,No,No,No,No,No,Month-to-month,Yes,Bank transfer (automatic),110.06,5894.58,Yes,49m+
C00299,Male,1,No,No,56,Yes,No,DSL,No,No,Yes,Yes,No,No,Month-to-month,Yes,Mailed check,96.33,5520.26,No,49m+
C00300,Male,0,Yes,Yes,71,No,No phone service,No,No internet service,No internet service,No internet service,No internet service,No internet service,No internet service,Month-to-month,No,Electronic check,25.72,1861.72,No,49m+
C00301,Male,0,No,No,12,Yes,No,DSL,Yes,Yes,Yes,No,No,Yes,One year,Yes,Credit card (automatic),104.46,1208.84,Yes,7-12m
C00302,Female,1,Yes,No,18,Yes,No,DSL,No,No,No,No,Yes,Yes,One year,No,Electronic check,98.79,1787.17,No,13-24m
C00303,Female,0,Yes,No,4,Yes,Yes,DSL,Yes,Yes,Yes,No,Yes,No,Month-to-month,No,Bank transfer (automatic),106.88,438.8,Yes,0-6m
C00304,Female,0,No,No,17,Yes,Yes,Fiber optic,Yes,No,No,Yes,No,Yes,Two year,Yes,Electronic check,123.08,2187.21,Yes,13-24m
C00305,Female,0,Yes,No,48,Yes,No,DSL,No,No,Yes,No,Yes,No,Two year,Yes,Mailed check,90.22,4424.36,No,25-48m
C00306,Male,0,No,Yes,40,Yes,Yes,DSL,No,No,No,Yes,Yes,No,Month-to-month,Yes,Credit card (automatic),110.49,4633.47,No,25-48m
C00307,Male,0,Yes,No,39,Yes,No,Fiber optic,No,No,Yes,Yes,No,No,Month-to-month,Yes,Bank transfer (automatic),111.99,4161.06,Yes,25-48m
C00308,Male,1,Yes,No,66,Yes,Yes,Fiber optic,Yes,No,Yes,Yes,No,Yes,Two year,No,Mailed check,127.1,8388.22,No,49m+
C00309,Female,0,Yes,No,22,Yes,No,Fiber optic,Yes,Yes,No,No,Yes,Yes,One year,Yes,Mailed check,137.99,2965.09,No,13-24m
C00310,Male,0,No,No,53,Yes,No,DSL,No,No,Yes,No,No,No,Month-to-month,Yes,Bank transfer (automatic),90.73,4980.94,Yes,49m+
C00311,Female,0,No,No,4,Yes,No,DSL,Yes,No,Yes,Yes,Yes,No,Two year,Yes,Bank transfer (automatic),105.84,434.7,No,0-6m
C00312,Male,0,Yes,Yes,67,Yes,No,No,No internet service,No internet service,No internet service,No internet service,No internet service,No internet service,Month-to-month,No,Credit card (automatic),39.0,2586.34,No,49m+
C00313,Male,1,No,No,70,Yes,No,Fiber optic,Yes,Yes,Yes,No,Yes,Yes,Month-to-month,No,Credit card (automatic),154.09,10779.81,No,49m+
C00314,Female,0,No,Yes,38,No,No phone service,Fiber optic,No,No,Yes,Yes,No,Yes,One year,Yes,Bank transfer (automatic),110.92,4226.36,No,25-48m
C00315,Male,0,No,No,26,Yes,Yes,No,No internet service,No internet service,No internet service,No internet service,No internet service,No internet service,Month-to-month,Yes,Mailed check,45.21,1140.53,No,25-48m
C00316,Female,0,No,No,29,Yes,No,DSL,No,Yes,Yes,No,No,No,One year,Yes,Electronic check,97.43,2847.72,No,25-48m
C00317,Male,0,No,Yes,58,Yes,No,DSL,No,Yes,No,Yes,No,Yes,One year,Yes,Electronic check,103.93,6278.0,Yes,49m+
C00318,Male,1,Yes,Yes,35,Yes,Yes,No,No internet service,No internet service,No internet service,No internet service,No internet service,No internet service,One year,Yes,Credit card (automatic),48.9,1781.95,No,25-48m
C00319,Male,0,No,No,10,Yes,No,Fiber optic,Yes,No,Yes,No,Yes,No,Month-to-month,Yes,Bank transfer (automatic),114.97,1152.1,Yes,7-12m
C00320,Male,0,Yes,Yes,30,Yes,No,DSL,Yes,No,Yes,Yes,Yes,No,Two year,Yes,Bank transfer (automatic),111.99,3419.21,No,25-48m
C00321,Male,0,Yes,No,47,Yes,No,No,No internet service,No internet service,No internet service,No internet service,No internet service,No internet service,Two year,Yes,Bank transfer (automatic),42.19,2078.1,No,25-48m
C00322,Male,0,No,Yes,58,Yes,No,Fiber optic,No,No,No,Yes,No,No,Two year,Yes,Credit card (automatic),111.02,6280.01,Yes,49m+
C00323,Female,1,No,No,62,Yes,No,DSL,No,No,Yes,No,Yes,No,Month-to-month,No,Electronic check,84.95,5482.61,Yes,49m+
C00324,Female,0,Yes,No,57,No,No phone service,No,No internet service,No internet service,No internet service,No internet service,No internet service,No internet service,Month-to-month,No,Electronic check,27.89,1663.55,Yes,49m+
C00325,Female,0,Yes,No,67,Yes,Yes,Fiber optic,No,No,No,Yes,No,No,Month-to-month,Yes,Electronic check,105.74,7141.8,No,49m+
C00326,Male,0,No,No,69,Yes,Yes,Fiber optic,Yes,Yes,No,No,No,No,Month-to-month,No,Bank transfer (automatic),130.58,8929.78,No,49m+
C00327,Female,0,Yes,Yes,18,Yes,Yes,DSL,No,Yes,No,Yes,No,No,Two year,Yes,Credit card (automatic),94.88,1623.92,Yes,13-24m
C00328,Male,0,No,Yes,27,Yes,No,Fiber optic,No,Yes,No,No,Yes,Yes,One year,No,Mailed check,119.51,3345.2,No,25-48m
C00329,Female,0,No,No,18,No,No phone service,Fiber optic,No,No,No,No,No,No,One year,Yes,Electronic check,81.02,1421.29,No,13-24m
C00330,Male,0,No,No,6,Yes,No,DSL,No,No,Yes,Yes,Yes,No,Two year,No,Credit card (automatic),95.45,565.95,Yes,0-6m
C00331,Female,0,No,No,70,Yes,Yes,No,No internet service,No internet service,No internet service,No internet service,No internet service,No internet service,Two year,Yes,Mailed check,53.5,3559.57,No,49m+
C00332,Male,0,Yes,No,41,Yes,No,Fiber optic,Yes,Yes,Yes,No,Yes,Yes,Two year,No,Mailed check,136.3,5312.85,No,25-48m
C00333,Male,1,No,No,26,Yes,Yes,Fiber optic,No,No,Yes,Yes,No,Yes,Month-to-month,Yes,Electronic check,136.03,3603.69,Yes,25-48m
C00334,Male,0,No,No,66,Yes,No,DSL,Yes,No,No,No,Yes,No,Month-to-month,Yes,Electronic check,96.1,6616.77,No,49m+
C00335,Female,0,No,No,58,Yes,Yes,Fiber optic,No,No,No,Yes,No,Yes,Two year,No,Electronic check,135.72,7886.22,Yes,49m+
C00336,Female,0,No,No,57,Yes,No,Fiber optic,Yes,No,No,Yes,No,No,Two year,Yes,Electronic check,108.92,6441.11,Yes,49m+
C00337,Male,0,Yes,No,50,Yes,No,DSL,No,No,Yes,No,No,Yes,Month-to-month,Yes,Bank transfer (automatic),98.6,4735.66,No,49m+
C00338,Male,1,No,No,21,Yes,Yes,No,No internet service,No internet service,No internet service,No internet service,No internet service,No internet service,Month-to-month,Yes,Mailed check,52.29,1134.54,No,13-24m
C00339,Male,0,No,Yes,32,Yes,No,DSL,Yes,Yes,No,Yes,Yes,No,Month-to-month,Yes,Electronic check,113.17,3640.17,Yes,25-48m
C00340,Female,1,Yes,Yes,21,Yes,No,Fiber optic,Yes,No,Yes,No,No,Yes,One year,Yes,Bank transfer (automatic),111.65,2427.31,Yes,13-24m
C00341,Female,0,No,No,71,No,No phone service,DSL,Yes,No,Yes,Yes,No,No,Month-to-month,No,Bank transfer (automatic),81.81,5926.07,No,49m+
C00342,Male,0,No,Yes,72,Yes,Yes,No,No internet service,No internet service,No internet service,No internet service,No internet service,No internet service,Two year,No,Mailed check,47.04,3268.77,No,49m+
C00343,Male,0,No,Yes,37,Yes,Yes,Fiber optic,No,No,No,No,Yes,Yes,Two year,No,Electronic check,125.76,4647.25,No,25-48m
C00344,Male,0,No,Yes,11,Yes,Yes,DSL,No,No,Yes,No,Yes,Yes,Month-to-month,Yes,Electronic check,111.96,1220.16,No,7-12m
C00345,Male,0,Yes,No,21,Yes,No,Fiber optic,No,No,Yes,Yes,Yes,No,Month-to-month,Yes,Credit card (automatic),111.85,2419.95,No,13-24m
C00346,Male,0,Yes,Yes,6,Yes,No,DSL,No,Yes,No,Yes,No,No,Month-to-month,No,Mailed check,89.47,551.17,No,0-6m
C00347,Female,0,No,No,24,Yes,No,DSL,Yes,No,No,Yes,No,Yes,Month-to-month,No,Mailed check,94.8,2201.58,No,13-24m
C00348,Female,0,No,No,25,Yes,Yes,No,No internet service,No internet service,No internet service,No internet service,No internet service,No internet service,One year,No,Credit card (automatic),52.74,1373.85,Yes,25-48m
C00349,Female,0,No,No,19,Yes,No,Fiber optic,Yes,No,Yes,No,Yes,No,Month-to-month,No,Bank transfer (automatic),130.47,2408.4,Yes,13-24m
C00350,Female,0,No,No,22,Yes,No,DSL,Yes,No,Yes,No,Yes,No,One year,No,Electronic check,99.29,2259.45,Yes,13-24m
C00351,Female,0,Yes,No,19,Yes,Yes,DSL,No,Yes,Yes,No,No,No,Two year,No,Electronic check,103.33,2002.96,No,13-24m
C00352,Male,0,Yes,No,11,Yes,No,Fiber optic,Yes,Yes,No,No,No,No,One year,Yes,Mailed check,106.44,1178.09,Yes,7-12m
C00353,Female,0,No,No,10,Yes,Yes,Fiber optic,No,Yes,No,No,Yes,No,Month-to-month,Yes,Mailed check,113.6,1093.48,Yes,7-12m
C00354,Male,1,No,Yes,4,Yes,No,No,No internet service,No internet service,No internet service,No internet service,No internet service,No internet service,Two year,No,Mailed check,42.38,165.59,No,0-6m
C00355,Male,0,Yes,No,12,Yes,Yes,No,No internet service,No internet service,No internet service,No internet service,No internet service,No internet service,Two year,Yes,Electronic check,52.31,653.21,No,7-12m
C00356,Male,0,No,No,28,Yes,No,Fiber optic,Yes,No,No,No,No,No,Two year,Yes,Electronic check,98.34,2805.88,No,25-48m
C00357,Female,0,No,No,71,Yes,No,DSL,No,No,No,No,Yes,No,Month-to-month,Yes,Credit card (automatic),89.83,6621.85,Yes,49m+
C00358,Female,0,No,No,16,Yes,No,No,No internet service,No internet service,No internet service,No internet service,No internet service,No internet service,Month-to-month,Yes,Credit card (automatic),39.97,620.28,No,13-24m
C00359,Male,0,Yes,No,18,Yes,Yes,Fiber optic,Yes,No,No,No,No,Yes,One year,Yes,Mailed check,113.15,2060.71,No,13-24m
C00360,Female,1,No,No,9,Yes,Yes,Fiber optic,Yes,Yes,No,No,No,Yes,One year,Yes,Electronic check,119.53,1075.68,No,7-12m
C00361,Female,0,Yes,No,61,Yes,No,No,No internet service,No internet service,No internet service,No internet service,No internet service,No internet service,Month-to-month,No,Electronic check,41.1,2399.43,No,49m+
C00362,Female,0,No,No,63,No,No phone service,Fiber optic,No,No,Yes,No,Yes,No,Month-to-month,No,Electronic check,93.02,5855.18,No,49m+
C00363,Female,0,No,No,43,Yes,Yes,DSL,No,Yes,No,Yes,Yes,No,Month-to-month,Yes,Mailed check,101.42,4179.97,No,25-48m
C00364,Male,0,Yes,No,57,Yes,No,DSL,Yes,No,No,No,Yes,No,One year,No,Mailed check,103.41,5998.2,No,49m+
C00365,Male,0,Yes,No,44,Yes,Yes,DSL,Yes,Yes,No,No,No,Yes,One year,No,Credit card (automatic),112.47,4867.72,No,25-48m
C00366,Female,0,No,Yes,25,Yes,No,DSL,No,Yes,Yes,Yes,Yes,No,Month-to-month,Yes,Credit card (automatic),113.22,2861.03,Yes,25-48m
C00367,Female,0,No,Yes,5,Yes,Yes,Fiber optic,No,No,Yes,No,No,No,Month-to-month,Yes,Credit card (automatic),112.27,570.45,No,0-6m
C00368,Male,0,Yes,Yes,22,Yes,No,Fiber optic,Yes,No,No,No,Yes,Yes,Month-to-month,No,Bank transfer (automatic),126.28,2804.94,Yes,13-24m
C00369,Female,0,Yes,Yes,57,Yes,No,DSL,No,No,Yes,Yes,Yes,No,Month-to-month,Yes,Mailed check,107.57,5894.34,Yes,49m+
C00370,Male,0,Yes,No,65,Yes,No,Fiber optic,No,Yes,No,No,No,Yes,Two year,Yes,Electronic check,114.13,7608.63,No,49m+
C00371,Male,1,Yes,No,70,Yes,No,Fiber optic,No,Yes,No,No,Yes,Yes,Month-to-month,Yes,Electronic check,116.48,7987.41,Yes,49m+
C00372,Male,0,No,No,2,Yes,No,Fiber optic,No,Yes,No,No,Yes,No,One year,No,Mailed check,123.72,236.14,Yes,0-6m
C00373,Female,0,No,No,51,Yes,Yes,Fiber optic,Yes,No,No,No,Yes,Yes,Month-to-month,No,Mailed check,136.5,6879.69,Yes,49m+
C00374,Male,0,Yes,No,71,Yes,No,Fiber optic,No,No,Yes,Yes,No,No,Two year,Yes,Electronic check,111.84,7726.83,Yes,49m+
C00375,Female,1,No,Yes,37,Yes,No,DSL,No,No,No,Yes,Yes,No,Month-to-month,No,Bank transfer (automatic),89.82,3452.46,Yes,25-48m
C00376,Male,0,No,No,33,Yes,No,No,No internet service,No internet service,No internet service,No internet service,No internet service,No internet service,Month-to-month,No,Credit card (automatic),42.6,1351.56,No,25-48m
C00377,Female,0,No,Yes,71,Yes,No,Fiber optic,Yes,No,No,Yes,No,No,One year,Yes,Bank transfer (automatic),108.96,7571.57,No,49m+
C00378,Female,0,No,No,62,Yes,Yes,DSL,No,Yes,No,No,No,Yes,Month-to-month,No,Credit card (automatic),110.33,6884.43,Yes,49m+
C00379,Male,0,Yes,No,54,Yes,Yes,No,No internet service,No internet service,No internet service,No internet service,No internet service,No internet service,Month-to-month,Yes,Electronic check,49.73,2719.76,Yes,49m+
C00380,Female,0,No,No,64,Yes,Yes,Fiber optic,Yes,Yes,No,No,Yes,Yes,Two year,No,Bank transfer (automatic),141.29,9060.94,No,49m+
C00381,Female,0,No,Yes,22,Yes,No,Fiber optic,No,Yes,No,No,No,Yes,Month-to-month,No,Electronic check,125.84,2883.3,Yes,13-24m
C00382,Male,0,Yes,No,26,Yes,No,Fiber optic,No,No,No,No,No,Yes,Month-to-month,No,Credit card (automatic),109.81,2818.03,Yes,25-48m
C00383,Male,0,Yes,Yes,19,Yes,Yes,DSL,Yes,Yes,No,No,Yes,Yes,Month-to-month,Yes,Electronic check,121.04,2346.72,Yes,13-24m
C00384,Male,0,No,Yes,55,No,No phone service,DSL,No,No,No,No,No,No,One year,Yes,Electronic check,56.58,3205.74,No,49m+
C00385,Female,0,No,No,63,Yes,No,Fiber optic,Yes,No,No,No,Yes,Yes,Two year,No,Mailed check,131.73,8442.0,No,49m+
C00386,Female,0,No,Yes,47,Yes,No,Fiber optic,No,No,Yes,No,No,No,Month-to-month,Yes,Electronic check,102.93,4619.7,Yes,25-48m
C00387,Male,0,Yes,No,10,Yes,Yes,DSL,Yes,No,Yes,No,No,No,Month-to-month,No,Electronic check,99.34,1031.9,No,7-12m
C00388,Male,0,No,No,49,Yes,No,Fiber optic,Yes,Yes,No,No,No,No,Month-to-month,No,Electronic check,111.3,5479.12,Yes,49m+
C00389,Female,0,No,Yes,62,Yes,No,No,No internet service,No internet service,No internet service,No internet service,No internet service,No internet service,Two year,No,Electronic check,40.24,2487.57,Yes,49m+
C00390,Female,0,Yes,Yes,61,No,No phone service,Fiber optic,No,No,Yes,No,Yes,Yes,Two year,No,Mailed check,106.5,6518.3,Yes,49m+
C00391,Female,0,Yes,No,30,Yes,Yes,Fiber optic,No,Yes,Yes,No,No,No,Two year,No,Credit card (automatic),122.81,3681.85,Yes,25-48m
C00392,Female,0,Yes,No,68,Yes,No,Fiber optic,No,No,Yes,No,No,No,One year,Yes,Bank transfer (automatic),96.91,6874.99,No,49m+
C00393,Male,0,Yes,No,49,Yes,Yes,Fiber optic,Yes,No,No,No,No,No,Month-to-month,Yes,Electronic check,111.81,5551.99,Yes,49m+
C00394,Female,0,Yes,Yes,72,Yes,Yes,Fiber optic,Yes,No,Yes,No,No,No,One year,Yes,Credit card (automatic),118.77,8537.92,No,49m+
C00395,Male,0,Yes,Yes,11,Yes,No,Fiber optic,Yes,Yes,No,No,Yes,Yes,Two year,Yes,Electronic check,145.65,1620.32,Yes,7-12m
C00396,Female,0,Yes,No,7,Yes,No,No,No internet service,No internet service,No internet service,No internet service,No internet service,No internet service,Month-to-month,Yes,Mailed check,44.06,317.81,Yes,7-12m
C00397,Male,1,Yes,No,23,Yes,Yes,Fiber optic,Yes,Yes,Yes,No,Yes,No,One year,Yes,Mailed check,145.21,3462.35,No,13-24m
C00398,Male,0,No,Yes,9,Yes,Yes,No,No internet service,No internet service,No internet service,No internet service,No internet service,No internet service,One year,No,Electronic check,48.41,440.82,No,7-12m
C00399,Male,1,No,Yes,28,Yes,No,Fiber optic,Yes,No,No,No,No,No,One year,Yes,Credit card (automatic),104.2,2848.28,Yes,25-48m
C00400,Male,1,Yes,No,43,Yes,No,No,No internet service,No internet service,No internet service,No internet service,No internet service,No internet service,One year,Yes,Mailed check,38.67,1647.77,No,25-48m
C00401,Female,0,No,No,68,Yes,No,Fiber optic,No,No,No,Yes,No,No,Month-to-month,No,Credit card (automatic),115.38,7743.07,Yes,49m+
C00402,Male,1,Yes,Yes,49,Yes,Yes,No,No internet service,No internet service,No internet service,No internet service,No internet service,No internet service,Month-to-month,Yes,Electronic check,49.05,2318.72,No,49m+
C00403,Male,0,No,No,69,No,No phone service,DSL,Yes,Yes,No,No,No,Yes,Two year,Yes,Electronic check,86.73,5712.72,No,49m+
C00404,Male,0,No,No,28,Yes,Yes,No,No internet service,No internet service,No internet service,No internet service,No internet service,No internet service,Two year,Yes,Bank transfer (automatic),46.89,1253.45,No,25-48m
C00405,Male,0,Yes,No,26,Yes,No,Fiber optic,No,Yes,No,No,No,No,Month-to-month,No,Mailed check,101.49,2703.35,Yes,25-48m
C00406,Male,1,Yes,Yes,47,Yes,Yes,DSL,No,No,No,No,No,Yes,Month-to-month,No,Mailed check,100.9,4911.42,No,25-48m
C00407,Male,0,Yes,No,47,Yes,Yes,Fiber optic,No,No,No,No,No,No,One year,Yes,Mailed check,108.56,4883.93,Yes,25-48m
C00408,Female,0,Yes,Yes,57,Yes,No,DSL,Yes,No,No,No,Yes,Yes,Two year,Yes,Bank transfer (automatic),103.06,5702.8,No,49m+
C00409,Male,0,Yes,No,61,Yes,No,No,No internet service,No internet service,No internet service,No internet service,No internet service,No internet service,Month-to-month,Yes,Electronic check,37.2,2216.67,No,49m+
C00410,Male,0,Yes,No,36,Yes,Yes,Fiber optic,No,No,No,No,Yes,Yes,Two year,Yes,Bank transfer (automatic),117.49,4321.3,No,25-48m
C00411,Male,0,No,No,28,Yes,Yes,Fiber optic,No,Yes,No,No,No,Yes,One year,Yes,Electronic check,124.08,3440.47,No,25-48m
C00412,Male,0,No,No,54,Yes,Yes,DSL,No,Yes,No,No,Yes,No,Month-to-month,Yes,Electronic check,96.2,5400.01,No,49m+
C00413,Female,0,Yes,No,50,Yes,No,Fiber optic,No,Yes,Yes,Yes,No,Yes,Month-to-month,Yes,Bank transfer (automatic),140.97,6906.73,Yes,49m+
C00414,Male,0,Yes,Yes,10,Yes,Yes,Fiber optic,No,No,Yes,No,No,Yes,Month-to-month,Yes,Credit card (automatic),130.63,1308.97,No,7-12m
C00415,Female,0,No,No,33,Yes,No,No,No internet service,No internet service,No internet service,No internet service,No internet service,No internet service,One year,No,Credit card (automatic),38.15,1300.95,No,25-48m
C00416,Female,0,No,No,41,Yes,Yes,No,No internet service,No internet service,No internet service,No internet service,No internet service,No internet service,Two year,Yes,Credit card (automatic),52.28,2167.26,Yes,25-48m
C00417,Male,0,No,No,16,Yes,No,DSL,Yes,Yes,Yes,No,No,No,Month-to-month,Yes,Electronic check,92.02,1406.69,No,13-24m
C00418,Male,0,Yes,No,13,Yes,No,DSL,No,Yes,No,No,Yes,Yes,Two year,Yes,Bank transfer (automatic),105.94,1423.07,Yes,13-24m
C00419,Female,0,No,No,38,Yes,No,No,No internet service,No internet service,No internet service,No internet service,No internet service,No internet service,Two year,No,Electronic check,37.7,1448.28,No,25-48m
C00420,Female,0,No,Yes,42,Yes,No,Fiber optic,No,Yes,No,No,No,No,Month-to-month,Yes,Electronic check,99.39,4174.46,No,25-48m
C00421,Male,0,No,No,39,Yes,No,Fiber optic,No,No,No,No,Yes,No,One year,Yes,Bank transfer (automatic),107.11,4325.83,No,25-48m
C00422,Female,0,No,No,27,Yes,No,DSL,No,No,No,No,Yes,No,Month-to-month,Yes,Bank transfer (automatic),80.72,2233.12,Yes,25-48m
C00423,Female,0,No,No,68,Yes,No,Fiber optic,Yes,Yes,No,No,No,No,Month-to-month,Yes,Electronic check,120.77,8397.07,No,49m+
C00424,Male,1,Yes,Yes,65,No,No phone service,DSL,No,Yes,No,No,Yes,No,Month-to-month,No,Electronic check,75.05,4787.12,Yes,49m+
C00425,Female,0,Yes,No,32,Yes,No,No,No internet service,No internet service,No internet service,No internet service,No internet service,No internet service,Month-to-month,No,Bank transfer (automatic),38.06,1241.14,No,25-48m
C00426,Male,1,Yes,No,56,Yes,No,Fiber optic,Yes,No,No,Yes,Yes,No,Month-to-month,Yes,Mailed check,120.36,6698.57,Yes,49m+
C00427,Male,0,No,Yes,49,Yes,Yes,No,No internet service,No internet service,No internet service,No internet service,No internet service,No internet service,One year,No,Bank transfer (automatic),50.59,2473.21,No,49m+
C00428,Female,0,Yes,No,69,Yes,No,No,No internet service,No internet service,No internet service,No internet service,No internet service,No internet service,Month-to-month,No,Electronic check,39.38,2846.1,No,49m+
C00429,Male,1,No,Yes,26,Yes,No,DSL,No,No,No,No,Yes,Yes,One year,No,Bank transfer (automatic),101.43,2542.64,No,25-48m
C00430,Female,0,Yes,No,15,Yes,Yes,Fiber optic,Yes,Yes,No,No,No,Yes,Month-to-month,Yes,Electronic check,121.05,1784.28,Yes,13-24m
C00431,Male,0,Yes,Yes,54,Yes,Yes,Fiber optic,Yes,No,Yes,Yes,No,No,Month-to-month,Yes,Bank transfer (automatic),128.59,7156.69,Yes,49m+
C00432,Female,0,Yes,No,72,Yes,No,Fiber optic,No,Yes,No,Yes,No,No,Month-to-month,Yes,Electronic check,103.35,7754.79,Yes,49m+
C00433,Male,0,No,No,9,Yes,No,No,No internet service,No internet service,No internet service,No internet service,No internet service,No internet service,One year,Yes,Electronic check,37.45,339.65,No,7-12m
C00434,Female,1,No,No,57,Yes,No,DSL,No,No,Yes,No,Yes,No,One year,No,Mailed check,101.8,5879.47,Yes,49m+
C00435,Male,0,Yes,No,60,Yes,No,Fiber optic,No,Yes,No,No,No,Yes,Month-to-month,No,Bank transfer (automatic),108.18,6341.1,No,49m+
C00436,Male,0,Yes,No,41,No,No phone service,DSL,No,No,Yes,No,No,No,Month-to-month,Yes,Bank transfer (automatic),70.01,2914.41,Yes,25-48m
C00437,Female,0,Yes,No,18,Yes,No,No,No internet service,No internet service,No internet service,No internet service,No internet service,No internet service,Month-to-month,Yes,Electronic check,38.4,685.22,Yes,13-24m
C00438,Female,0,Yes,No,63,Yes,No,Fiber optic,Yes,No,Yes,No,No,Yes,Two year,Yes,Credit card (automatic),113.24,7238.11,Yes,49m+
C00439,Female,0,Yes,No,40,Yes,No,No,No internet service,No internet service,No internet service,No internet service,No internet service,No internet service,Month-to-month,Yes,Electronic check,41.4,1639.82,Yes,25-48m
C00440,Male,1,Yes,No,18,Yes,No,DSL,No,No,Yes,No,Yes,Yes,Month-to-month,No,Electronic check,104.3,1889.45,Yes,13-24m
C00441,Male,0,No,No,16,Yes,No,DSL,Yes,No,No,No,No,No,Month-to-month,Yes,Electronic check,89.34,1466.46,Yes,13-24m
C00442,Male,0,Yes,No,25,Yes,No,Fiber optic,No,No,No,No,No,No,Month-to-month,Yes,Credit card (automatic),88.11,2162.22,Yes,25-48m
C00443,Female,0,No,Yes,1,Yes,No,DSL,No,Yes,No,Yes,Yes,No,Two year,Yes,Bank transfer (automatic),107.06,103.95,Yes,0-6m
C00444,Male,0,No,No,45,Yes,No,DSL,No,Yes,No,No,No,No,Month-to-month,Yes,Credit card (automatic),81.59,3535.33,Yes,25-48m
C00445,Male,0,Yes,Yes,44,Yes,No,No,No internet service,No internet service,No internet service,No internet service,No internet service,No internet service,One year,Yes,Credit card (automatic),40.93,1738.56,No,25-48m
C00446,Female,0,No,Yes,41,Yes,No,DSL,No,No,No,No,No,No,One year,Yes,Electronic check,73.72,2906.7,Yes,25-48m
C00447,Male,0,No,Yes,51,Yes,No,DSL,No,No,No,No,Yes,No,Month-to-month,No,Mailed check,89.02,4413.46,No,49m+
C00448,Female,0,No,No,72,Yes,No,No,No internet service,No internet service,No internet service,No internet service,No internet service,No internet service,Two year,Yes,Electronic check,40.05,2977.67,No,49m+
C00449,Female,0,Yes,No,71,Yes,Yes,No,No internet service,No internet service,No internet service,No internet service,No internet service,No internet service,Month-to-month,Yes,Credit card (automatic),47.49,3531.29,No,49m+
C00450,Male,0,Yes,Yes,26,Yes,Yes,No,No internet service,No internet service,No internet service,No internet service,No internet service,No internet service,Month-to-month,Yes,Electronic check,53.38,1414.69,No,25-48m
C00451,Male,0,Yes,No,51,Yes,No,DSL,No,Yes,No,Yes,No,Yes,Month-to-month,Yes,Mailed check,102.3,5338.72,No,49m+
C00452,Female,0,No,No,41,Yes,No,DSL,Yes,Yes,Yes,No,No,No,One year,Yes,Credit card (automatic),107.07,4364.99,No,25-48m
C00453,Male,0,No,Yes,26,Yes,Yes,Fiber optic,No,No,No,Yes,No,No,Month-to-month,Yes,Bank transfer (automatic),120.3,3127.68,Yes,25-48m
C00454,Female,0,Yes,Yes,42,Yes,Yes,DSL,No,Yes,No,Yes,No,Yes,Month-to-month,Yes,Credit card (automatic),120.28,4917.19,No,25-48m
C00455,Female,0,No,Yes,5,Yes,No,Fiber optic,No,No,No,No,Yes,No,One year,Yes,Electronic check,113.01,557.47,Yes,0-6m
C00456,Female,0,No,No,4,Yes,No,Fiber optic,No,No,No,Yes,No,No,Month-to-month,Yes,Electronic check,109.94,436.95,Yes,0-6m
C00457,Female,0,No,Yes,28,Yes,Yes,DSL,No,Yes,Yes,Yes,Yes,Yes,Two year,Yes,Electronic check,122.96,3593.03,No,25-48m
C00458,Female,1,Yes,No,31,Yes,Yes,DSL,No,Yes,No,Yes,Yes,No,Two year,Yes,Bank transfer (automatic),106.81,3187.62,Yes,25-48m
C00459,Male,0,No,No,10,Yes,No,Fiber optic,Yes,No,No,No,No,No,Month-to-month,Yes,Mailed check,98.23,990.32,No,7-12m
C00460,Male,0,Yes,No,6,Yes,Yes,Fiber optic,Yes,No,Yes,Yes,Yes,Yes,One year,No,Mailed check,155.36,919.1,No,0-6m
C00461,Female,0,No,No,63,Yes,Yes,DSL,No,Yes,Yes,Yes,Yes,Yes,Month-to-month,Yes,Credit card (automatic),117.72,7282.78,No,49m+
C00462,Male,0,No,Yes,20,Yes,No,DSL,No,No,Yes,Yes,Yes,No,Month-to-month,Yes,Electronic check,107.52,2217.14,No,13-24m
C00463,Female,0,Yes,No,61,No,No phone service,Fiber optic,Yes,Yes,No,No,No,No,Month-to-month,No,Credit card (automatic),93.29,5809.44,Yes,49m+
C00464,Female,0,Yes,No,1,Yes,No,Fiber optic,Yes,Yes,No,No,Yes,No,One year,No,Mailed check,114.49,116.74,Yes,0-6m
C00465,Male,0,No,Yes,37,No,No phone service,No,No internet service,No internet service,No internet service,No internet service,No internet service,No internet service,Month-to-month,No,Bank transfer (automatic),27.02,992.92,No,25-48m
C00466,Female,1,No,No,4,Yes,No,Fiber optic,Yes,No,No,No,No,Yes,Month-to-month,No,Credit card (automatic),105.07,435.09,Yes,0-6m
C00467,Male,0,No,No,70,Yes,No,No,No internet service,No internet service,No internet service,No internet service,No internet service,No internet service,Month-to-month,Yes,Bank transfer (automatic),42.43,3014.89,No,49m+
C00468,Female,0,Yes,No,14,Yes,No,Fiber optic,No,Yes,Yes,No,Yes,Yes,Month-to-month,Yes,Electronic check,141.17,1988.71,No,13-24m
C00469,Female,0,Yes,No,64,Yes,No,Fiber optic,Yes,Yes,No,No,Yes,No,Month-to-month,Yes,Credit card (automatic),131.8,8314.04,No,49m+
C00470,Male,0,Yes,Yes,7,Yes,Yes,No,No internet service,No internet service,No internet service,No internet service,No internet service,No internet service,One year,No,Credit card (automatic),52.68,362.06,Yes,7-12m
C00471,Female,0,Yes,No,3,No,No phone service,Fiber optic,No,Yes,No,Yes,No,Yes,One year,Yes,Electronic check,109.08,324.62,Yes,0-6m
C00472,Female,0,Yes,No,62,Yes,No,DSL,No,Yes,Yes,Yes,No,No,One year,No,Credit card (automatic),105.71,6355.97,No,49m+
C00473,Female,0,No,No,8,Yes,No,No,No internet service,No internet service,No internet service,No internet service,No internet service,No internet service,Month-to-month,Yes,Bank transfer (automatic),44.51,341.68,Yes,7-12m
C00474,Male,0,No,No,12,Yes,No,No,No internet service,No internet service,No internet service,No internet service,No internet service,No internet service,Month-to-month,Yes,Mailed check,37.68,448.52,Yes,7-12m
C00475,Female,0,No,Yes,44,No,No phone service,DSL,No,No,No,No,Yes,Yes,Month-to-month,Yes,Electronic check,87.51,3871.28,No,25-48m
C00476,Male,0,Yes,No,59,No,No phone service,No,No internet service,No internet service,No internet service,No internet service,No internet service,No internet service,Two year,Yes,Credit card (automatic),23.24,1322.97,No,49m+
C00477,Female,0,Yes,No,20,Yes,No,DSL,No,No,No,No,No,No,Month-to-month,Yes,Mailed check,77.65,1498.98,Yes,13-24m
C00478,Female,1,No,No,68,Yes,Yes,No,No internet service,No internet service,No internet service,No internet service,No internet service,No internet service,One year,Yes,Credit card (automatic),51.86,3648.39,Yes,49m+
C00479,Male,1,Yes,Yes,15,Yes,No,Fiber optic,No,Yes,Yes,No,No,No,One year,No,Electronic check,102.94,1542.22,Yes,13-24m
C00480,Male,0,Yes,Yes,41,Yes,Yes,Fiber optic,Yes,Yes,Yes,Yes,No,No,Month-to-month,Yes,Mailed check,147.79,6218.63,No,25-48m
C00481,Male,1,Yes,No,3,No,No phone service,Fiber optic,No,No,Yes,No,No,No,One year,No,Electronic check,87.9,261.27,No,0-6m
C00482,Male,0,No,No,56,No,No phone service,No,No internet service,No internet service,No internet service,No internet service,No internet service,No internet service,Month-to-month,Yes,Credit card (automatic),27.79,1493.63,Yes,49m+
C00483,Female,1,No,No,1,Yes,No,No,No internet service,No internet service,No internet service,No internet service,No internet service,No internet service,Month-to-month,Yes,Mailed check,40.54,39.49,No,0-6m
C00484,Male,0,No,No,35,Yes,No,No,No internet service,No internet service,No internet service,No internet service,No internet service,No internet service,Month-to-month,Yes,Electronic check,41.09,1430.84,No,25-48m
C00485,Female,0,Yes,Yes,1,Yes,Yes,Fiber optic,No,No,No,Yes,Yes,No,Month-to-month,Yes,Electronic check,124.39,125.06,Yes,0-6m
C00486,Female,0,Yes,No,29,No,No phone service,DSL,No,Yes,Yes,No,Yes,No,Month-to-month,Yes,Electronic check,91.94,2579.93,No,25-48m
C00487,Male,0,Yes,Yes,50,Yes,Yes,Fiber optic,No,Yes,Yes,No,No,No,One year,Yes,Bank transfer (automatic),130.46,6737.2,Yes,49m+
C00488,Female,1,No,No,37,Yes,No,Fiber optic,No,No,No,No,Yes,Yes,Month-to-month,No,Credit card (automatic),121.5,4585.75,No,25-48m
C00489,Female,0,Yes,Yes,44,Yes,Yes,DSL,No,Yes,No,No,No,No,Month-to-month,Yes,Bank transfer (automatic),94.63,4129.89,Yes,25-48m
C00490,Female,0,No,Yes,61,Yes,Yes,DSL,No,Yes,Yes,Yes,No,No,Month-to-month,Yes,Electronic check,108.97,6327.85,No,49m+
C00491,Female,1,Yes,No,31,Yes,Yes,Fiber optic,Yes,Yes,Yes,No,No,No,Month-to-month,No,Electronic check,135.4,4129.81,Yes,25-48m
C00492,Female,0,Yes,No,26,Yes,Yes,DSL,Yes,Yes,No,No,No,Yes,Month-to-month,Yes,Mailed check,110.82,2782.73,No,25-48m
C00493,Male,0,No,No,6,Yes,Yes,Fiber optic,Yes,Yes,Yes,No,No,Yes,One year,No,Bank transfer (automatic),134.84,815.27,Yes,0-6m
C00494,Male,1,Yes,Yes,24,Yes,Yes,Fiber optic,Yes,No,Yes,No,No,No,Month-to-month,No,Electronic check,120.43,2914.66,No,13-24m
C00495,Female,0,No,Yes,41,Yes,Yes,Fiber optic,No,No,No,Yes,No,No,Month-to-month,No,Mailed check,105.83,4215.05,Yes,25-48m
C00496,Female,0,No,No,46,Yes,No,DSL,No,No,No,No,Yes,No,Month-to-month,No,Electronic check,93.92,4152.91,Yes,25-48m
C00497,Male,0,Yes,No,47,Yes,Yes,DSL,No,No,No,No,Yes,Yes,Month-to-month,No,Credit card (automatic),104.93,4689.91,Yes,25-48m
C00498,Female,0,Yes,No,72,Yes,No,No,No internet service,No internet service,No internet service,No internet service,No internet service,No internet service,One year,No,Bank transfer (automatic),41.9,3055.63,No,49m+
C00499,Male,0,No,No,50,Yes,Yes,Fiber optic,No,No,No,No,No,Yes,One year,No,Electronic check,117.39,5924.44,Yes,49m+
C00500,Male,0,Yes,No,60,Yes,Yes,DSL,No,Yes,No,No,No,No,Month-to-month,Yes,Credit card (automatic),88.56,5162.23,No,49m+
C00501,Male,0,Yes,No,28,Yes,No,Fiber optic,No,Yes,No,Yes,Yes,No,Month-to-month,No,Bank transfer (automatic),135.52,3898.97,No,25-48m
C00502,Male,0,No,No,38,Yes,Yes,DSL,Yes,No,No,No,Yes,Yes,One year,No,Mailed check,115.7,4340.99,No,25-48m
C00503,Female,0,No,No,44,Yes,No,Fiber optic,No,Yes,No,No,Yes,No,Month-to-month,Yes,Electronic check,119.55,5445.44,Yes,25-48m
C00504,Male,0,Yes,No,20,No,No phone service,Fiber optic,No,No,Yes,No,No,No,Month-to-month,No,Credit card (automatic),82.0,1645.5,Yes,13-24m
C00505,Female,0,No,No,57,Yes,Yes,DSL,Yes,No,Yes,No,Yes,No,One year,No,Credit card (automatic),102.35,5792.96,No,49m+
C00506,Female,0,No,No,44,Yes,No,No,No internet service,No internet service,No internet service,No internet service,No internet service,No internet service,Month-to-month,Yes,Credit card (automatic),44.78,1929.46,No,25-48m
C00507,Female,0,Yes,No,23,Yes,No,Fiber optic,No,No,Yes,No,Yes,Yes,Two year,No,Mailed check,124.86,2834.45,No,13-24m
C00508,Male,0,No,Yes,12,Yes,No,DSL,No,Yes,Yes,No,No,Yes,One year,Yes,Electronic check,101.76,1245.81,No,7-12m
C00509,Male,1,No,No,60,Yes,No,DSL,Yes,Yes,Yes,No,No,No,Month-to-month,Yes,Bank transfer (automatic),105.89,6187.52,Yes,49m+
C00510,Female,0,Yes,No,48,Yes,Yes,Fiber optic,No,No,No,No,No,No,One year,No,Electronic check,105.78,5173.71,No,25-48m
C00511,Female,0,No,No,46,Yes,Yes,No,No internet service,No internet service,No internet service,No internet service,No internet service,No internet service,Month-to-month,No,Electronic check,45.79,2134.34,No,25-48m
C00512,Male,0,No,No,2,Yes,No,DSL,Yes,No,No,No,No,No,One year,No,Mailed check,92.3,190.52,No,0-6m
C00513,Male,0,Yes,Yes,72,Yes,Yes,DSL,Yes,Yes,Yes,No,No,Yes,Month-to-month,Yes,Electronic check,122.41,8991.64,No,49m+
C00514,Male,0,No,No,13,No,No phone service,DSL,No,No,No,Yes,No,No,One year,Yes,Credit card (automatic),69.59,913.65,No,13-24m
C00515,Female,0,No,No,67,No,No phone service,No,No internet service,No internet service,No internet service,No internet service,No internet service,No internet service,Month-to-month,Yes,Electronic check,24.65,1657.64,No,49m+
C00516,Male,0,Yes,No,54,Yes,Yes,No,No internet service,No internet service,No internet service,No internet service,No internet service,No internet service,Two year,Yes,Credit card (automatic),47.85,2645.09,No,49m+
C00517,Female,0,Yes,No,28,Yes,No,DSL,Yes,No,Yes,No,No,Yes,Month-to-month,Yes,Electronic check,97.37,2735.73,No,25-48m
C00518,Female,0,Yes,No,23,Yes,Yes,DSL,No,Yes,No,No,No,No,Two year,Yes,Electronic check,88.82,1970.55,Yes,13-24m
C00519,Female,0,No,No,72,Yes,Yes,DSL,No,Yes,Yes,No,No,No,Month-to-month,No,Bank transfer (automatic),102.13,7588.88,Yes,49m+
C00520,Male,0,No,No,13,No,No phone service,No,No internet service,No internet service,No internet service,No internet service,No internet service,No internet service,Two year,No,Credit card (automatic),23.49,298.2,No,13-24m
C00521,Female,0,Yes,No,72,Yes,No,Fiber optic,Yes,Yes,No,No,No,No,Month-to-month,No,Credit card (automatic),110.02,7723.31,No,49m+
C00522,Female,1,Yes,Yes,66,No,No phone service,No,No internet service,No internet service,No internet service,No internet service,No internet service,No internet service,Month-to-month,No,Mailed check,24.89,1709.5,No,49m+
C00523,Male,0,No,Yes,57,Yes,No,Fiber optic,No,No,No,No,Yes,No,Two year,Yes,Mailed check,105.14,6029.42,Yes,49m+
C00524,Female,0,No,No,1,Yes,Yes,Fiber optic,Yes,Yes,No,No,Yes,Yes,Two year,No,Electronic check,144.98,144.16,No,0-6m
C00525,Male,0,No,No,8,No,No phone service,DSL,Yes,Yes,No,No,No,Yes,Two year,No,Bank transfer (automatic),84.95,650.41,No,7-12m
C00526,Male,0,Yes,Yes,57,Yes,No,Fiber optic,Yes,No,Yes,No,Yes,Yes,Month-to-month,Yes,Bank transfer (automatic),124.77,7117.87,Yes,49m+
C00527,Female,0,Yes,No,20,Yes,No,DSL,No,No,No,No,No,No,Two year,No,Electronic check,81.66,1622.16,No,13-24m
C00528,Female,0,No,Yes,60,Yes,Yes,Fiber optic,Yes,Yes,No,Yes,Yes,Yes,Month-to-month,Yes,Electronic check,164.89,10107.16,Yes,49m+
C00529,Male,1,Yes,No,36,Yes,Yes,Fiber optic,No,Yes,No,Yes,No,No,Month-to-month,Yes,Electronic check,127.57,4694.28,Yes,25-48m
C00530,Female,0,No,Yes,23,Yes,Yes,Fiber optic,No,No,Yes,No,No,No,Month-to-month,Yes,Credit card (automatic),103.54,2281.96,Yes,13-24m
C00531,Male,0,No,Yes,16,Yes,Yes,No,No internet service,No internet service,No internet service,No internet service,No internet service,No internet service,One year,Yes,Electronic check,44.87,715.39,No,13-24m
C00532,Female,0,No,No,54,Yes,Yes,Fiber optic,Yes,Yes,No,No,Yes,No,One year,Yes,Mailed check,137.26,7433.86,No,49m+
C00533,Male,0,No,No,13,Yes,No,No,No internet service,No internet service,No internet service,No internet service,No internet service,No internet service,Month-to-month,No,Credit card (automatic),37.43,507.68,No,13-24m
C00534,Female,0,No,No,48,Yes,Yes,DSL,Yes,Yes,No,Yes,Yes,No,Month-to-month,Yes,Credit card (automatic),110.87,5430.29,Yes,25-48m
C00535,Female,1,Yes,No,30,Yes,No,No,No internet service,No internet service,No internet service,No internet service,No internet service,No internet service,Two year,No,Bank transfer (automatic),38.79,1182.46,No,25-48m
C00536,Female,0,No,No,33,Yes,No,DSL,Yes,No,Yes,No,Yes,Yes,Month-to-month,No,Mailed check,108.62,3410.33,Yes,25-48m
C00537,Male,0,Yes,No,60,Yes,No,DSL,No,No,Yes,No,No,Yes,Month-to-month,Yes,Electronic check,98.85,5735.84,Yes,49m+
C00538,Male,0,No,No,41,Yes,No,Fiber optic,Yes,No,Yes,No,No,No,Two year,No,Electronic check,110.93,4353.24,Yes,25-48m
C00539,Female,0,No,No,3,Yes,No,No,No internet service,No internet service,No internet service,No internet service,No internet service,No internet service,Two year,No,Electronic check,44.11,129.36,No,0-6m
C00540,Female,0,Yes,No,42,Yes,Yes,DSL,No,No,No,No,No,Yes,Month-to-month,Yes,Electronic check,89.74,3776.41,Yes,25-48m
C00541,Female,0,No,No,53,Yes,Yes,DSL,Yes,Yes,No,Yes,Yes,No,One year,Yes,Bank transfer (automatic),117.72,6026.97,No,49m+
C00542,Male,1,Yes,No,2,Yes,No,DSL,Yes,No,No,No,Yes,Yes,Month-to-month,No,Credit card (automatic),103.8,205.39,No,0-6m
C00543,Male,0,Yes,No,26,Yes,No,No,No internet service,No internet service,No internet service,No internet service,No internet service,No internet service,Month-to-month,No,Credit card (automatic),39.57,995.14,Yes,25-48m
C00544,Female,0,Yes,Yes,10,Yes,Yes,DSL,No,Yes,No,Yes,No,No,Month-to-month,Yes,Credit card (automatic),97.21,939.33,Yes,7-12m
C00545,Female,0,Yes,No,57,Yes,No,DSL,No,No,No,No,No,No,One year,Yes,Mailed check,76.77,4521.09,No,49m+
C00546,Male,0,No,No,54,Yes,No,Fiber optic,No,No,No,Yes,Yes,Yes,One year,No,Electronic check,132.08,7244.34,No,49m+
C00547,Female,0,Yes,No,11,Yes,No,No,No internet service,No internet service,No internet service,No internet service,No internet service,No internet service,Month-to-month,Yes,Bank transfer (automatic),41.07,452.42,Yes,7-12m
C00548,Female,0,No,No,37,Yes,No,DSL,Yes,No,Yes,Yes,No,Yes,Month-to-month,Yes,Bank transfer (automatic),120.46,4521.8,No,25-48m
C00549,Female,0,Yes,Yes,65,Yes,No,No,No internet service,No internet service,No internet service,No internet service,No internet service,No internet service,One year,No,Credit card (automatic),41.07,2566.27,No,49m+
C00550,Female,0,No,No,27,Yes,No,DSL,No,No,No,No,No,No,Two year,Yes,Mailed check,74.47,1912.59,No,25-48m
C00551,Male,0,No,Yes,65,Yes,No,Fiber optic,Yes,No,No,No,No,No,One year,No,Electronic check,107.59,6648.43,Yes,49m+
C00552,Female,0,No,No,26,Yes,Yes,Fiber optic,Yes,Yes,No,No,No,No,One year,Yes,Mailed check,114.18,3090.63,Yes,25-48m
C00553,Male,0,Yes,Yes,58,Yes,Yes,DSL,No,No,No,No,No,Yes,Two year,Yes,Bank transfer (automatic),102.14,6104.14,Yes,49m+
C00554,Female,0,Yes,No,48,Yes,No,DSL,No,No,No,Yes,Yes,Yes,Month-to-month,Yes,Credit card (automatic),103.82,5155.26,Yes,25-48m
C00555,Male,0,Yes,No,62,Yes,No,Fiber optic,No,Yes,Yes,Yes,No,Yes,Two year,No,Bank transfer (automatic),132.4,7873.76,No,49m+
C00556,Male,0,No,No,1,Yes,Yes,DSL,Yes,Yes,No,No,No,No,Two year,Yes,Electronic check,104.17,101.98,Yes,0-6m
C00557,Female,0,No,No,68,Yes,No,Fiber optic,Yes,Yes,Yes,No,No,No,Month-to-month,Yes,Bank transfer (automatic),119.99,8200.1,Yes,49m+
C00558,Male,0,Yes,Yes,66,No,No phone service,No,No internet service,No internet service,No internet service,No internet service,No internet service,No internet service,Month-to-month,Yes,Electronic check,25.43,1733.8,No,49m+
C00559,Female,0,No,No,19,No,No phone service,No,No internet service,No internet service,No internet service,No internet service,No internet service,No internet service,One year,Yes,Electronic check,23.17,454.13,No,13-24m
C00560,Male,0,No,Yes,17,Yes,No,No,No internet service,No internet service,No internet service,No internet service,No internet service,No internet service,Month-to-month,Yes,Mailed check,39.46,649.1,No,13-24m
C00561,Male,0,No,No,31,Yes,No,Fiber optic,No,No,Yes,No,No,No,Month-to-month,No,Bank transfer (automatic),109.12,3530.32,Yes,25-48m
C00562,Female,0,No,Yes,34,Yes,Yes,DSL,No,No,No,No,No,Yes,Month-to-month,No,Credit card (automatic),95.22,3397.16,Yes,25-48m
C00563,Female,0,Yes,No,72,Yes,No,No,No internet service,No internet service,No internet service,No internet service,No internet service,No internet service,Two year,No,Mailed check,40.9,2837.88,No,49m+
C00564,Female,0,Yes,Yes,54,Yes,No,DSL,Yes,No,No,No,No,No,Two year,No,Bank transfer (automatic),81.4,4607.88,No,49m+
C00565,Male,0,Yes,No,34,Yes,No,Fiber optic,No,Yes,No,No,No,No,Month-to-month,Yes,Electronic check,102.42,3603.12,No,25-48m
C00566,Female,0,No,Yes,63,Yes,No,Fiber optic,No,Yes,No,Yes,Yes,No,Month-to-month,Yes,Electronic check,113.11,7271.6,Yes,49m+
C00567,Female,0,Yes,No,66,Yes,No,DSL,Yes,No,No,Yes,No,No,Two year,No,Bank transfer (automatic),102.92,6610.9,No,49m+
C00568,Female,0,Yes,Yes,41,Yes,No,Fiber optic,Yes,No,No,No,No,No,One year,Yes,Credit card (automatic),102.82,4379.48,Yes,25-48m
C00569,Male,0,No,No,48,Yes,Yes,No,No internet service,No internet service,No internet service,No internet service,No internet service,No internet service,Two year,Yes,Bank transfer (automatic),48.71,2312.75,No,25-48m
C00570,Female,0,Yes,No,49,Yes,No,DSL,No,Yes,Yes,Yes,No,No,One year,No,Bank transfer (automatic),100.4,4864.45,No,49m+
C00571,Female,0,No,No,39,Yes,Yes,Fiber optic,Yes,Yes,No,Yes,No,No,One year,Yes,Electronic check,131.1,4945.25,Yes,25-48m
C00572,Male,1,No,No,69,Yes,No,Fiber optic,No,No,No,No,No,No,Month-to-month,Yes,Bank transfer (automatic),92.94,6273.67,Yes,49m+
C00573,Male,1,No,No,45,Yes,No,Fiber optic,No,No,No,No,No,No,Month-to-month,Yes,Mailed check,87.72,3894.09,Yes,25-48m
C00574,Male,0,No,No,44,Yes,No,DSL,No,No,Yes,No,No,No,One year,Yes,Credit card (automatic),78.46,3353.18,No,25-48m
C00575,Male,0,No,No,71,Yes,No,No,No internet service,No internet service,No internet service,No internet service,No internet service,No internet service,Month-to-month,Yes,Credit card (automatic),41.69,3042.6,No,49m+
C00576,Male,0,No,Yes,27,Yes,No,Fiber optic,No,No,No,No,No,No,Month-to-month,No,Bank transfer (automatic),88.53,2427.97,No,25-48m
C00577,Male,0,No,No,12,Yes,Yes,DSL,No,No,Yes,No,Yes,No,Month-to-month,Yes,Electronic check,104.91,1248.52,Yes,7-12m
C00578,Female,0,No,No,48,Yes,Yes,Fiber optic,Yes,No,Yes,No,Yes,Yes,Month-to-month,Yes,Electronic check,140.52,6996.19,No,25-48m
C00579,Female,0,No,Yes,13,Yes,Yes,Fiber optic,No,No,Yes,No,Yes,No,Two year,Yes,Mailed check,132.66,1728.2,No,13-24m
C00580,Female,0,Yes,No,65,Yes,Yes,No,No internet service,No internet service,No internet service,No internet service,No internet service,No internet service,Month-to-month,Yes,Bank transfer (automatic),52.61,3552.25,No,49m+
C00581,Female,0,Yes,No,33,Yes,No,Fiber optic,No,No,No,No,No,No,Month-to-month,Yes,Credit card (automatic),102.16,3468.57,No,25-48m
C00582,Female,1,Yes,Yes,43,No,No phone service,No,No internet service,No internet service,No internet service,No internet service,No internet service,No internet service,Two year,No,Bank transfer (automatic),26.23,1133.01,Yes,25-48m
C00583,Female,0,No,No,51,Yes,Yes,DSL,Yes,Yes,No,Yes,Yes,No,One year,Yes,Credit card (automatic),127.09,6311.33,No,49m+
C00584,Male,0,Yes,Yes,36,Yes,No,DSL,No,No,Yes,Yes,Yes,No,Two year,Yes,Electronic check,110.89,4191.39,No,25-48m
C00585,Male,0,No,No,34,Yes,Yes,No,No internet service,No internet service,No internet service,No internet service,No internet service,No internet service,Two year,No,Mailed check,45.64,1515.32,No,25-48m
C00586,Male,0,No,No,46,No,No phone service,No,No internet service,No internet service,No internet service,No internet service,No internet service,No internet service,Two year,No,Mailed check,24.26,1101.49,Yes,25-48m
C00587,Female,0,No,No,63,No,No phone service,DSL,No,No,No,No,No,No,Two year,No,Electronic check,63.77,3991.57,Yes,49m+
C00588,Female,0,Yes,Yes,19,Yes,No,DSL,Yes,No,Yes,No,No,Yes,Month-to-month,Yes,Electronic check,94.75,1820.44,Yes,13-24m
C00589,Male,0,No,No,45,Yes,Yes,Fiber optic,Yes,No,No,No,No,Yes,Month-to-month,No,Electronic check,128.22,5931.61,Yes,25-48m
C00590,Male,0,No,Yes,56,No,No phone service,Fiber optic,No,Yes,Yes,No,No,No,One year,No,Electronic check,98.31,5699.96,Yes,49m+
C00591,Male,0,Yes,No,60,Yes,No,No,No internet service,No internet service,No internet service,No internet service,No internet service,No internet service,Month-to-month,Yes,Electronic check,39.37,2399.71,No,49m+
C00592,Female,0,Yes,No,55,Yes,No,Fiber optic,Yes,No,Yes,No,Yes,No,Month-to-month,Yes,Electronic check,127.32,7247.9,Yes,49m+
C00593,Male,0,No,No,22,Yes,Yes,No,No internet service,No internet service,No internet service,No internet service,No internet service,No internet service,Two year,No,Credit card (automatic),45.38,1030.68,No,13-24m
C00594,Female,0,No,No,8,Yes,Yes,No,No internet service,No internet service,No internet service,No internet service,No internet service,No internet service,Two year,Yes,Credit card (automatic),50.17,397.71,No,7-12m
C00595,Male,0,No,No,13,Yes,No,DSL,Yes,No,No,No,Yes,No,Two year,No,Credit card (automatic),95.54,1273.3,Yes,13-24m
C00596,Male,0,No,No,37,Yes,Yes,DSL,No,Yes,No,No,No,No,Two year,Yes,Electronic check,93.27,3470.0,No,25-48m
C00597,Male,0,Yes,No,16,Yes,No,Fiber optic,Yes,No,No,No,No,Yes,Month-to-month,No,Credit card (automatic),126.39,2058.52,No,13-24m
C00598,Female,0,No,Yes,7,Yes,Yes,Fiber optic,No,No,No,No,No,No,One year,Yes,Electronic check,103.28,720.2,Yes,7-12m
C00599,Female,0,No,No,71,Yes,Yes,DSL,No,No,Yes,No,No,Yes,Month-to-month,Yes,Credit card (automatic),96.87,7032.8,Yes,49m+
C00600,Male,0,No,Yes,14,Yes,No,DSL,Yes,Yes,Yes,Yes,Yes,Yes,Two year,Yes,Bank transfer (automatic),119.23,1695.82,No,13-24m
C00601,Female,1,Yes,No,50,No,No phone service,Fiber optic,No,No,Yes,Yes,No,Yes,Two year,Yes,Bank transfer (automatic),108.64,5693.23,No,49m+
C00602,Female,0,Yes,No,5,Yes,No,No,No internet service,No internet service,No internet service,No internet service,No internet service,No internet service,Month-to-month,Yes,Mailed check,41.69,198.95,No,0-6m
C00603,Male,1,No,No,70,Yes,Yes,Fiber optic,No,No,Yes,No,Yes,No,Month-to-month,No,Electronic check,120.19,8585.8,Yes,49m+
C00604,Male,0,Yes,No,71,Yes,No,Fiber optic,No,Yes,No,Yes,No,No,Month-to-month,Yes,Mailed check,110.03,7797.88,Yes,49m+
C00605,Male,0,No,Yes,25,Yes,No,Fiber optic,No,Yes,No,No,Yes,No,Month-to-month,Yes,Bank transfer (automatic),118.53,2936.82,Yes,25-48m
C00606,Male,0,No,Yes,10,Yes,Yes,Fiber optic,No,Yes,Yes,Yes,Yes,No,One year,Yes,Bank transfer (automatic),145.82,1482.47,Yes,7-12m
C00607,Female,0,No,No,68,Yes,Yes,DSL,Yes,No,Yes,Yes,No,No,Two year,Yes,Bank transfer (automatic),106.96,7471.09,Yes,49m+
C00608,Female,0,No,No,1,Yes,Yes,Fiber optic,No,No,No,No,No,Yes,Month-to-month,Yes,Electronic check,121.22,121.35,Yes,0-6m
C00609,Female,0,Yes,No,34,Yes,No,DSL,Yes,No,No,No,No,No,Two year,No,Bank transfer (automatic),80.47,2827.24,No,25-48m
C00610,Female,0,Yes,No,4,Yes,Yes,Fiber optic,No,No,Yes,No,Yes,Yes,One year,No,Mailed check,133.42,523.15,Yes,0-6m
C00611,Female,1,No,No,19,Yes,No,Fiber optic,Yes,Yes,No,No,Yes,Yes,Month-to-month,No,Electronic check,127.17,2445.22,Yes,13-24m
C00612,Male,0,No,No,71,No,No phone service,Fiber optic,Yes,No,No,Yes,No,No,Month-to-month,Yes,Electronic check,95.0,6802.08,Yes,49m+
C00613,Male,0,No,No,7,Yes,Yes,DSL,Yes,No,No,No,No,Yes,Two year,No,Mailed check,98.18,690.48,Yes,7-12m
C00614,Female,0,No,No,1,Yes,Yes,Fiber optic,No,Yes,No,Yes,Yes,No,One year,Yes,Mailed check,144.21,140.56,No,0-6m
C00615,Female,0,No,Yes,52,Yes,No,DSL,No,No,No,Yes,No,Yes,Two year,Yes,Bank transfer (automatic),89.77,4713.03,No,49m+
C00616,Male,0,No,No,15,No,No phone service,Fiber optic,No,Yes,No,Yes,No,No,Two year,Yes,Electronic check,106.26,1577.2,No,13-24m
C00617,Male,1,Yes,No,29,Yes,Yes,No,No internet service,No internet service,No internet service,No internet service,No internet service,No internet service,Month-to-month,Yes,Bank transfer (automatic),45.59,1318.03,No,25-48m
C00618,Male,0,Yes,No,44,Yes,No,No,No internet service,No internet service,No internet service,No internet service,No internet service,No internet service,One year,Yes,Credit card (automatic),43.0,1906.08,No,25-48m
C00619,Male,0,Yes,No,61,Yes,Yes,Fiber optic,Yes,Yes,Yes,No,No,No,Month-to-month,No,Credit card (automatic),120.13,7487.42,No,49m+
C00620,Male,0,No,Yes,22,Yes,Yes,DSL,No,Yes,No,No,No,No,Month-to-month,Yes,Bank transfer (automatic),87.67,1844.1,Yes,13-24m
C00621,Female,0,Yes,No,46,Yes,No,DSL,No,No,No,No,No,Yes,Month-to-month,No,Bank transfer (automatic),78.39,3447.17,No,25-48m
C00622,Female,0,Yes,No,24,Yes,No,Fiber optic,Yes,No,No,Yes,Yes,No,One year,No,Credit card (automatic),125.14,3079.59,No,13-24m
C00623,Female,0,Yes,No,21,Yes,No,No,No internet service,No internet service,No internet service,No internet service,No internet service,No internet service,Month-to-month,Yes,Credit card (automatic),43.01,884.08,Yes,13-24m
C00624,Female,0,Yes,No,6,Yes,No,No,No internet service,No internet service,No internet service,No internet service,No internet service,No internet service,One year,No,Electronic check,42.97,245.45,No,0-6m
C00625,Female,0,No,No,44,Yes,No,Fiber optic,Yes,No,Yes,No,Yes,No,Month-to-month,Yes,Credit card (automatic),110.69,4869.64,Yes,25-48m
C00626,Female,0,Yes,No,63,Yes,No,DSL,Yes,No,No,No,Yes,Yes,Month-to-month,Yes,Electronic check,107.82,6839.57,Yes,49m+
C00627,Male,0,No,No,8,Yes,No,No,No internet service,No internet service,No internet service,No internet service,No internet service,No internet service,Month-to-month,Yes,Bank transfer (automatic),38.31,308.6,No,7-12m
C00628,Female,0,No,No,50,Yes,No,No,No internet service,No internet service,No internet service,No internet service,No internet service,No internet service,Month-to-month,Yes,Electronic check,37.76,1965.69,No,49m+
C00629,Female,0,Yes,No,20,Yes,Yes,DSL,No,No,Yes,No,Yes,No,One year,Yes,Electronic check,108.84,2070.22,No,13-24m
C00630,Female,0,No,No,10,Yes,Yes,Fiber optic,No,No,No,Yes,No,No,Month-to-month,No,Electronic check,110.15,1152.47,Yes,7-12m
C00631,Male,0,No,No,70,Yes,Yes,No,No internet service,No internet service,No internet service,No internet service,No internet service,No internet service,One year,Yes,Credit card (automatic),48.0,3203.44,No,49m+
C00632,Male,0,No,No,59,Yes,Yes,No,No internet service,No internet service,No internet service,No internet service,No internet service,No internet service,Month-to-month,Yes,Electronic check,49.57,2811.67,Yes,49m+
C00633,Female,0,No,No,35,Yes,Yes,No,No internet service,No internet service,No internet service,No internet service,No internet service,No internet service,Month-to-month,No,Electronic check,53.25,1834.36,No,25-48m
C00634,Female,1,Yes,Yes,22,Yes,Yes,DSL,No,Yes,No,No,Yes,Yes,One year,No,Electronic check,108.68,2497.36,No,13-24m
C00635,Male,0,No,Yes,21,Yes,Yes,No,No internet service,No internet service,No internet service,No internet service,No internet service,No internet service,One year,No,Electronic check,50.3,1085.05,No,13-24m
C00636,Female,0,Yes,No,61,Yes,Yes,Fiber optic,Yes,No,Yes,No,No,Yes,Month-to-month,Yes,Electronic check,132.87,8302.02,No,49m+
C00637,Female,0,No,No,22,Yes,Yes,No,No internet service,No internet service,No internet service,No internet service,No internet service,No internet service,One year,No,Electronic check,53.42,1163.97,No,13-24m
C00638,Female,0,No,No,60,Yes,Yes,Fiber optic,Yes,Yes,No,No,Yes,No,Month-to-month,Yes,Electronic check,133.59,7666.84,Yes,49m+
C00639,Male,0,Yes,No,12,Yes,No,Fiber optic,Yes,No,Yes,No,Yes,Yes,One year,Yes,Credit card (automatic),128.86,1563.93,Yes,7-12m
C00640,Male,0,Yes,No,22,Yes,Yes,No,No internet service,No internet service,No internet service,No internet service,No internet service,No internet service,Two year,Yes,Credit card (automatic),44.67,1016.9,No,13-24m
C00641,Male,1,Yes,No,7,Yes,No,Fiber optic,Yes,No,No,No,Yes,Yes,One year,Yes,Mailed check,130.25,873.42,No,7-12m
C00642,Male,0,Yes,No,68,Yes,No,DSL,No,No,No,No,Yes,No,Month-to-month,Yes,Electronic check,94.52,6512.89,Yes,49m+
C00643,Male,0,Yes,No,71,Yes,No,DSL,No,No,Yes,No,Yes,No,Two year,Yes,Electronic check,96.18,6717.04,No,49m+
C00644,Male,0,No,No,55,Yes,Yes,No,No internet service,No internet service,No internet service,No internet service,No internet service,No internet service,Month-to-month,Yes,Mailed check,53.64,3033.85,No,49m+
C00645,Female,0,Yes,Yes,15,Yes,No,Fiber optic,Yes,No,No,No,No,No,Two year,Yes,Mailed check,114.64,1717.83,Yes,13-24m
C00646,Male,0,No,No,64,Yes,No,Fiber optic,Yes,No,No,No,No,Yes,Two year,Yes,Mailed check,107.89,6820.82,No,49m+
C00647,Female,1,No,Yes,37,Yes,Yes,Fiber optic,No,Yes,No,No,No,No,Month-to-month,No,Electronic check,110.84,4245.21,No,25-48m
C00648,Female,0,No,No,39,Yes,No,Fiber optic,No,No,No,No,No,No,Month-to-month,No,Credit card (automatic),100.3,3953.52,Yes,25-48m
C00649,Male,0,Yes,No,72,Yes,Yes,DSL,Yes,Yes,No,Yes,No,No,Month-to-month,No,Mailed check,100.15,7502.36,Yes,49m+
C00650,Male,0,Yes,No,50,Yes,Yes,Fiber optic,No,No,Yes,No,No,No,Month-to-month,No,Electronic check,111.75,5761.67,No,49m+
C00651,Female,0,No,Yes,18,No,No phone service,DSL,Yes,Yes,No,No,No,No,Month-to-month,Yes,Credit card (automatic),82.92,1541.97,No,13-24m
C00652,Male,0,Yes,No,39,Yes,No,DSL,Yes,Yes,Yes,Yes,No,No,Month-to-month,Yes,Credit card (automatic),117.93,4698.47,No,25-48m
C00653,Female,0,No,No,62,Yes,Yes,No,No internet service,No internet service,No internet service,No internet service,No internet service,No internet service,Two year,Yes,Bank transfer (automatic),46.75,2782.61,No,49m+
C00654,Male,0,No,Yes,57,Yes,No,Fiber optic,No,No,No,Yes,No,No,One year,No,Credit card (automatic),103.07,5918.62,No,49m+
C00655,Male,0,Yes,Yes,3,Yes,No,DSL,Yes,Yes,No,No,Yes,Yes,Month-to-month,Yes,Electronic check,123.16,368.14,Yes,0-6m
C00656,Female,0,No,Yes,9,Yes,No,No,No internet service,No internet service,No internet service,No internet service,No internet service,No internet service,Month-to-month,Yes,Mailed check,44.22,413.95,Yes,7-12m
C00657,Female,0,Yes,No,35,Yes,No,No,No internet service,No internet service,No internet service,No internet service,No internet service,No internet service,Two year,Yes,Bank transfer (automatic),43.65,1469.31,No,25-48m
C00658,Male,0,No,Yes,57,Yes,No,DSL,No,No,Yes,Yes,No,Yes,Two year,Yes,Electronic check,95.55,5444.54,No,49m+
C00659,Female,0,No,No,18,Yes,No,DSL,Yes,No,Yes,No,No,Yes,Month-to-month,Yes,Electronic check,94.29,1702.88,No,13-24m
C00660,Male,0,No,No,65,Yes,Yes,No,No internet service,No internet service,No internet service,No internet service,No internet service,No internet service,Month-to-month,Yes,Credit card (automatic),52.5,3460.08,No,49m+
C00661,Female,0,No,No,17,Yes,No,No,No internet service,No internet service,No internet service,No internet service,No internet service,No internet service,Month-to-month,Yes,Credit card (automatic),38.36,622.28,Yes,13-24m
C00662,Female,0,No,No,23,Yes,No,No,No internet service,No internet service,No internet service,No internet service,No internet service,No internet service,Two year,Yes,Mailed check,41.93,995.08,Yes,13-24m
C00663,Male,0,Yes,No,19,Yes,No,DSL,No,Yes,No,No,No,No,Month-to-month,No,Electronic check,76.86,1402.71,No,13-24m
C00664,Female,0,Yes,Yes,46,Yes,No,DSL,No,Yes,No,No,No,No,Two year,Yes,Electronic check,91.9,4085.67,Yes,25-48m
C00665,Male,0,No,No,30,Yes,Yes,Fiber optic,No,Yes,Yes,Yes,No,No,One year,No,Electronic check,139.78,4325.1,Yes,25-48m
C00666,Female,0,No,No,8,Yes,No,DSL,No,Yes,No,No,No,Yes,Two year,No,Credit card (automatic),87.98,674.37,Yes,7-12m
C00667,Female,0,No,No,21,Yes,No,No,No internet service,No internet service,No internet service,No internet service,No internet service,No internet service,Two year,No,Mailed check,41.88,910.82,No,13-24m
C00668,Female,0,Yes,No,4,Yes,Yes,DSL,No,No,No,Yes,Yes,No,Month-to-month,Yes,Electronic check,112.11,457.04,Yes,0-6m
C00669,Male,0,Yes,No,10,No,No phone service,No,No internet service,No internet service,No internet service,No internet service,No internet service,No internet service,One year,Yes,Electronic check,25.07,259.64,No,7-12m
C00670,Female,0,Yes,Yes,48,Yes,No,DSL,No,No,Yes,Yes,Yes,No,Month-to-month,Yes,Credit card (automatic),104.91,5044.75,No,25-48m
C00671,Male,0,Yes,Yes,24,Yes,Yes,DSL,No,Yes,Yes,Yes,No,No,Two year,Yes,Electronic check,110.19,2703.23,No,13-24m
C00672,Female,0,No,No,43,Yes,No,No,No internet service,No internet service,No internet service,No internet service,No internet service,No internet service,Month-to-month,No,Credit card (automatic),43.58,1838.29,Yes,25-48m
C00673,Male,1,Yes,Yes,44,Yes,Yes,DSL,No,No,Yes,No,No,No,Month-to-month,Yes,Electronic check,82.87,3658.01,Yes,25-48m
C00674,Male,0,Yes,Yes,61,Yes,No,DSL,Yes,No,Yes,No,Yes,No,Month-to-month,No,Electronic check,105.09,6141.27,Yes,49m+
C00675,Male,0,Yes,No,67,Yes,No,DSL,No,No,Yes,No,Yes,Yes,Month-to-month,No,Credit card (automatic),100.55,6875.25,No,49m+
C00676,Male,0,No,No,6,Yes,Yes,Fiber optic,Yes,No,No,No,No,Yes,Two year,Yes,Electronic check,126.41,747.67,No,0-6m
C00677,Male,0,No,No,3,Yes,Yes,DSL,No,No,No,No,No,No,Month-to-month,Yes,Electronic check,85.9,250.29,Yes,0-6m
C00678,Female,0,No,No,51,Yes,No,No,No internet service,No internet service,No internet service,No internet service,No internet service,No internet service,Month-to-month,Yes,Electronic check,40.61,2158.19,No,49m+
C00679,Male,0,No,No,40,Yes,Yes,No,No internet service,No internet service,No internet service,No internet service,No internet service,No internet service,Month-to-month,Yes,Mailed check,46.58,1908.93,No,25-48m
C00680,Male,0,Yes,Yes,35,Yes,No,Fiber optic,No,Yes,No,No,Yes,No,One year,Yes,Mailed check,108.16,3638.36,No,25-48m
C00681,Male,0,No,Yes,30,Yes,No,No,No internet service,No internet service,No internet service,No internet service,No internet service,No internet service,One year,Yes,Mailed check,41.56,1305.89,No,25-48m
C00682,Male,0,No,Yes,62,Yes,No,DSL,Yes,No,No,Yes,Yes,No,One year,Yes,Bank transfer (automatic),103.06,6565.15,No,49m+
C00683,Female,0,No,No,69,Yes,No,Fiber optic,No,Yes,No,Yes,Yes,No,One year,No,Bank transfer (automatic),122.07,8798.91,Yes,49m+
C00684,Male,0,Yes,Yes,61,Yes,Yes,DSL,Yes,Yes,No,No,Yes,No,Month-to-month,Yes,Credit card (automatic),112.35,7090.92,No,49m+
C00685,Male,0,No,No,58,Yes,No,DSL,No,Yes,Yes,Yes,No,No,Two year,No,Mailed check,109.38,6641.88,No,49m+
C00686,Male,0,Yes,Yes,5,Yes,No,Fiber optic,Yes,No,No,No,No,No,Month-to-month,Yes,Bank transfer (automatic),96.85,475.94,Yes,0-6m
C00687,Female,0,No,No,70,Yes,Yes,DSL,No,Yes,No,No,Yes,Yes,Month-to-month,No,Credit card (automatic),122.06,8402.12,No,49m+
C00688,Female,0,No,No,7,Yes,Yes,DSL,Yes,Yes,No,No,No,No,Month-to-month,No,Bank transfer (automatic),97.31,685.33,No,7-12m
C00689,Female,0,Yes,No,12,Yes,Yes,DSL,Yes,No,No,No,Yes,No,Two year,Yes,Electronic check,110.79,1371.43,No,7-12m
C00690,Male,0,No,No,51,No,No phone service,DSL,No,No,Yes,No,No,No,One year,No,Electronic check,74.8,3891.84,No,49m+
C00691,Male,1,Yes,No,19,Yes,Yes,Fiber optic,No,No,Yes,No,No,Yes,Two year,No,Credit card (automatic),119.4,2259.98,Yes,13-24m
C00692,Female,0,No,No,61,No,No phone service,No,No internet service,No internet service,No internet service,No internet service,No internet service,No internet service,Month-to-month,No,Electronic check,24.36,1497.6,No,49m+
C00693,Male,0,Yes,Yes,53,Yes,Yes,Fiber optic,No,No,No,Yes,No,Yes,Two year,No,Credit card (automatic),113.88,6126.36,Yes,49m+
C00694,Male,0,No,No,41,Yes,No,No,No internet service,No internet service,No internet service,No internet service,No internet service,No internet service,Month-to-month,Yes,Mailed check,43.12,1763.9,No,25-48m
C00695,Male,0,Yes,No,20,Yes,No,Fiber optic,Yes,No,Yes,No,Yes,Yes,Two year,No,Electronic check,138.18,2771.14,No,13-24m
C00696,Female,0,No,No,34,Yes,Yes,Fiber optic,No,No,Yes,No,No,No,Two year,No,Mailed check,114.4,3755.9,No,25-48m
C00697,Male,0,No,No,48,Yes,No,DSL,Yes,Yes,No,No,No,No,Month-to-month,No,Electronic check,85.56,3947.62,No,25-48m
C00698,Female,0,No,No,18,Yes,No,Fiber optic,No,No,No,Yes,No,No,Month-to-month,No,Bank transfer (automatic),100.92,1899.19,Yes,13-24m
C00699,Female,0,No,No,62,No,No phone service,DSL,Yes,Yes,No,No,No,Yes,Two year,No,Electronic check,93.17,5661.31,Yes,49m+
C00700,Female,0,No,No,15,No,No phone service,No,No internet service,No internet service,No internet service,No internet service,No internet service,No internet service,One year,No,Mailed check,25.97,383.66,No,13-24m
C00701,Male,0,Yes,No,25,Yes,No,Fiber optic,No,Yes,No,No,Yes,Yes,Month-to-month,Yes,Electronic check,127.19,3181.91,No,25-48m
C00702,Female,0,No,No,69,Yes,No,No,No internet service,No internet service,No internet service,No internet service,No internet service,No internet service,Month-to-month,No,Credit card (automatic),40.89,2882.91,Yes,49m+
C00703,Male,0,Yes,No,69,Yes,No,DSL,No,Yes,No,Yes,No,No,Month-to-month,Yes,Credit card (automatic),92.47,6446.83,Yes,49m+
C00704,Male,0,No,No,5,No,No phone service,DSL,Yes,Yes,No,No,No,No,Month-to-month,Yes,Bank transfer (automatic),82.83,395.49,No,0-6m
C00705,Male,0,No,Yes,5,Yes,No,DSL,No,Yes,No,No,No,Yes,Two year,Yes,Bank transfer (automatic),96.37,495.59,Yes,0-6m
C00706,Female,0,Yes,No,34,Yes,No,No,No internet service,No internet service,No internet service,No internet service,No internet service,No internet service,Month-to-month,No,Electronic check,42.08,1437.53,No,25-48m
C00707,Male,0,Yes,No,19,Yes,No,DSL,Yes,Yes,No,No,No,Yes,One year,No,Bank transfer (automatic),106.39,1967.58,No,13-24m
C00708,Female,0,Yes,Yes,63,Yes,Yes,Fiber optic,No,Yes,No,No,Yes,No,Month-to-month,No,Credit card (automatic),132.28,8659.0,Yes,49m+
C00709,Female,0,No,No,8,Yes,No,Fiber optic,No,No,No,No,No,No,Month-to-month,Yes,Mailed check,98.79,757.04,Yes,7-12m
C00710,Female,0,Yes,Yes,13,Yes,No,DSL,No,No,No,Yes,Yes,Yes,Month-to-month,No,Electronic check,100.77,1356.56,No,13-24m
C00711,Male,0,Yes,No,57,Yes,No,No,No internet service,No internet service,No internet service,No internet service,No internet service,No internet service,Month-to-month,Yes,Mailed check,42.55,2516.55,No,49m+
C00712,Male,1,Yes,No,29,Yes,No,DSL,No,No,No,No,No,No,Month-to-month,No,Electronic check,72.34,2019.83,Yes,25-48m
C00713,Female,0,No,No,6,Yes,No,Fiber optic,No,No,No,No,No,No,Month-to-month,No,Credit card (automatic),90.0,539.37,Yes,0-6m
C00714,Male,0,Yes,No,33,Yes,No,Fiber optic,Yes,Yes,Yes,No,No,Yes,Month-to-month,Yes,Bank transfer (automatic),135.98,4289.19,No,25-48m
C00715,Female,1,No,No,69,No,No phone service,No,No internet service,No internet service,No internet service,No internet service,No internet service,No internet service,Two year,Yes,Electronic check,24.09,1633.49,No,49m+
C00716,Male,1,No,No,19,No,No phone service,DSL,Yes,Yes,No,No,Yes,No,Month-to-month,Yes,Electronic check,79.45,1450.78,No,13-24m
C00717,Male,0,No,No,52,Yes,No,Fiber optic,No,Yes,No,Yes,No,No,Month-to-month,No,Electronic check,109.97,5524.92,No,49m+
C00718,Female,0,No,No,59,Yes,Yes,Fiber optic,No,Yes,Yes,Yes,No,Yes,Month-to-month,Yes,Bank transfer (automatic),145.08,8499.9,No,49m+
C00719,Male,1,Yes,No,6,Yes,Yes,Fiber optic,Yes,No,No,Yes,No,No,One year,No,Electronic check,124.63,777.41,Yes,0-6m
C00720,Female,0,Yes,Yes,45,Yes,Yes,No,No internet service,No internet service,No internet service,No internet service,No internet service,No internet service,Two year,Yes,Mailed check,45.57,2061.11,No,25-48m
C00721,Male,1,Yes,No,44,Yes,Yes,DSL,No,Yes,No,No,Yes,No,Two year,Yes,Electronic check,98.39,4482.41,No,25-48m
C00722,Male,0,Yes,Yes,68,No,No phone service,No,No internet service,No internet service,No internet service,No internet service,No internet service,No internet service,Month-to-month,Yes,Electronic check,25.05,1767.59,No,49m+
C00723,Female,0,No,No,6,Yes,Yes,DSL,No,No,No,No,No,Yes,Month-to-month,Yes,Bank transfer (automatic),98.82,615.57,Yes,0-6m
C00724,Female,0,No,No,44,Yes,Yes,DSL,No,No,No,No,Yes,Yes,Month-to-month,No,Electronic check,96.82,4286.35,Yes,25-48m
C00725,Female,1,Yes,No,50,Yes,Yes,No,No internet service,No internet service,No internet service,No internet service,No internet service,No internet service,Month-to-month,No,Electronic check,52.79,2716.26,No,49m+
C00726,Male,0,No,No,52,Yes,No,Fiber optic,No,No,Yes,No,No,Yes,Month-to-month,No,Mailed check,111.07,5741.3,Yes,49m+
C00727,Female,0,Yes,No,52,Yes,Yes,Fiber optic,No,No,Yes,Yes,Yes,Yes,One year,Yes,Credit card (automatic),135.26,6899.9,No,49m+
C00728,Male,0,Yes,No,8,Yes,Yes,Fiber optic,No,No,No,No,No,Yes,Month-to-month,No,Electronic check,105.33,820.49,Yes,7-12m
C00729,Female,0,Yes,No,46,No,No phone service,No,No internet service,No internet service,No internet service,No internet service,No internet service,No internet service,Month-to-month,No,Bank transfer (automatic),23.31,1022.42,Yes,25-48m
C00730,Female,0,No,Yes,31,No,No phone service,Fiber optic,No,No,Yes,No,Yes,No,Month-to-month,Yes,Electronic check,96.68,3129.02,No,25-48m
C00731,Male,0,Yes,No,36,Yes,No,Fiber optic,Yes,No,No,No,Yes,Yes,One year,No,Bank transfer (automatic),117.61,4428.3,No,25-48m
C00732,Male,0,Yes,No,48,Yes,No,Fiber optic,No,Yes,No,Yes,No,Yes,One year,Yes,Mailed check,119.55,5636.97,Yes,25-48m
C00733,Female,0,Yes,No,52,Yes,No,Fiber optic,Yes,No,Yes,No,Yes,No,Month-to-month,No,Bank transfer (automatic),118.3,5930.34,Yes,49m+
C00734,Male,0,No,Yes,60,Yes,Yes,DSL,No,Yes,No,No,No,No,One year,Yes,Credit card (automatic),87.02,5244.3,No,49m+
C00735,Female,0,No,No,47,No,No phone service,DSL,Yes,No,No,Yes,Yes,Yes,Two year,No,Mailed check,92.98,4307.17,Yes,25-48m
C00736,Female,0,No,Yes,45,No,No phone service,DSL,No,No,No,No,Yes,No,Two year,Yes,Credit card (automatic),77.66,3331.17,Yes,25-48m
C00737,Female,0,Yes,No,3,Yes,Yes,Fiber optic,No,No,Yes,No,No,No,Month-to-month,Yes,Credit card (automatic),109.87,343.61,No,0-6m
C00738,Female,0,Yes,No,72,No,No phone service,No,No internet service,No internet service,No internet service,No internet service,No internet service,No internet service,Month-to-month,No,Electronic check,27.77,1955.82,Yes,49m+
C00739,Male,0,No,No,27,Yes,No,Fiber optic,Yes,Yes,Yes,No,Yes,Yes,Month-to-month,Yes,Credit card (automatic),130.83,3545.71,No,25-48m
C00740,Female,0,Yes,Yes,51,Yes,Yes,Fiber optic,No,No,No,No,No,Yes,One year,No,Mailed check,110.68,5628.05,Yes,49m+
C00741,Male,0,No,No,40,Yes,No,No,No internet service,No internet service,No internet service,No internet service,No internet service,No internet service,Two year,No,Mailed check,37.38,1505.49,No,25-48m
C00742,Female,1,No,No,16,Yes,Yes,Fiber optic,No,No,No,No,No,No,Month-to-month,No,Bank transfer (automatic),98.27,1523.54,No,13-24m
C00743,Male,0,Yes,No,34,Yes,No,DSL,Yes,No,Yes,No,Yes,No,Month-to-month,Yes,Credit card (automatic),104.06,3412.68,No,25-48m
C00744,Male,0,No,Yes,42,Yes,No,No,No internet service,No internet service,No internet service,No internet service,No internet service,No internet service,Month-to-month,Yes,Electronic check,39.99,1652.57,No,25-48m
C00745,Male,0,No,No,16,Yes,Yes,DSL,Yes,Yes,Yes,No,Yes,Yes,One year,Yes,Bank transfer (automatic),133.99,2161.24,No,13-24m
C00746,Female,0,No,No,43,Yes,Yes,DSL,No,No,Yes,No,No,No,Two year,No,Electronic check,93.98,3934.18,No,25-48m
C00747,Male,1,Yes,Yes,8,Yes,No,DSL,No,Yes,Yes,Yes,No,No,Month-to-month,Yes,Mailed check,95.31,765.26,No,7-12m
C00748,Male,0,No,No,54,No,No phone service,Fiber optic,Yes,No,Yes,No,No,Yes,Month-to-month,Yes,Credit card (automatic),108.49,5964.81,Yes,49m+
C00749,Female,0,Yes,No,58,Yes,Yes,No,No internet service,No internet service,No internet service,No internet service,No internet service,No internet service,Month-to-month,Yes,Mailed check,52.45,3016.75,No,49m+
C00750,Female,0,Yes,No,41,Yes,Yes,Fiber optic,No,No,No,Yes,No,No,Two year,Yes,Credit card (automatic),117.47,4585.25,No,25-48m
C00751,Male,1,No,Yes,5,Yes,Yes,Fiber optic,No,Yes,No,Yes,No,No,Month-to-month,No,Electronic check,110.82,560.71,Yes,0-6m
C00752,Female,0,No,No,17,Yes,No,Fiber optic,Yes,No,No,No,No,No,One year,No,Mailed check,103.09,1761.94,No,13-24m
C00753,Male,0,No,No,19,Yes,Yes,DSL,No,No,No,No,No,No,Two year,Yes,Credit card (automatic),86.94,1699.38,No,13-24m
C00754,Female,0,No,No,6,Yes,No,DSL,Yes,No,Yes,No,Yes,No,Month-to-month,Yes,Bank transfer (automatic),103.2,600.86,No,0-6m
C00755,Female,0,Yes,No,21,Yes,Yes,Fiber optic,No,No,Yes,No,Yes,No,One year,No,Mailed check,129.59,2761.55,Yes,13-24m
C00756,Male,0,No,Yes,39,Yes,No,Fiber optic,Yes,No,Yes,Yes,No,Yes,Month-to-month,Yes,Mailed check,120.02,4587.33,No,25-48m
C00757,Male,0,Yes,No,31,Yes,Yes,Fiber optic,No,No,No,Yes,No,Yes,One year,No,Bank transfer (automatic),128.9,3890.93,No,25-48m
C00758,Female,0,Yes,No,50,Yes,No,DSL,No,No,Yes,No,Yes,Yes,Month-to-month,No,Bank transfer (automatic),110.09,5412.38,No,49m+
C00759,Female,1,No,No,36,Yes,No,Fiber optic,No,Yes,Yes,No,Yes,Yes,Two year,Yes,Credit card (automatic),141.21,4972.76,No,25-48m
C00760,Male,1,Yes,No,62,Yes,No,DSL,No,No,No,Yes,No,No,Month-to-month,No,Electronic check,88.68,5543.55,No,49m+
C00761,Male,0,Yes,No,46,Yes,Yes,No,No internet service,No internet service,No internet service,No internet service,No internet service,No internet service,Month-to-month,Yes,Credit card (automatic),45.03,2074.44,Yes,25-48m
C00762,Female,0,No,No,26,Yes,Yes,No,No internet service,No internet service,No internet service,No internet service,No internet service,No internet service,Month-to-month,No,Bank transfer (automatic),46.9,1238.13,No,25-48m
C00763,Female,0,No,No,40,Yes,Yes,DSL,No,Yes,Yes,No,Yes,Yes,Month-to-month,Yes,Mailed check,130.28,5408.8,Yes,25-48m
C00764,Male,0,Yes,Yes,6,No,No phone service,DSL,Yes,No,No,Yes,Yes,Yes,One year,Yes,Mailed check,100.05,623.63,No,0-6m
C00765,Male,0,No,Yes,12,Yes,Yes,DSL,No,Yes,No,No,No,No,Month-to-month,Yes,Credit card (automatic),101.89,1183.74,Yes,7-12m
C00766,Male,1,No,No,48,Yes,Yes,DSL,No,Yes,No,No,Yes,Yes,Month-to-month,Yes,Mailed check,117.1,5883.99,Yes,25-48m
C00767,Male,0,No,No,49,Yes,Yes,DSL,Yes,No,Yes,No,No,No,Two year,Yes,Electronic check,107.72,5469.12,Yes,49m+
C00768,Male,0,Yes,No,9,Yes,Yes,No,No internet service,No internet service,No internet service,No internet service,No internet service,No internet service,Month-to-month,Yes,Credit card (automatic),52.32,487.06,No,7-12m
C00769,Male,0,No,No,50,Yes,No,Fiber optic,Yes,No,Yes,No,Yes,No,Month-to-month,Yes,Electronic check,133.1,6796.02,No,49m+
C00770,Female,0,Yes,No,70,Yes,No,No,No internet service,No internet service,No internet service,No internet service,No internet service,No internet service,Month-to-month,Yes,Credit card (automatic),37.78,2562.44,Yes,49m+
C00771,Female,0,Yes,No,52,Yes,Yes,DSL,No,No,No,No,Yes,Yes,Month-to-month,Yes,Credit card (automatic),111.01,5901.83,Yes,49m+
C00772,Female,0,Yes,No,47,Yes,No,Fiber optic,No,No,No,No,No,Yes,Month-to-month,Yes,Bank transfer (automatic),112.63,5197.38,Yes,25-48m
C00773,Female,0,Yes,No,60,Yes,No,DSL,No,No,No,Yes,No,No,Month-to-month,Yes,Credit card (automatic),90.19,5575.36,No,49m+
C00774,Male,0,No,Yes,17,No,No phone service,DSL,Yes,Yes,No,No,No,No,Two year,No,Electronic check,82.65,1466.6,No,13-24m
C00775,Female,1,No,No,15,No,No phone service,No,No internet service,No internet service,No internet service,No internet service,No internet service,No internet service,Two year,Yes,Credit card (automatic),25.37,391.9,Yes,13-24m
C00776,Male,0,No,Yes,53,No,No phone service,Fiber optic,No,No,Yes,No,Yes,Yes,Two year,No,Mailed check,112.1,6204.48,Yes,49m+
C00777,Male,0,Yes,Yes,66,Yes,Yes,DSL,No,No,No,No,No,No,Month-to-month,No,Electronic check,84.86,5477.02,Yes,49m+
C00778,Female,0,No,No,71,Yes,Yes,DSL,No,No,Yes,Yes,No,Yes,Two year,Yes,Mailed check,107.03,7444.96,No,49m+
C00779,Female,0,Yes,No,13,Yes,Yes,Fiber optic,No,No,No,Yes,Yes,No,Month-to-month,Yes,Mailed check,115.64,1504.41,No,13-24m
C00780,Female,0,Yes,No,5,Yes,Yes,Fiber optic,Yes,No,No,No,No,Yes,Month-to-month,Yes,Mailed check,115.19,552.78,Yes,0-6m
C00781,Female,0,Yes,No,29,Yes,No,DSL,No,No,Yes,Yes,Yes,No,One year,Yes,Mailed check,111.79,3148.87,Yes,25-48m
C00782,Male,0,No,Yes,15,Yes,Yes,No,No internet service,No internet service,No internet service,No internet service,No internet service,No internet service,One year,Yes,Credit card (automatic),44.83,704.75,No,13-24m
C00783,Male,0,No,No,40,Yes,Yes,DSL,Yes,Yes,Yes,No,Yes,No,Month-to-month,No,Credit card (automatic),124.2,5201.89,No,25-48m
C00784,Female,0,Yes,No,72,Yes,Yes,DSL,No,No,Yes,No,No,No,Two year,No,Mailed check,86.48,6254.73,No,49m+
C00785,Male,0,Yes,No,18,Yes,Yes,DSL,Yes,No,Yes,Yes,No,Yes,Month-to-month,Yes,Electronic check,110.05,1897.2,No,13-24m
C00786,Male,0,No,No,15,No,No phone service,Fiber optic,No,No,Yes,Yes,No,No,Two year,No,Mailed check,99.77,1496.65,No,13-24m
C00787,Female,0,Yes,Yes,1,Yes,No,No,No internet service,No internet service,No internet service,No internet service,No internet service,No internet service,Month-to-month,No,Bank transfer (automatic),38.21,38.56,No,0-6m
C00788,Male,0,Yes,No,61,Yes,No,Fiber optic,Yes,Yes,Yes,No,No,No,Month-to-month,Yes,Mailed check,118.76,7281.96,No,49m+
C00789,Male,0,Yes,Yes,67,No,No phone service,DSL,No,No,No,No,Yes,No,Month-to-month,No,Mailed check,78.19,5380.43,No,49m+
C00790,Male,0,No,No,7,Yes,No,DSL,No,Yes,Yes,No,Yes,No,One year,Yes,Electronic check,103.26,700.21,No,7-12m
C00791,Female,0,No,Yes,44,Yes,No,No,No internet service,No internet service,No internet service,No internet service,No internet service,No internet service,Month-to-month,Yes,Credit card (automatic),42.36,1904.69,No,25-48m
C00792,Female,0,No,No,8,Yes,Yes,DSL,No,Yes,No,Yes,No,Yes,Two year,No,Electronic check,113.12,885.28,Yes,7-12m
C00793,Female,0,Yes,Yes,61,Yes,No,Fiber optic,Yes,No,Yes,No,Yes,No,One year,Yes,Electronic check,116.36,7281.75,Yes,49m+
C00794,Male,0,No,No,38,Yes,No,Fiber optic,No,No,No,Yes,Yes,Yes,One year,No,Mailed check,118.28,4609.97,No,25-48m
C00795,Male,0,No,Yes,15,Yes,Yes,Fiber optic,Yes,No,No,Yes,No,Yes,Month-to-month,No,Electronic check,137.1,2121.57,No,13-24m
C00796,Male,0,No,Yes,16,Yes,Yes,DSL,No,Yes,No,No,No,No,Month-to-month,No,Mailed check,84.83,1355.83,No,13-24m
C00797,Female,0,Yes,No,43,Yes,No,Fiber optic,No,No,No,No,No,No,Two year,No,Electronic check,88.38,3974.68,Yes,25-48m
C00798,Male,0,Yes,Yes,19,Yes,Yes,Fiber optic,No,No,No,No,No,No,Month-to-month,Yes,Electronic check,96.77,1765.37,No,13-24m
C00799,Female,1,No,No,37,No,No phone service,DSL,No,Yes,No,No,No,No,One year,Yes,Electronic check,72.8,2673.49,No,25-48m
C00800,Female,0,No,No,58,No,No phone service,DSL,No,Yes,Yes,No,No,No,Two year,No,Electronic check,83.23,4615.31,No,49m+
C00801,Male,0,Yes,Yes,26,Yes,Yes,DSL,Yes,No,No,No,No,No,One year,No,Mailed check,96.27,2395.32,No,25-48m
C00802,Female,0,No,Yes,9,Yes,Yes,No,No internet service,No internet service,No internet service,No internet service,No internet service,No internet service,One year,No,Electronic check,48.97,449.76,Yes,7-12m
C00803,Male,0,Yes,No,57,Yes,Yes,DSL,Yes,Yes,Yes,No,No,No,One year,No,Electronic check,98.56,5830.24,Yes,49m+
C00804,Male,1,Yes,No,46,Yes,Yes,No,No internet service,No internet service,No internet service,No internet service,No internet service,No internet service,Month-to-month,No,Bank transfer (automatic),50.53,2380.27,No,25-48m
C00805,Male,1,No,No,67,Yes,No,DSL,Yes,Yes,No,No,Yes,Yes,Month-to-month,Yes,Mailed check,104.99,7003.74,Yes,49m+
C00806,Male,0,Yes,No,40,Yes,Yes,DSL,No,No,No,No,Yes,Yes,One year,No,Mailed check,114.35,4774.46,Yes,25-48m
C00807,Male,1,No,No,38,Yes,Yes,DSL,No,No,Yes,Yes,No,No,Two year,No,Mailed check,97.1,3508.47,No,25-48m
C00808,Male,0,Yes,Yes,71,Yes,No,DSL,No,Yes,No,No,Yes,Yes,Month-to-month,Yes,Electronic check,108.77,7650.98,No,49m+
C00809,Male,0,No,No,29,Yes,No,No,No internet service,No internet service,No internet service,No internet service,No internet service,No internet service,Month-to-month,No,Bank transfer (automatic),42.18,1174.23,No,25-48m
C00810,Female,0,No,Yes,61,No,No phone service,No,No internet service,No internet service,No internet service,No internet service,No internet service,No internet service,Month-to-month,No,Credit card (automatic),24.77,1544.14,No,49m+
C00811,Female,0,No,Yes,25,Yes,No,DSL,No,No,No,Yes,Yes,No,One year,Yes,Credit card (automatic),96.48,2390.52,No,25-48m
C00812,Male,1,No,Yes,63,Yes,No,Fiber optic,Yes,No,No,Yes,No,No,Month-to-month,No,Mailed check,114.78,7531.1,No,49m+
C00813,Female,0,Yes,No,60,Yes,Yes,DSL,No,Yes,No,Yes,Yes,No,One year,Yes,Electronic check,116.94,6939.71,No,49m+
C00814,Male,0,No,No,48,Yes,Yes,DSL,No,No,No,Yes,No,Yes,Two year,Yes,Electronic check,101.56,5049.85,Yes,25-48m
C00815,Male,1,No,Yes,67,Yes,Yes,Fiber optic,No,No,No,No,No,No,One year,Yes,Electronic check,107.96,7430.76,No,49m+
C00816,Female,0,No,No,34,No,No phone service,Fiber optic,Yes,No,No,No,No,No,One year,Yes,Bank transfer (automatic),97.01,3452.82,No,25-48m
C00817,Male,0,Yes,No,10,Yes,Yes,Fiber optic,No,No,No,No,Yes,Yes,One year,Yes,Mailed check,122.67,1259.28,No,7-12m
C00818,Female,0,Yes,Yes,38,Yes,Yes,DSL,Yes,Yes,Yes,No,No,No,Month-to-month,Yes,Credit card (automatic),100.38,3947.05,No,25-48m
C00819,Female,0,No,No,11,No,No phone service,Fiber optic,No,Yes,Yes,Yes,Yes,No,Two year,No,Bank transfer (automatic),116.6,1309.37,Yes,7-12m
C00820,Female,0,No,No,12,Yes,Yes,Fiber optic,No,No,Yes,No,No,No,Month-to-month,Yes,Electronic check,115.63,1334.81,No,7-12m
C00821,Male,0,No,Yes,13,Yes,Yes,DSL,No,Yes,Yes,No,No,No,One year,Yes,Bank transfer (automatic),98.27,1251.81,No,13-24m
C00822,Female,0,No,No,22,Yes,Yes,Fiber optic,No,No,Yes,No,Yes,No,Month-to-month,Yes,Electronic check,132.44,3018.07,Yes,13-24m
C00823,Male,0,No,Yes,28,Yes,Yes,Fiber optic,No,Yes,No,Yes,No,Yes,One year,No,Electronic check,120.86,3443.51,No,25-48m
C00824,Female,0,Yes,No,51,Yes,No,DSL,Yes,Yes,No,Yes,No,No,Month-to-month,Yes,Bank transfer (automatic),99.77,4963.67,No,49m+
C00825,Female,1,No,No,67,Yes,No,No,No internet service,No internet service,No internet service,No internet service,No internet service,No internet service,Month-to-month,Yes,Credit card (automatic),43.14,2860.99,No,49m+
C00826,Female,0,Yes,No,16,Yes,Yes,Fiber optic,No,Yes,No,No,Yes,Yes,Two year,Yes,Electronic check,123.21,1957.71,Yes,13-24m
C00827,Male,1,Yes,No,21,No,No phone service,No,No internet service,No internet service,No internet service,No internet service,No internet service,No internet service,Two year,No,Bank transfer (automatic),25.05,525.61,No,13-24m
C00828,Male,0,Yes,No,15,Yes,No,DSL,No,Yes,No,No,No,No,One year,No,Mailed check,80.09,1205.83,No,13-24m
C00829,Female,0,No,No,71,Yes,No,No,No internet service,No internet service,No internet service,No internet service,No internet service,No internet service,Two year,No,Bank transfer (automatic),39.88,2727.61,No,49m+
C00830,Male,0,No,No,10,Yes,No,Fiber optic,Yes,No,Yes,No,Yes,No,Month-to-month,Yes,Bank transfer (automatic),129.11,1299.72,Yes,7-12m
C00831,Female,0,Yes,No,10,Yes,Yes,DSL,Yes,No,No,No,Yes,No,Month-to-month,Yes,Credit card (automatic),109.41,1126.3,No,7-12m
C00832,Female,0,No,No,26,Yes,No,Fiber optic,No,No,No,No,No,No,Month-to-month,Yes,Electronic check,94.22,2383.67,Yes,25-48m
C00833,Female,1,Yes,Yes,54,Yes,Yes,Fiber optic,No,Yes,No,No,No,Yes,Month-to-month,No,Electronic check,120.77,6402.94,Yes,49m+
C00834,Female,0,No,No,18,Yes,No,DSL,No,Yes,Yes,No,Yes,No,Month-to-month,Yes,Bank transfer (automatic),103.93,1841.59,Yes,13-24m
C00835,Female,1,No,Yes,9,Yes,Yes,DSL,Yes,No,Yes,No,No,Yes,Month-to-month,Yes,Bank transfer (automatic),119.22,1061.66,Yes,7-12m
C00836,Male,0,No,No,1,Yes,No,DSL,Yes,Yes,No,No,No,No,Month-to-month,No,Mailed check,97.12,97.25,No,0-6m
C00837,Male,0,Yes,No,37,Yes,Yes,DSL,Yes,No,No,No,Yes,No,One year,No,Credit card (automatic),106.81,3895.1,No,25-48m
C00838,Female,1,No,No,15,Yes,No,Fiber optic,No,No,No,Yes,No,No,Month-to-month,No,Electronic check,98.44,1522.6,No,13-24m
C00839,Male,0,No,Yes,12,Yes,No,Fiber optic,Yes,No,No,No,No,Yes,Month-to-month,Yes,Bank transfer (automatic),116.27,1354.11,No,7-12m
C00840,Female,0,Yes,No,62,Yes,No,Fiber optic,No,No,No,No,No,No,Month-to-month,Yes,Credit card (automatic),99.77,5986.43,Yes,49m+
C00841,Male,0,No,Yes,24,No,No phone service,Fiber optic,No,No,Yes,No,No,No,One year,No,Electronic check,81.12,1855.79,No,13-24m
C00842,Male,1,No,No,23,Yes,No,DSL,No,Yes,Yes,No,Yes,No,Month-to-month,No,Bank transfer (automatic),105.66,2528.21,Yes,13-24m
C00843,Female,0,No,No,24,Yes,No,DSL,Yes,No,Yes,No,No,No,Month-to-month,No,Bank transfer (automatic),83.74,2058.56,Yes,13-24m
C00844,Female,0,Yes,No,16,Yes,Yes,DSL,Yes,Yes,No,Yes,No,Yes,Two year,No,Electronic check,123.06,1876.03,No,13-24m
C00845,Male,0,No,Yes,36,Yes,No,No,No internet service,No internet service,No internet service,No internet service,No internet service,No internet service,Month-to-month,No,Electronic check,41.24,1429.09,No,25-48m
C00846,Female,0,No,No,18,Yes,No,Fiber optic,Yes,No,No,Yes,No,Yes,Month-to-month,Yes,Credit card (automatic),133.78,2304.48,Yes,13-24m
C00847,Male,0,Yes,No,6,Yes,Yes,No,No internet service,No internet service,No internet service,No internet service,No internet service,No internet service,Month-to-month,No,Electronic check,47.22,274.15,Yes,0-6m
C00848,Male,0,Yes,Yes,68,Yes,No,DSL,No,No,No,No,No,Yes,One year,No,Mailed check,83.59,5930.67,No,49m+
C00849,Female,1,Yes,No,17,Yes,Yes,DSL,No,Yes,No,No,Yes,No,Month-to-month,Yes,Mailed check,101.63,1808.55,No,13-24m
C00850,Female,0,Yes,Yes,8,Yes,No,Fiber optic,No,No,Yes,No,No,No,Two year,No,Electronic check,99.37,816.24,No,7-12m
C00851,Female,0,No,No,25,Yes,No,Fiber optic,No,Yes,No,No,Yes,Yes,Month-to-month,Yes,Mailed check,133.29,3469.82,Yes,25-48m
C00852,Female,0,No,No,72,Yes,No,Fiber optic,No,No,Yes,Yes,No,No,Two year,Yes,Mailed check,114.1,8511.52,Yes,49m+
C00853,Male,0,No,No,10,No,No phone service,No,No internet service,No internet service,No internet service,No internet service,No internet service,No internet service,Month-to-month,Yes,Electronic check,24.74,255.56,No,7-12m
C00854,Male,0,No,No,43,Yes,No,Fiber optic,No,No,Yes,No,No,No,Two year,Yes,Electronic check,110.32,4630.3,No,25-48m
C00855,Female,0,No,Yes,52,Yes,No,No,No internet service,No internet service,No internet service,No internet service,No internet service,No internet service,One year,Yes,Credit card (automatic),41.93,2217.2,No,49m+
C00856,Male,0,No,Yes,5,Yes,No,DSL,Yes,Yes,No,No,No,Yes,Month-to-month,Yes,Bank transfer (automatic),100.11,523.76,No,0-6m
C00857,Female,0,No,No,43,Yes,No,Fiber optic,No,Yes,No,No,No,Yes,One year,No,Electronic check,118.1,5023.52,No,25-48m
C00858,Male,0,No,Yes,41,Yes,No,No,No internet service,No internet service,No internet service,No internet service,No internet service,No internet service,Month-to-month,No,Bank transfer (automatic),38.1,1485.93,Yes,25-48m
C00859,Female,0,Yes,No,68,Yes,No,Fiber optic,Yes,No,Yes,No,No,Yes,Two year,Yes,Electronic check,132.89,9114.48,No,49m+
C00860,Female,0,Yes,Yes,66,Yes,Yes,Fiber optic,No,Yes,Yes,No,No,No,One year,Yes,Bank transfer (automatic),108.85,7175.94,No,49m+
C00861,Female,0,No,No,24,No,No phone service,Fiber optic,Yes,No,Yes,Yes,Yes,No,Month-to-month,No,Mailed check,104.97,2494.5,Yes,13-24m
C00862,Female,0,No,No,48,Yes,Yes,No,No internet service,No internet service,No internet service,No internet service,No internet service,No internet service,Month-to-month,No,Bank transfer (automatic),53.02,2599.21,No,25-48m
C00863,Male,0,Yes,No,49,Yes,Yes,No,No internet service,No internet service,No internet service,No internet service,No internet service,No internet service,Month-to-month,No,Credit card (automatic),48.26,2332.83,No,49m+
C00864,Male,0,No,Yes,3,Yes,Yes,No,No internet service,No internet service,No internet service,No internet service,No internet service,No internet service,Month-to-month,No,Electronic check,47.21,138.94,No,0-6m
C00865,Male,0,Yes,Yes,21,Yes,Yes,Fiber optic,Yes,Yes,No,No,No,Yes,One year,Yes,Electronic check,135.81,2969.53,No,13-24m
C00866,Male,1,Yes,No,67,Yes,Yes,Fiber optic,No,No,No,No,No,No,Two year,Yes,Electronic check,114.52,8017.61,Yes,49m+
C00867,Female,1,No,No,32,Yes,No,DSL,Yes,Yes,No,No,No,Yes,Two year,No,Credit card (automatic),112.53,3552.78,No,25-48m
C00868,Male,0,No,No,37,Yes,No,DSL,No,No,No,Yes,No,Yes,One year,No,Bank transfer (automatic),101.8,3899.77,Yes,25-48m
C00869,Male,0,No,Yes,72,Yes,Yes,Fiber optic,No,No,Yes,Yes,No,No,One year,Yes,Credit card (automatic),125.25,9328.52,No,49m+
C00870,Female,0,Yes,Yes,23,Yes,No,Fiber optic,No,Yes,Yes,No,No,No,Month-to-month,No,Mailed check,119.86,2766.42,Yes,13-24m
C00871,Female,0,No,No,63,No,No phone service,No,No internet service,No internet service,No internet service,No internet service,No internet service,No internet service,Month-to-month,Yes,Electronic check,23.76,1503.86,No,49m+
C00872,Male,0,No,No,22,Yes,No,Fiber optic,No,No,No,Yes,Yes,No,One year,No,Mailed check,122.53,2687.68,Yes,13-24m
C00873,Male,0,Yes,No,55,Yes,Yes,No,No internet service,No internet service,No internet service,No internet service,No internet service,No internet service,One year,Yes,Electronic check,53.32,3002.45,No,49m+
C00874,Female,0,No,No,37,Yes,No,DSL,No,Yes,No,No,No,No,Two year,Yes,Mailed check,77.62,2732.0,No,25-48m
C00875,Female,0,No,Yes,14,Yes,Yes,No,No internet service,No internet service,No internet service,No internet service,No internet service,No internet service,One year,Yes,Mailed check,53.44,755.2,No,13-24m
C00876,Male,0,Yes,No,56,Yes,No,Fiber optic,No,No,No,No,No,No,Month-to-month,Yes,Bank transfer (automatic),92.6,5406.92,Yes,49m+
C00877,Female,0,No,No,37,Yes,No,Fiber optic,No,Yes,No,Yes,No,Yes,One year,Yes,Mailed check,134.18,4798.87,No,25-48m
C00878,Female,0,No,No,18,Yes,No,DSL,No,Yes,No,No,Yes,Yes,Month-to-month,No,Credit card (automatic),102.19,1836.09,Yes,13-24m
C00879,Female,0,Yes,No,72,Yes,Yes,Fiber optic,No,No,No,No,No,No,Month-to-month,No,Electronic check,100.48,7498.21,Yes,49m+
C00880,Male,0,No,No,59,Yes,No,DSL,Yes,No,Yes,No,No,Yes,Month-to-month,Yes,Credit card (automatic),106.15,6339.18,No,49m+
C00881,Female,0,No,No,34,No,No phone service,DSL,No,Yes,No,No,Yes,Yes,Two year,No,Mailed check,81.56,2815.53,Yes,25-48m
C00882,Female,0,No,Yes,34,Yes,No,No,No internet service,No internet service,No internet service,No internet service,No internet service,No internet service,Month-to-month,No,Bank transfer (automatic),37.19,1252.49,Yes,25-48m
C00883,Female,0,Yes,No,8,Yes,Yes,Fiber optic,No,Yes,Yes,No,No,No,One year,Yes,Credit card (automatic),118.6,922.37,Yes,7-12m
C00884,Male,0,No,No,8,Yes,Yes,DSL,Yes,Yes,Yes,No,Yes,Yes,Month-to-month,No,Bank transfer (automatic),129.8,1012.49,Yes,7-12m
C00885,Male,1,No,No,30,Yes,Yes,No,No internet service,No internet service,No internet service,No internet service,No internet service,No internet service,Month-to-month,No,Electronic check,47.92,1458.58,Yes,25-48m
C00886,Female,0,No,No,26,Yes,No,Fiber optic,Yes,No,No,No,Yes,No,One year,No,Electronic check,119.77,2966.84,No,25-48m
C00887,Female,0,Yes,No,63,Yes,Yes,Fiber optic,No,No,No,No,No,Yes,Month-to-month,Yes,Bank transfer (automatic),123.43,7489.99,No,49m+
C00888,Male,0,No,Yes,54,Yes,No,Fiber optic,Yes,No,No,No,Yes,No,One year,Yes,Electronic check,114.41,6242.54,Yes,49m+
C00889,Female,0,No,Yes,3,Yes,Yes,Fiber optic,Yes,No,Yes,Yes,No,No,Month-to-month,Yes,Electronic check,141.87,429.36,Yes,0-6m
C00890,Male,0,No,No,4,Yes,Yes,DSL,Yes,No,No,No,No,Yes,Month-to-month,Yes,Electronic check,93.59,374.47,Yes,0-6m
C00891,Female,0,No,No,29,Yes,Yes,Fiber optic,No,No,No,No,No,No,Month-to-month,Yes,Mailed check,97.6,2966.77,Yes,25-48m
C00892,Male,0,Yes,Yes,18,Yes,Yes,DSL,No,No,Yes,No,No,Yes,Month-to-month,Yes,Electronic check,104.38,1901.31,Yes,13-24m
C00893,Male,0,No,Yes,45,Yes,Yes,Fiber optic,Yes,Yes,No,Yes,No,Yes,Month-to-month,Yes,Electronic check,151.18,6759.59,Yes,25-48m
C00894,Female,0,Yes,Yes,42,Yes,No,No,No internet service,No internet service,No internet service,No internet service,No internet service,No internet service,Month-to-month,Yes,Electronic check,39.05,1591.56,No,25-48m
C00895,Female,0,Yes,No,54,No,No phone service,Fiber optic,No,Yes,Yes,No,No,Yes,Month-to-month,No,Electronic check,108.87,5812.62,Yes,49m+
C00896,Male,1,Yes,No,23,Yes,No,No,No internet service,No internet service,No internet service,No internet service,No internet service,No internet service,Month-to-month,Yes,Credit card (automatic),42.76,990.09,Yes,13-24m
C00897,Female,0,No,No,22,Yes,No,No,No internet service,No internet service,No internet service,No internet service,No internet service,No internet service,Two year,Yes,Bank transfer (automatic),41.35,945.21,No,13-24m
C00898,Male,1,Yes,No,49,Yes,Yes,DSL,Yes,No,Yes,No,No,No,Month-to-month,Yes,Mailed check,94.78,4798.65,No,49m+
C00899,Female,0,Yes,No,39,Yes,No,Fiber optic,No,Yes,Yes,Yes,No,Yes,Month-to-month,No,Credit card (automatic),139.9,5713.79,Yes,25-48m
C00900,Female,0,No,Yes,34,Yes,Yes,DSL,No,Yes,No,No,No,Yes,Two year,Yes,Bank transfer (automatic),93.39,3071.92,No,25-48m
C00901,Female,0,Yes,No,12,No,No phone service,Fiber optic,No,No,No,Yes,No,Yes,Month-to-month,Yes,Bank transfer (automatic),108.55,1283.24,Yes,7-12m
C00902,Female,0,No,No,38,Yes,Yes,No,No internet service,No internet service,No internet service,No internet service,No internet service,No internet service,Two year,Yes,Electronic check,48.79,1892.87,No,25-48m
C00903,Male,0,No,No,42,Yes,No,Fiber optic,Yes,Yes,No,No,No,Yes,One year,Yes,Bank transfer (automatic),121.71,5290.11,No,25-48m
C00904,Male,0,No,Yes,8,Yes,No,Fiber optic,No,No,Yes,Yes,No,No,Month-to-month,No,Electronic check,117.79,947.32,Yes,7-12m
C00905,Male,0,Yes,No,10,Yes,Yes,Fiber optic,Yes,Yes,No,No,No,Yes,Month-to-month,Yes,Electronic check,140.6,1473.21,Yes,7-12m
C00906,Female,1,No,No,34,Yes,No,Fiber optic,Yes,Yes,Yes,Yes,No,No,One year,Yes,Mailed check,138.03,4681.87,No,25-48m
C00907,Female,0,Yes,Yes,72,Yes,No,Fiber optic,No,No,No,Yes,Yes,No,Month-to-month,No,Credit card (automatic),120.52,8476.12,Yes,49m+
C00908,Female,0,Yes,Yes,47,Yes,No,Fiber optic,No,No,No,Yes,Yes,No,Two year,Yes,Electronic check,117.62,5349.31,No,25-48m
C00909,Male,0,Yes,No,51,Yes,Yes,No,No internet service,No internet service,No internet service,No internet service,No internet service,No internet service,Month-to-month,Yes,Bank transfer (automatic),45.34,2313.47,No,49m+
C00910,Male,0,Yes,No,70,Yes,No,DSL,No,No,No,No,No,Yes,Two year,Yes,Electronic check,90.21,6402.45,No,49m+
C00911,Male,0,Yes,Yes,18,Yes,Yes,Fiber optic,No,No,Yes,No,No,Yes,Month-to-month,Yes,Credit card (automatic),128.08,2210.33,Yes,13-24m
C00912,Male,0,No,No,51,Yes,Yes,No,No internet service,No internet service,No internet service,No internet service,No internet service,No internet service,Two year,Yes,Bank transfer (automatic),47.4,2388.76,No,49m+
C00913,Male,0,No,Yes,13,Yes,No,Fiber optic,No,No,No,No,No,No,Two year,No,Credit card (automatic),100.84,1263.14,No,13-24m
C00914,Male,0,Yes,No,37,Yes,Yes,Fiber optic,No,Yes,No,No,Yes,Yes,Two year,Yes,Electronic check,138.39,5090.07,No,25-48m
C00915,Male,1,Yes,No,28,Yes,Yes,DSL,No,Yes,No,No,Yes,Yes,Two year,Yes,Credit card (automatic),112.04,3251.34,No,25-48m
C00916,Female,0,No,No,34,Yes,No,DSL,No,No,No,Yes,Yes,No,Month-to-month,Yes,Credit card (automatic),95.24,3319.06,Yes,25-48m
C00917,Female,0,No,Yes,65,No,No phone service,Fiber optic,No,Yes,No,No,No,Yes,Month-to-month,No,Mailed check,90.49,5817.32,No,49m+
C00918,Male,0,Yes,No,54,Yes,No,DSL,No,Yes,No,No,Yes,No,Month-to-month,Yes,Electronic check,95.29,5266.39,Yes,49m+
C00919,Male,0,No,No,68,Yes,No,Fiber optic,Yes,Yes,No,Yes,No,No,Month-to-month,No,Electronic check,118.51,7899.64,No,49m+
C00920,Female,0,No,Yes,18,Yes,Yes,Fiber optic,No,No,No,No,No,No,One year,No,Mailed check,103.22,1779.56,No,13-24m
C00921,Male,0,No,No,67,Yes,No,No,No internet service,No internet service,No internet service,No internet service,No internet service,No internet service,Month-to-month,No,Bank transfer (automatic),44.31,3035.72,No,49m+
C00922,Male,0,Yes,Yes,37,Yes,Yes,No,No internet service,No internet service,No internet service,No internet service,No internet service,No internet service,Two year,No,Credit card (automatic),48.08,1840.64,No,25-48m
C00923,Female,0,Yes,No,64,Yes,No,DSL,No,Yes,No,Yes,No,Yes,Month-to-month,Yes,Electronic check,108.72,6775.48,Yes,49m+
C00924,Male,0,Yes,No,71,Yes,Yes,DSL,No,No,No,No,Yes,No,Month-to-month,No,Credit card (automatic),95.05,7077.12,Yes,49m+
C00925,Male,0,Yes,No,72,Yes,Yes,DSL,Yes,Yes,No,Yes,No,No,Month-to-month,Yes,Mailed check,112.15,7954.29,Yes,49m+
C00926,Male,1,Yes,No,44,Yes,No,Fiber optic,No,No,No,Yes,Yes,No,Two year,Yes,Bank transfer (automatic),119.29,5216.8,No,25-48m
C00927,Male,0,No,No,58,Yes,Yes,Fiber optic,No,No,No,No,Yes,No,One year,Yes,Bank transfer (automatic),115.64,7037.03,Yes,49m+
C00928,Male,0,Yes,No,50,Yes,No,No,No internet service,No internet service,No internet service,No internet service,No internet service,No internet service,Month-to-month,No,Bank transfer (automatic),43.32,2193.6,Yes,49m+
C00929,Male,0,No,No,60,No,No phone service,Fiber optic,No,No,Yes,No,Yes,No,One year,Yes,Credit card (automatic),103.42,6422.71,Yes,49m+
C00930,Female,0,No,No,48,Yes,No,DSL,Yes,Yes,No,No,No,No,Month-to-month,No,Electronic check,87.0,4229.01,No,25-48m
C00931,Male,0,No,No,33,No,No phone service,DSL,No,No,No,Yes,No,Yes,Month-to-month,Yes,Electronic check,81.73,2652.82,Yes,25-48m
C00932,Male,0,Yes,No,26,Yes,Yes,Fiber optic,No,Yes,No,No,Yes,No,Month-to-month,Yes,Electronic check,134.4,3465.01,No,25-48m
C00933,Female,0,No,No,4,Yes,No,Fiber optic,No,No,No,No,Yes,Yes,Month-to-month,Yes,Mailed check,127.44,528.69,Yes,0-6m
C00934,Female,0,Yes,Yes,57,Yes,Yes,No,No internet service,No internet service,No internet service,No internet service,No internet service,No internet service,One year,Yes,Electronic check,50.19,2975.5,No,49m+
C00935,Female,0,No,No,17,Yes,No,No,No internet service,No internet service,No internet service,No internet service,No internet service,No internet service,One year,Yes,Credit card (automatic),41.21,734.51,No,13-24m
C00936,Female,0,No,No,61,Yes,No,DSL,No,Yes,No,No,No,No,One year,Yes,Credit card (automatic),77.28,4548.49,No,49m+
C00937,Male,0,No,No,19,Yes,No,Fiber optic,Yes,No,No,No,No,Yes,Month-to-month,Yes,Mailed check,111.06,2083.6,No,13-24m
C00938,Male,0,No,Yes,60,Yes,No,Fiber optic,No,Yes,Yes,No,No,No,Month-to-month,Yes,Credit card (automatic),113.03,6793.23,No,49m+
C00939,Male,1,Yes,No,68,Yes,Yes,No,No internet service,No internet service,No internet service,No internet service,No internet service,No internet service,Month-to-month,No,Bank transfer (automatic),46.02,3121.02,No,49m+
C00940,Male,1,No,No,34,Yes,No,DSL,No,No,Yes,No,Yes,No,One year,No,Credit card (automatic),96.58,3357.73,No,25-48m
C00941,Female,0,Yes,No,56,Yes,Yes,Fiber optic,No,No,No,No,No,No,One year,Yes,Credit card (automatic),109.3,6020.4,Yes,49m+
C00942,Male,0,Yes,No,39,Yes,Yes,Fiber optic,No,No,No,No,Yes,No,Two year,Yes,Credit card (automatic),121.07,4730.39,No,25-48m
C00943,Male,0,No,No,17,Yes,Yes,No,No internet service,No internet service,No internet service,No internet service,No internet service,No internet service,One year,No,Mailed check,44.91,734.58,No,13-24m
C00944,Female,1,Yes,No,4,Yes,No,DSL,No,Yes,Yes,Yes,No,Yes,Two year,Yes,Mailed check,102.05,419.18,Yes,0-6m
C00945,Male,1,Yes,No,30,Yes,No,Fiber optic,No,Yes,No,No,Yes,Yes,Two year,No,Mailed check,134.97,4053.01,No,25-48m
C00946,Male,0,Yes,No,19,Yes,No,No,No internet service,No internet service,No internet service,No internet service,No internet service,No internet service,Two year,Yes,Mailed check,42.15,835.96,No,13-24m
C00947,Male,0,No,No,29,No,No phone service,Fiber optic,Yes,Yes,No,No,Yes,No,One year,No,Electronic check,105.2,3183.63,No,25-48m
C00948,Female,0,Yes,No,72,Yes,No,No,No internet service,No internet service,No internet service,No internet service,No internet service,No internet service,Month-to-month,No,Bank transfer (automatic),37.05,2775.08,Yes,49m+
C00949,Female,1,No,No,5,Yes,No,Fiber optic,No,No,Yes,Yes,Yes,No,One year,Yes,Electronic check,112.29,542.74,Yes,0-6m
C00950,Female,1,No,No,2,Yes,Yes,Fiber optic,Yes,Yes,No,No,Yes,Yes,Two year,Yes,Bank transfer (automatic),154.91,324.64,Yes,0-6m
C00951,Male,0,No,No,35,Yes,No,Fiber optic,No,No,No,No,Yes,No,Month-to-month,Yes,Credit card (automatic),111.23,4063.31,Yes,25-48m
C00952,Male,0,No,No,14,Yes,No,No,No internet service,No internet service,No internet service,No internet service,No internet service,No internet service,Month-to-month,Yes,Electronic check,39.05,568.02,No,13-24m
C00953,Male,0,Yes,Yes,35,Yes,No,No,No internet service,No internet service,No internet service,No internet service,No internet service,No internet service,Month-to-month,Yes,Bank transfer (automatic),41.1,1451.59,No,25-48m
C00954,Female,0,No,No,39,Yes,Yes,No,No internet service,No internet service,No internet service,No internet service,No internet service,No internet service,Month-to-month,Yes,Credit card (automatic),49.07,1938.51,No,25-48m
C00955,Female,0,No,No,4,Yes,No,DSL,Yes,Yes,No,No,No,Yes,Month-to-month,No,Electronic check,109.74,451.45,Yes,0-6m
C00956,Male,0,No,No,18,Yes,Yes,DSL,No,Yes,No,Yes,Yes,Yes,Month-to-month,No,Electronic check,132.73,2402.13,Yes,13-24m
C00957,Male,0,No,No,61,Yes,Yes,Fiber optic,No,Yes,No,No,No,No,One year,No,Mailed check,114.43,7060.79,Yes,49m+
C00958,Male,0,No,No,5,Yes,Yes,No,No internet service,No internet service,No internet service,No internet service,No internet service,No internet service,One year,No,Bank transfer (automatic),50.57,240.64,No,0-6m
C00959,Female,1,Yes,Yes,3,Yes,No,Fiber optic,No,No,No,Yes,Yes,Yes,Month-to-month,Yes,Bank transfer (automatic),125.39,358.82,Yes,0-6m
C00960,Male,0,Yes,No,14,Yes,No,Fiber optic,Yes,Yes,Yes,Yes,Yes,No,Month-to-month,No,Electronic check,147.65,2109.48,Yes,13-24m
C00961,Male,0,No,No,36,Yes,Yes,DSL,No,No,Yes,Yes,Yes,No,Two year,Yes,Mailed check,120.6,4187.57,No,25-48m
C00962,Male,0,Yes,No,49,Yes,Yes,Fiber optic,No,Yes,Yes,Yes,No,Yes,Month-to-month,Yes,Electronic check,152.48,7566.63,Yes,49m+
C00963,Male,0,Yes,No,66,Yes,Yes,No,No internet service,No internet service,No internet service,No internet service,No internet service,No internet service,Month-to-month,Yes,Bank transfer (automatic),51.93,3470.64,No,49m+
C00964,Male,0,No,Yes,2,Yes,No,DSL,Yes,Yes,Yes,No,Yes,Yes,Month-to-month,Yes,Electronic check,118.11,231.12,Yes,0-6m
C00965,Female,0,Yes,Yes,18,Yes,No,Fiber optic,No,No,No,Yes,No,Yes,One year,Yes,Electronic check,124.53,2267.1,Yes,13-24m
C00966,Male,0,No,No,44,No,No phone service,DSL,No,No,No,Yes,No,No,One year,No,Credit card (automatic),72.64,3105.33,No,25-48m
C00967,Female,1,Yes,No,50,Yes,Yes,Fiber optic,No,Yes,No,No,No,Yes,One year,Yes,Electronic check,125.01,6427.0,Yes,49m+
C00968,Male,0,Yes,No,63,Yes,No,DSL,Yes,No,Yes,No,No,No,Month-to-month,Yes,Electronic check,90.16,5689.02,No,49m+
C00969,Female,0,Yes,No,57,Yes,No,DSL,No,No,Yes,No,No,No,Two year,Yes,Credit card (automatic),84.64,4877.15,No,49m+
C00970,Male,0,No,No,42,Yes,Yes,DSL,No,Yes,Yes,No,Yes,Yes,One year,No,Credit card (automatic),120.5,5065.76,No,25-48m
C00971,Female,0,No,No,18,Yes,Yes,Fiber optic,Yes,No,No,No,Yes,No,Month-to-month,No,Bank transfer (automatic),115.43,2161.92,Yes,13-24m
C00972,Male,0,Yes,Yes,30,Yes,No,Fiber optic,No,Yes,No,No,No,No,One year,Yes,Credit card (automatic),109.61,3339.54,Yes,25-48m
C00973,Male,0,Yes,Yes,13,Yes,No,Fiber optic,Yes,No,Yes,No,No,No,Two year,No,Electronic check,105.68,1349.74,Yes,13-24m
C00974,Male,0,No,No,14,Yes,No,DSL,No,No,Yes,No,Yes,No,One year,Yes,Credit card (automatic),88.97,1277.17,No,13-24m
C00975,Male,0,Yes,No,68,Yes,No,DSL,No,No,No,Yes,No,No,One year,Yes,Mailed check,79.14,5366.23,No,49m+
C00976,Female,0,Yes,Yes,11,No,No phone service,Fiber optic,No,No,No,No,Yes,Yes,Two year,Yes,Electronic check,94.95,994.98,No,7-12m
C00977,Female,1,No,No,19,Yes,Yes,Fiber optic,No,No,No,No,No,No,Two year,Yes,Electronic check,96.97,1776.04,No,13-24m
C00978,Female,0,No,Yes,39,Yes,Yes,DSL,No,No,No,Yes,Yes,Yes,Month-to-month,No,Electronic check,113.45,4472.98,Yes,25-48m
C00979,Female,1,Yes,Yes,19,Yes,No,Fiber optic,Yes,Yes,Yes,No,Yes,No,One year,No,Mailed check,126.24,2517.59,Yes,13-24m
C00980,Female,0,Yes,No,54,Yes,Yes,DSL,Yes,No,No,No,No,No,Two year,No,Credit card (automatic),98.5,5150.24,No,49m+
C00981,Female,0,No,Yes,56,Yes,No,Fiber optic,Yes,Yes,No,No,No,Yes,Month-to-month,Yes,Bank transfer (automatic),112.48,6194.67,No,49m+
C00982,Female,1,No,No,11,Yes,Yes,Fiber optic,No,No,No,Yes,No,No,Month-to-month,Yes,Credit card (automatic),115.63,1334.7,Yes,7-12m
C00983,Female,0,No,No,5,Yes,Yes,Fiber optic,No,No,Yes,No,Yes,No,Two year,No,Bank transfer (automatic),123.68,592.95,No,0-6m
C00984,Female,0,No,No,47,No,No phone service,No,No internet service,No internet service,No internet service,No internet service,No internet service,No internet service,Month-to-month,No,Electronic check,23.39,1093.64,Yes,25-48m
C00985,Female,1,No,Yes,24,Yes,No,Fiber optic,No,No,Yes,No,No,No,Month-to-month,No,Mailed check,105.98,2630.15,Yes,13-24m
C00986,Male,0,No,No,16,Yes,No,DSL,No,Yes,No,No,No,No,One year,Yes,Bank transfer (automatic),84.58,1288.06,No,13-24m
C00987,Female,0,Yes,No,22,Yes,Yes,No,No internet service,No internet service,No internet service,No internet service,No internet service,No internet service,Two year,Yes,Electronic check,50.89,1170.16,No,13-24m
C00988,Male,0,Yes,No,37,Yes,No,DSL,No,Yes,Yes,No,Yes,No,Month-to-month,Yes,Mailed check,94.87,3350.81,No,25-48m
C00989,Male,0,No,Yes,48,Yes,Yes,DSL,No,No,Yes,No,Yes,Yes,Two year,Yes,Credit card (automatic),105.11,5227.81,No,25-48m
C00990,Female,0,No,No,57,Yes,No,Fiber optic,No,No,No,No,Yes,No,Two year,Yes,Electronic check,103.97,6154.5,No,49m+
C00991,Male,0,No,Yes,64,Yes,Yes,DSL,No,No,No,No,No,No,Month-to-month,Yes,Mailed check,78.98,5003.39,No,49m+
C00992,Male,0,No,No,72,Yes,Yes,No,No internet service,No internet service,No internet service,No internet service,No internet service,No internet service,Month-to-month,No,Mailed check,48.34,3409.12,No,49m+
C00993,Female,0,Yes,Yes,11,Yes,Yes,DSL,Yes,No,No,No,Yes,Yes,Month-to-month,Yes,Credit card (automatic),111.03,1202.16,Yes,7-12m
C00994,Male,0,No,No,8,Yes,No,DSL,Yes,No,No,No,No,Yes,Month-to-month,No,Credit card (automatic),91.22,715.24,Yes,7-12m
C00995,Female,0,No,Yes,9,Yes,No,No,No internet service,No internet service,No internet service,No internet service,No internet service,No internet service,Two year,Yes,Credit card (automatic),40.74,383.22,Yes,7-12m
C00996,Male,0,Yes,No,27,Yes,Yes,Fiber optic,No,Yes,No,No,No,No,Month-to-month,No,Bank transfer (automatic),120.42,3324.54,No,25-48m
C00997,Female,0,No,No,20,Yes,No,DSL,Yes,Yes,No,No,Yes,No,Month-to-month,No,Electronic check,102.84,2088.72,No,13-24m
C00998,Female,0,No,No,33,Yes,No,Fiber optic,Yes,Yes,No,No,No,Yes,Month-to-month,No,Bank transfer (automatic),117.95,4007.67,Yes,25-48m
C00999,Male,0,Yes,No,34,Yes,Yes,No,No internet service,No internet service,No internet service,No internet service,No internet service,No internet service,Month-to-month,Yes,Bank transfer (automatic),46.26,1526.6,No,25-48m
C01000,Male,1,No,Yes,2,Yes,No,Fiber optic,No,No,Yes,No,No,No,Month-to-month,Yes,Electronic check,103.98,199.44,No,0-6m
C01001,Male,0,Yes,Yes,19,Yes,Yes,DSL,No,No,Yes,No,No,Yes,Month-to-month,Yes,Mailed check,97.82,1915.73,Yes,13-24m
C01002,Female,0,No,No,28,Yes,Yes,Fiber optic,No,No,Yes,No,Yes,No,Month-to-month,Yes,Electronic check,119.54,3482.08,Yes,25-48m
C01003,Male,1,Yes,No,21,Yes,No,DSL,Yes,No,No,Yes,Yes,Yes,Two year,Yes,Credit card (automatic),104.27,2286.22,No,13-24m
C01004,Male,0,Yes,No,19,Yes,No,DSL,No,No,No,Yes,Yes,No,One year,No,Bank transfer (automatic),88.45,1713.06,Yes,13-24m
C01005,Female,0,No,No,38,Yes,No,DSL,No,No,No,No,No,No,Month-to-month,No,Electronic check,73.77,2671.83,Yes,25-48m
C01006,Female,0,No,No,44,Yes,Yes,No,No internet service,No internet service,No internet service,No internet service,No internet service,No internet service,Month-to-month,Yes,Electronic check,45.59,2045.96,Yes,25-48m
C01007,Female,0,No,No,23,Yes,Yes,DSL,No,Yes,No,Yes,Yes,Yes,Month-to-month,Yes,Mailed check,124.75,2831.24,No,13-24m
C01008,Male,0,No,No,69,Yes,No,Fiber optic,No,No,No,No,Yes,Yes,Two year,Yes,Electronic check,121.06,8763.08,No,49m+
C01009,Female,0,Yes,No,52,Yes,No,DSL,Yes,Yes,Yes,No,No,No,Two year,Yes,Bank transfer (automatic),102.41,5413.86,No,49m+
C01010,Female,0,Yes,No,57,Yes,No,Fiber optic,Yes,No,Yes,No,No,No,Month-to-month,Yes,Credit card (automatic),118.9,7055.97,No,49m+
C01011,Female,0,No,No,24,Yes,Yes,Fiber optic,No,Yes,Yes,Yes,Yes,No,One year,No,Credit card (automatic),135.81,3346.53,No,13-24m
C01012,Female,0,No,No,15,Yes,Yes,No,No internet service,No internet service,No internet service,No internet service,No internet service,No internet service,Two year,Yes,Mailed check,46.87,702.96,No,13-24m
C01013,Female,1,Yes,No,67,Yes,No,No,No internet service,No internet service,No internet service,No internet service,No internet service,No internet service,Month-to-month,No,Credit card (automatic),44.67,2973.07,No,49m+
C01014,Female,0,Yes,No,51,Yes,Yes,Fiber optic,No,Yes,Yes,No,Yes,No,Month-to-month,Yes,Mailed check,124.11,6073.5,Yes,49m+
C01015,Male,0,No,No,59,No,No phone service,Fiber optic,No,Yes,Yes,No,No,No,One year,Yes,Mailed check,95.2,5619.4,Yes,49m+
C01016,Male,1,No,Yes,41,Yes,Yes,DSL,No,Yes,Yes,No,No,Yes,One year,No,Bank transfer (automatic),118.74,4835.51,Yes,25-48m
C01017,Female,0,No,Yes,53,Yes,No,Fiber optic,No,No,No,No,No,No,One year,Yes,Electronic check,100.58,5557.16,Yes,49m+
C01018,Female,0,No,No,70,Yes,No,No,No internet service,No internet service,No internet service,No internet service,No internet service,No internet service,Month-to-month,Yes,Credit card (automatic),41.59,2915.25,Yes,49m+
C01019,Female,1,Yes,No,28,Yes,Yes,Fiber optic,No,No,No,No,No,No,One year,No,Credit card (automatic),95.67,2630.7,No,25-48m
C01020,Male,0,No,Yes,50,Yes,Yes,DSL,Yes,Yes,Yes,No,Yes,Yes,Month-to-month,Yes,Bank transfer (automatic),125.1,6034.22,Yes,49m+
C01021,Male,0,No,Yes,64,Yes,Yes,DSL,Yes,No,Yes,No,No,Yes,One year,No,Credit card (automatic),115.46,7267.29,Yes,49m+
C01022,Female,0,No,No,30,Yes,Yes,Fiber optic,No,No,No,No,No,No,Month-to-month,Yes,Mailed check,99.61,3006.6,Yes,25-48m
C01023,Male,0,Yes,No,42,Yes,No,Fiber optic,No,Yes,Yes,Yes,No,No,Month-to-month,Yes,Mailed check,129.87,5482.89,Yes,25-48m
C01024,Female,0,Yes,No,45,Yes,Yes,Fiber optic,No,No,Yes,No,Yes,No,One year,Yes,Electronic check,131.29,5860.61,No,25-48m
C01025,Male,0,No,Yes,26,Yes,Yes,DSL,No,No,No,No,No,Yes,Two year,Yes,Electronic check,89.7,2262.21,No,25-48m
C01026,Female,0,Yes,No,70,Yes,Yes,Fiber optic,No,No,No,Yes,No,Yes,Month-to-month,No,Bank transfer (automatic),132.03,9097.54,No,49m+
C01027,Male,0,No,Yes,45,Yes,No,Fiber optic,No,Yes,No,Yes,No,Yes,Month-to-month,Yes,Bank transfer (automatic),121.0,5230.03,Yes,25-48m
C01028,Male,1,Yes,No,37,Yes,No,Fiber optic,No,No,Yes,No,No,No,One year,No,Electronic check,98.29,3804.55,No,25-48m
C01029,Female,0,Yes,No,32,Yes,No,Fiber optic,No,Yes,Yes,Yes,Yes,No,One year,Yes,Bank transfer (automatic),122.9,3761.13,No,25-48m
C01030,Female,0,Yes,No,20,Yes,No,Fiber optic,Yes,No,No,No,Yes,Yes,Month-to-month,Yes,Credit card (automatic),130.54,2641.11,No,13-24m
C01031,Male,0,Yes,No,19,Yes,No,Fiber optic,Yes,No,No,Yes,Yes,No,Month-to-month,No,Mailed check,115.99,2308.8,Yes,13-24m
C01032,Male,0,Yes,Yes,15,Yes,Yes,Fiber optic,No,Yes,No,Yes,Yes,No,Month-to-month,Yes,Electronic check,140.55,2132.93,Yes,13-24m
C01033,Female,0,Yes,Yes,9,Yes,No,Fiber optic,No,No,No,No,Yes,No,One year,Yes,Credit card (automatic),115.12,1061.94,No,7-12m
C01034,Male,0,Yes,No,29,Yes,No,DSL,No,No,No,No,No,Yes,Month-to-month,Yes,Bank transfer (automatic),84.54,2508.86,Yes,25-48m
C01035,Male,0,No,Yes,17,Yes,Yes,Fiber optic,No,No,No,No,No,No,Month-to-month,Yes,Bank transfer (automatic),112.23,1900.3,Yes,13-24m
C01036,Female,0,No,No,25,Yes,Yes,DSL,No,Yes,No,No,Yes,No,Two year,No,Electronic check,99.29,2582.25,Yes,25-48m
C01037,Male,0,No,No,49,Yes,No,DSL,No,No,No,No,Yes,No,Month-to-month,No,Bank transfer (automatic),94.08,4739.09,No,49m+
C01038,Female,0,Yes,No,52,Yes,No,Fiber optic,No,Yes,Yes,Yes,No,Yes,One year,No,Mailed check,122.17,6235.19,No,49m+
C01039,Female,0,Yes,No,55,Yes,Yes,Fiber optic,Yes,No,No,Yes,No,No,Month-to-month,Yes,Electronic check,129.16,6946.82,Yes,49m+
C01040,Female,0,No,No,55,Yes,No,DSL,No,No,No,No,No,Yes,Month-to-month,Yes,Bank transfer (automatic),79.8,4585.77,No,49m+
C01041,Female,0,No,No,48,Yes,Yes,DSL,No,No,No,Yes,No,No,Month-to-month,Yes,Bank transfer (automatic),93.49,4634.34,No,25-48m
C01042,Female,0,Yes,No,46,Yes,Yes,Fiber optic,Yes,No,Yes,Yes,No,No,One year,No,Credit card (automatic),136.12,6323.37,No,25-48m
C01043,Male,1,Yes,No,67,Yes,No,Fiber optic,No,No,No,No,No,No,Two year,Yes,Mailed check,105.75,7401.98,No,49m+
C01044,Female,0,No,No,45,Yes,Yes,DSL,No,Yes,No,No,No,No,One year,Yes,Mailed check,90.96,4241.34,No,25-48m
C01045,Female,0,Yes,No,2,Yes,No,DSL,No,Yes,No,Yes,No,Yes,Month-to-month,Yes,Credit card (automatic),113.9,221.01,Yes,0-6m
C01046,Male,1,No,No,53,No,No phone service,No,No internet service,No internet service,No internet service,No internet service,No internet service,No internet service,Month-to-month,Yes,Electronic check,23.47,1208.94,No,49m+
C01047,Male,1,No,No,62,Yes,No,Fiber optic,Yes,No,No,No,Yes,No,Two year,Yes,Credit card (automatic),104.05,6363.51,Yes,49m+
C01048,Male,0,No,Yes,42,Yes,No,DSL,Yes,Yes,No,No,Yes,Yes,Month-to-month,Yes,Credit card (automatic),119.61,5086.86,Yes,25-48m
C01049,Male,1,No,No,17,Yes,No,DSL,No,Yes,No,No,No,No,Month-to-month,Yes,Bank transfer (automatic),91.07,1571.54,Yes,13-24m
C01050,Male,0,Yes,No,35,Yes,No,DSL,No,Yes,Yes,Yes,Yes,Yes,One year,Yes,Electronic check,113.97,4137.36,No,25-48m
C01051,Female,0,Yes,Yes,24,Yes,No,No,No internet service,No internet service,No internet service,No internet service,No internet service,No internet service,Two year,Yes,Mailed check,38.09,891.99,No,13-24m
C01052,Male,0,Yes,No,1,Yes,No,Fiber optic,No,No,No,No,No,Yes,Two year,Yes,Credit card (automatic),97.44,96.44,No,0-6m
C01053,Male,1,No,No,40,Yes,No,No,No internet service,No internet service,No internet service,No internet service,No internet service,No internet service,One year,No,Credit card (automatic),42.29,1772.03,Yes,25-48m
C01054,Female,0,Yes,No,42,Yes,No,DSL,No,Yes,No,Yes,Yes,No,Month-to-month,Yes,Credit card (automatic),95.74,3995.94,Yes,25-48m
C01055,Male,0,No,No,70,Yes,No,DSL,Yes,Yes,No,No,Yes,No,One year,Yes,Bank transfer (automatic),111.92,7515.62,No,49m+
C01056,Female,0,No,No,38,Yes,No,Fiber optic,Yes,No,Yes,No,No,No,Month-to-month,Yes,Credit card (automatic),118.36,4503.7,Yes,25-48m
C01057,Male,1,No,No,65,Yes,Yes,No,No internet service,No internet service,No internet service,No internet service,No internet service,No internet service,Month-to-month,No,Mailed check,44.81,2965.83,Yes,49m+
C01058,Female,0,No,No,13,Yes,No,Fiber optic,No,No,No,Yes,No,No,Two year,Yes,Mailed check,109.81,1369.74,No,13-24m
C01059,Male,0,No,Yes,38,Yes,No,Fiber optic,No,Yes,No,No,Yes,No,Month-to-month,No,Mailed check,123.19,4745.18,Yes,25-48m
C01060,Female,0,Yes,Yes,21,Yes,Yes,Fiber optic,No,No,Yes,No,No,Yes,Two year,No,Bank transfer (automatic),117.06,2335.5,No,13-24m
C01061,Female,0,Yes,No,64,Yes,No,DSL,No,Yes,No,Yes,No,No,Two year,Yes,Electronic check,89.41,5657.4,No,49m+
C01062,Female,0,Yes,No,2,Yes,No,Fiber optic,Yes,Yes,No,No,Yes,Yes,Month-to-month,Yes,Electronic check,126.55,251.06,Yes,0-6m
C01063,Female,0,No,No,4,Yes,Yes,Fiber optic,Yes,Yes,No,No,No,Yes,Month-to-month,Yes,Bank transfer (automatic),133.28,555.8,Yes,0-6m
C01064,Male,0,Yes,No,29,Yes,Yes,DSL,No,No,Yes,Yes,Yes,No,Two year,Yes,Credit card (automatic),114.97,3190.38,Yes,25-48m
C01065,Male,0,No,No,28,Yes,Yes,DSL,Yes,Yes,No,Yes,Yes,No,Month-to-month,Yes,Mailed check,123.77,3617.07,Yes,25-48m
C01066,Male,1,No,No,12,Yes,No,No,No internet service,No internet service,No internet service,No internet service,No internet service,No internet service,One year,Yes,Credit card (automatic),43.14,530.67,Yes,7-12m
C01067,Male,0,Yes,No,49,Yes,No,Fiber optic,Yes,No,No,Yes,No,Yes,Month-to-month,Yes,Mailed check,112.95,5801.07,No,49m+
C01068,Female,0,No,No,39,Yes,No,DSL,Yes,No,No,Yes,Yes,Yes,Two year,No,Bank transfer (automatic),123.86,4804.11,No,25-48m
C01069,Male,0,Yes,No,3,Yes,No,DSL,Yes,No,No,No,No,No,One year,Yes,Electronic check,81.17,253.01,Yes,0-6m
C01070,Male,0,No,Yes,53,Yes,No,DSL,Yes,Yes,Yes,Yes,No,No,One year,Yes,Credit card (automatic),115.22,5814.51,No,49m+
C01071,Male,0,No,No,49,Yes,No,DSL,No,No,Yes,No,No,No,Month-to-month,No,Credit card (automatic),90.52,4558.74,No,49m+
C01072,Female,0,No,No,5,No,No phone service,Fiber optic,Yes,No,No,Yes,Yes,No,Month-to-month,Yes,Electronic check,116.96,558.1,Yes,0-6m
C01073,Female,1,No,No,27,No,No phone service,DSL,No,No,Yes,No,Yes,No,Month-to-month,No,Electronic check,74.01,2096.58,No,25-48m
C01074,Male,0,No,No,4,Yes,No,Fiber optic,Yes,Yes,No,No,No,No,Month-to-month,No,Credit card (automatic),117.29,446.53,Yes,0-6m
C01075,Female,1,No,No,41,Yes,Yes,Fiber optic,No,Yes,Yes,No,No,No,Month-to-month,Yes,Bank transfer (automatic),124.71,5140.51,No,25-48m
C01076,Male,1,No,Yes,71,Yes,No,Fiber optic,No,No,Yes,Yes,Yes,No,Two year,Yes,Electronic check,121.19,8532.63,No,49m+
C01077,Male,0,No,No,49,Yes,Yes,No,No internet service,No internet service,No internet service,No internet service,No internet service,No internet service,One year,No,Credit card (automatic),51.86,2624.78,No,49m+
C01078,Female,0,No,No,13,Yes,No,Fiber optic,No,Yes,No,No,Yes,Yes,Two year,No,Credit card (automatic),126.58,1599.46,Yes,13-24m
C01079,Female,0,No,Yes,24,Yes,No,Fiber optic,Yes,No,Yes,No,Yes,No,Month-to-month,Yes,Electronic check,117.01,2857.88,No,13-24m
C01080,Male,0,No,No,71,Yes,Yes,Fiber optic,Yes,Yes,No,No,No,Yes,Month-to-month,Yes,Electronic check,133.91,9903.02,No,49m+
C01081,Female,0,No,No,23,Yes,Yes,DSL,Yes,No,No,No,Yes,Yes,Two year,Yes,Credit card (automatic),108.99,2391.22,No,13-24m
C01082,Male,0,No,No,49,Yes,No,DSL,No,No,Yes,No,No,No,Two year,Yes,Mailed check,82.26,4010.36,No,49m+
C01083,Female,0,No,No,8,Yes,No,Fiber optic,No,Yes,No,No,No,No,One year,Yes,Electronic check,100.77,806.77,Yes,7-12m
C01084,Female,0,Yes,Yes,29,Yes,No,No,No internet service,No internet service,No internet service,No internet service,No internet service,No internet service,Two year,No,Mailed check,41.04,1146.22,No,25-48m
C01085,Male,0,Yes,No,48,Yes,No,No,No internet service,No internet service,No internet service,No internet service,No internet service,No internet service,Month-to-month,Yes,Mailed check,40.44,1994.46,No,25-48m
C01086,Male,0,No,No,5,Yes,Yes,DSL,Yes,No,No,No,Yes,Yes,Month-to-month,No,Mailed check,110.83,557.74,Yes,0-6m
C01087,Male,0,Yes,Yes,9,Yes,No,Fiber optic,No,No,Yes,No,Yes,No,Month-to-month,Yes,Credit card (automatic),106.14,940.06,Yes,7-12m
C01088,Female,0,No,No,8,Yes,No,Fiber optic,No,Yes,Yes,Yes,No,Yes,One year,No,Mailed check,133.15,1109.16,No,7-12m
C01089,Female,0,No,No,29,Yes,Yes,No,No internet service,No internet service,No internet service,No internet service,No internet service,No internet service,Two year,Yes,Mailed check,50.98,1451.0,Yes,25-48m
C01090,Male,0,Yes,Yes,31,Yes,No,Fiber optic,Yes,No,No,Yes,Yes,No,Month-to-month,Yes,Bank transfer (automatic),124.89,3972.74,No,25-48m
C01091,Male,0,Yes,No,31,Yes,No,DSL,Yes,Yes,No,Yes,No,No,Month-to-month,Yes,Mailed check,93.07,2779.44,Yes,25-48m
C01092,Male,0,Yes,No,26,Yes,No,DSL,No,No,No,No,Yes,No,Two year,No,Mailed check,82.64,2070.67,No,25-48m
C01093,Female,1,No,Yes,42,Yes,Yes,Fiber optic,No,Yes,Yes,Yes,Yes,No,Month-to-month,Yes,Electronic check,150.36,6209.62,Yes,25-48m
C01094,Male,0,Yes,No,20,Yes,No,Fiber optic,No,Yes,No,No,Yes,Yes,Month-to-month,No,Credit card (automatic),129.48,2591.19,Yes,13-24m
C01095,Male,0,No,No,11,Yes,Yes,DSL,No,No,Yes,No,Yes,No,Two year,No,Mailed check,97.69,1107.84,Yes,7-12m
C01096,Female,0,No,No,5,Yes,Yes,No,No internet service,No internet service,No internet service,No internet service,No internet service,No internet service,Month-to-month,Yes,Bank transfer (automatic),46.01,221.6,Yes,0-6m
C01097,Female,0,Yes,No,2,Yes,No,No,No internet service,No internet service,No internet service,No internet service,No internet service,No internet service,Month-to-month,No,Mailed check,42.41,84.24,Yes,0-6m
C01098,Female,0,Yes,Yes,71,Yes,No,Fiber optic,No,Yes,No,No,No,No,One year,Yes,Bank transfer (automatic),94.84,6607.32,Yes,49m+
C01099,Female,0,Yes,No,37,Yes,No,DSL,No,No,Yes,No,No,Yes,Month-to-month,Yes,Mailed check,100.01,3656.2,Yes,25-48m
C01100,Male,0,No,Yes,69,Yes,No,DSL,No,No,No,No,No,No,Month-to-month,Yes,Mailed check,70.14,4865.39,Yes,49m+
C01101,Male,0,No,No,18,Yes,No,Fiber optic,No,No,No,No,No,No,Month-to-month,No,Electronic check,91.99,1649.81,No,13-24m
C01102,Male,0,Yes,No,17,Yes,Yes,Fiber optic,No,Yes,Yes,No,Yes,No,Two year,Yes,Electronic check,119.81,2107.62,Yes,13-24m
C01103,Female,0,Yes,Yes,68,Yes,No,Fiber optic,Yes,Yes,Yes,No,Yes,No,Month-to-month,Yes,Mailed check,117.86,8008.13,Yes,49m+
C01104,Female,1,Yes,No,39,Yes,Yes,No,No internet service,No internet service,No internet service,No internet service,No internet service,No internet service,Month-to-month,Yes,Bank transfer (automatic),52.85,2083.34,No,25-48m
C01105,Male,0,No,Yes,15,Yes,No,No,No internet service,No internet service,No internet service,No internet service,No internet service,No internet service,Month-to-month,No,Electronic check,38.05,572.17,No,13-24m
C01106,Male,0,Yes,No,3,Yes,Yes,DSL,No,No,Yes,No,Yes,No,Month-to-month,Yes,Credit card (automatic),93.49,285.97,Yes,0-6m
C01107,Male,0,Yes,No,58,Yes,Yes,Fiber optic,Yes,No,No,No,Yes,No,Two year,Yes,Bank transfer (automatic),117.0,7026.38,No,49m+
C01108,Female,0,Yes,No,11,Yes,Yes,No,No internet service,No internet service,No internet service,No internet service,No internet service,No internet service,Two year,Yes,Credit card (automatic),52.41,588.1,Yes,7-12m
C01109,Female,0,Yes,No,49,Yes,Yes,DSL,No,Yes,No,Yes,No,No,One year,No,Credit card (automatic),96.18,4945.9,No,49m+
C01110,Female,0,No,No,8,Yes,No,DSL,No,No,Yes,Yes,Yes,Yes,Month-to-month,Yes,Credit card (automatic),119.11,974.88,Yes,7-12m
C01111,Female,0,Yes,No,17,Yes,No,DSL,No,No,No,Yes,Yes,No,Month-to-month,No,Mailed check,89.2,1552.68,No,13-24m
C01112,Male,0,No,No,50,Yes,No,DSL,No,Yes,Yes,No,Yes,Yes,Two year,No,Electronic check,109.01,5493.9,No,49m+
C01113,Female,0,No,No,40,Yes,No,DSL,No,Yes,Yes,No,No,No,Month-to-month,Yes,Bank transfer (automatic),87.87,3687.48,Yes,25-48m
C01114,Female,0,Yes,No,67,Yes,No,DSL,No,No,Yes,No,No,No,Month-to-month,No,Credit card (automatic),78.41,5353.99,Yes,49m+
C01115,Female,0,No,No,6,Yes,Yes,No,No internet service,No internet service,No internet service,No internet service,No internet service,No internet service,Month-to-month,Yes,Credit card (automatic),49.96,289.83,Yes,0-6m
C01116,Female,0,Yes,No,26,Yes,No,No,No internet service,No internet service,No internet service,No internet service,No internet service,No internet service,Month-to-month,Yes,Credit card (automatic),40.21,1075.75,Yes,25-48m
C01117,Male,0,Yes,No,13,No,No phone service,No,No internet service,No internet service,No internet service,No internet service,No internet service,No internet service,Month-to-month,Yes,Mailed check,23.86,317.31,Yes,13-24m
C01118,Female,0,No,No,55,No,No phone service,DSL,No,Yes,No,Yes,Yes,Yes,Month-to-month,No,Bank transfer (automatic),108.1,6004.4,Yes,49m+
C01119,Female,0,Yes,No,66,Yes,Yes,DSL,No,No,Yes,No,Yes,No,One year,Yes,Bank transfer (automatic),102.07,6440.76,Yes,49m+
C01120,Male,0,No,No,66,Yes,Yes,No,No internet service,No internet service,No internet service,No internet service,No internet service,No internet service,Month-to-month,No,Bank transfer (automatic),51.73,3583.1,No,49m+
C01121,Male,0,Yes,No,26,Yes,Yes,Fiber optic,No,No,No,No,Yes,No,Month-to-month,No,Mailed check,107.42,2784.38,No,25-48m
C01122,Female,0,Yes,No,3,Yes,Yes,Fiber optic,No,Yes,No,Yes,No,Yes,Month-to-month,Yes,Mailed check,137.98,424.07,No,0-6m
C01123,Female,0,No,Yes,6,No,No phone service,No,No internet service,No internet service,No internet service,No internet service,No internet service,No internet service,Month-to-month,No,Bank transfer (automatic),25.48,154.45,No,0-6m
C01124,Female,0,No,No,57,No,No phone service,No,No internet service,No internet service,No internet service,No internet service,No internet service,No internet service,Month-to-month,No,Bank transfer (automatic),25.94,1453.59,No,49m+
C01125,Female,0,No,No,8,No,No phone service,Fiber optic,No,Yes,No,Yes,Yes,No,Month-to-month,Yes,Credit card (automatic),105.08,803.91,Yes,7-12m
C01126,Male,0,No,No,68,Yes,Yes,Fiber optic,No,No,No,No,Yes,No,Two year,Yes,Electronic check,109.23,7526.44,Yes,49m+
C01127,Male,0,No,No,11,No,No phone service,No,No internet service,No internet service,No internet service,No internet service,No internet service,No internet service,Month-to-month,No,Mailed check,25.63,283.47,Yes,7-12m
C01128,Female,0,No,No,43,Yes,No,DSL,No,No,Yes,Yes,No,No,Month-to-month,Yes,Credit card (automatic),90.4,4026.82,Yes,25-48m
C01129,Female,0,No,Yes,45,Yes,Yes,Fiber optic,No,No,Yes,No,No,No,Month-to-month,No,Bank transfer (automatic),113.01,5212.15,Yes,25-48m
C01130,Female,0,Yes,No,23,Yes,Yes,Fiber optic,Yes,Yes,No,No,Yes,Yes,Two year,Yes,Credit card (automatic),138.98,3245.46,Yes,13-24m
C01131,Female,1,Yes,No,23,Yes,No,Fiber optic,No,No,Yes,Yes,No,No,Month-to-month,Yes,Bank transfer (automatic),104.82,2291.15,No,13-24m
C01132,Female,0,Yes,No,54,Yes,Yes,No,No internet service,No internet service,No internet service,No internet service,No internet service,No internet service,One year,Yes,Credit card (automatic),52.47,2839.69,No,49m+
C01133,Male,0,Yes,No,2,Yes,Yes,Fiber optic,No,Yes,No,Yes,No,Yes,One year,No,Mailed check,126.83,251.22,No,0-6m
C01134,Female,1,No,Yes,27,Yes,No,Fiber optic,No,No,No,No,Yes,No,Month-to-month,No,Electronic check,114.32,3022.84,No,25-48m
C01135,Female,0,No,No,44,Yes,No,No,No internet service,No internet service,No internet service,No internet service,No internet service,No internet service,Month-to-month,Yes,Electronic check,44.39,1925.67,Yes,25-48m
C01136,Male,0,No,No,63,Yes,Yes,No,No internet service,No internet service,No internet service,No internet service,No internet service,No internet service,Month-to-month,Yes,Electronic check,51.45,3272.32,No,49m+
C01137,Male,0,No,No,59,Yes,Yes,Fiber optic,Yes,No,No,No,Yes,No,Month-to-month,No,Bank transfer (automatic),120.64,6842.14,No,49m+
C01138,Female,0,Yes,No,64,No,No phone service,No,No internet service,No internet service,No internet service,No internet service,No internet service,No internet service,Month-to-month,No,Mailed check,24.26,1627.7,Yes,49m+
C01139,Female,1,Yes,No,9,No,No phone service,Fiber optic,Yes,Yes,Yes,No,No,No,Month-to-month,Yes,Bank transfer (automatic),112.4,992.21,No,7-12m
C01140,Female,0,Yes,No,44,Yes,Yes,No,No internet service,No internet service,No internet service,No internet service,No internet service,No internet service,One year,No,Electronic check,47.45,1988.17,No,25-48m
C01141,Female,1,No,Yes,14,Yes,No,Fiber optic,No,Yes,No,No,Yes,No,Month-to-month,Yes,Bank transfer (automatic),111.42,1584.33,Yes,13-24m
C01142,Male,0,No,Yes,68,Yes,No,Fiber optic,No,No,No,Yes,No,No,Month-to-month,No,Credit card (automatic),105.39,7427.96,Yes,49m+
C01143,Female,1,No,No,72,Yes,No,DSL,Yes,Yes,Yes,Yes,No,Yes,One year,Yes,Electronic check,119.55,8970.75,No,49m+
C01144,Female,0,No,No,2,Yes,No,Fiber optic,No,No,Yes,No,Yes,No,Month-to-month,Yes,Credit card (automatic),113.85,219.4,Yes,0-6m
C01145,Female,0,Yes,No,33,Yes,No,Fiber optic,Yes,Yes,No,Yes,No,No,Two year,Yes,Electronic check,128.44,4359.32,Yes,25-48m
C01146,Female,0,Yes,No,44,Yes,Yes,Fiber optic,No,No,No,No,Yes,Yes,Two year,Yes,Mailed check,129.15,5898.57,Yes,25-48m
C01147,Male,0,Yes,No,37,Yes,No,No,No internet service,No internet service,No internet service,No internet service,No internet service,No internet service,Month-to-month,No,Credit card (automatic),41.7,1492.19,No,25-48m
C01148,Female,1,Yes,No,63,No,No phone service,Fiber optic,Yes,Yes,Yes,No,No,Yes,Month-to-month,Yes,Mailed check,118.16,7598.57,No,49m+
C01149,Female,1,Yes,No,19,Yes,No,DSL,No,No,No,No,Yes,No,Month-to-month,No,Mailed check,89.82,1638.56,Yes,13-24m
C01150,Male,0,No,Yes,58,No,No phone service,Fiber optic,Yes,No,Yes,No,Yes,No,Month-to-month,Yes,Bank transfer (automatic),97.53,5633.96,Yes,49m+
C01151,Female,0,Yes,Yes,14,Yes,No,Fiber optic,No,No,No,No,No,No,One year,Yes,Electronic check,95.08,1330.43,No,13-24m
C01152,Female,1,No,No,21,Yes,Yes,DSL,No,No,No,No,No,No,Month-to-month,Yes,Electronic check,92.6,1932.42,Yes,13-24m
C01153,Male,1,No,No,28,Yes,Yes,No,No internet service,No internet service,No internet service,No internet service,No internet service,No internet service,Two year,No,Credit card (automatic),51.99,1482.59,No,25-48m
C01154,Male,0,Yes,No,27,Yes,No,No,No internet service,No internet service,No internet service,No internet service,No internet service,No internet service,Month-to-month,No,Electronic check,40.12,1111.99,Yes,25-48m
C01155,Male,0,No,No,15,Yes,No,Fiber optic,No,No,Yes,Yes,No,No,Two year,Yes,Electronic check,105.2,1528.26,No,13-24m
C01156,Male,0,No,No,23,Yes,No,Fiber optic,Yes,No,No,Yes,Yes,No,Month-to-month,Yes,Bank transfer (automatic),123.73,2893.4,No,13-24m
C01157,Male,0,Yes,No,59,Yes,Yes,No,No internet service,No internet service,No internet service,No internet service,No internet service,No internet service,Two year,No,Bank transfer (automatic),47.79,2757.82,No,49m+
C01158,Male,0,No,No,25,Yes,No,Fiber optic,No,No,No,No,No,No,Month-to-month,Yes,Mailed check,89.24,2285.38,Yes,25-48m
C01159,Female,0,No,No,23,Yes,No,DSL,No,No,No,No,Yes,No,One year,Yes,Credit card (automatic),78.42,1844.41,No,13-24m
C01160,Female,0,Yes,No,31,Yes,No,No,No internet service,No internet service,No internet service,No internet service,No internet service,No internet service,One year,No,Electronic check,38.29,1175.51,No,25-48m
C01161,Male,0,No,Yes,51,Yes,Yes,Fiber optic,Yes,Yes,Yes,No,Yes,No,Month-to-month,Yes,Credit card (automatic),147.58,7557.38,Yes,49m+
C01162,Female,0,Yes,No,26,No,No phone service,Fiber optic,No,No,No,No,Yes,Yes,One year,No,Electronic check,102.04,2727.54,Yes,25-48m
C01163,Female,0,No,No,39,Yes,No,No,No internet service,No internet service,No internet service,No internet service,No internet service,No internet service,Month-to-month,No,Bank transfer (automatic),41.0,1661.43,Yes,25-48m
C01164,Female,0,No,No,13,Yes,No,DSL,Yes,Yes,No,Yes,No,No,Month-to-month,No,Bank transfer (automatic),97.63,1207.69,Yes,13-24m
C01165,Female,0,No,No,15,Yes,No,DSL,Yes,No,Yes,No,No,No,Month-to-month,Yes,Bank transfer (automatic),94.56,1376.26,No,13-24m
C01166,Female,0,No,No,6,Yes,Yes,Fiber optic,No,No,No,No,Yes,No,Month-to-month,No,Mailed check,124.94,737.32,No,0-6m
C01167,Female,0,Yes,No,34,Yes,No,Fiber optic,No,No,Yes,No,Yes,Yes,Two year,Yes,Credit card (automatic),118.34,3948.95,No,25-48m
C01168,Female,0,No,Yes,63,No,No phone service,DSL,No,No,No,No,Yes,No,Month-to-month,Yes,Credit card (automatic),65.88,4035.07,No,49m+
C01169,Female,0,No,No,7,Yes,No,No,No internet service,No internet service,No internet service,No internet service,No internet service,No internet service,One year,Yes,Electronic check,42.48,312.01,No,7-12m
C01170,Male,0,No,No,71,Yes,No,Fiber optic,Yes,No,No,Yes,Yes,No,Month-to-month,Yes,Bank transfer (automatic),135.29,10003.26,No,49m+
C01171,Female,0,No,No,66,Yes,Yes,No,No internet service,No internet service,No internet service,No internet service,No internet service,No internet service,Two year,Yes,Credit card (automatic),51.56,3408.87,No,49m+
C01172,Female,1,No,No,38,Yes,Yes,DSL,No,Yes,No,Yes,Yes,Yes,Month-to-month,Yes,Credit card (automatic),119.88,4738.2,No,25-48m
C01173,Female,0,No,Yes,42,Yes,No,DSL,No,No,No,Yes,No,No,One year,Yes,Electronic check,82.57,3403.79,Yes,25-48m
C01174,Male,0,No,No,38,Yes,No,Fiber optic,No,No,No,Yes,Yes,Yes,One year,No,Mailed check,131.68,5159.87,Yes,25-48m
C01175,Male,1,Yes,No,64,Yes,No,DSL,No,No,Yes,No,No,Yes,One year,No,Bank transfer (automatic),102.54,6267.55,Yes,49m+
C01176,Female,0,Yes,No,57,Yes,No,DSL,No,Yes,Yes,Yes,Yes,No,Month-to-month,No,Electronic check,115.69,6646.08,No,49m+
C01177,Male,0,Yes,No,38,No,No phone service,DSL,No,Yes,No,No,No,No,Two year,Yes,Credit card (automatic),66.91,2526.84,No,25-48m
C01178,Male,0,No,No,68,Yes,Yes,DSL,No,Yes,Yes,Yes,Yes,Yes,Month-to-month,Yes,Bank transfer (automatic),118.39,7999.59,No,49m+
C01179,Male,1,Yes,Yes,24,No,No phone service,No,No internet service,No internet service,No internet service,No internet service,No internet service,No internet service,Month-to-month,No,Bank transfer (automatic),23.97,558.02,No,13-24m
C01180,Male,0,No,Yes,59,Yes,Yes,Fiber optic,No,No,No,No,No,No,One year,Yes,Bank transfer (automatic),109.73,6288.62,Yes,49m+
C01181,Male,0,Yes,Yes,41,Yes,Yes,DSL,No,No,Yes,Yes,No,Yes,Month-to-month,Yes,Electronic check,108.72,4664.75,Yes,25-48m
C01182,Female,0,No,No,67,Yes,No,DSL,No,Yes,Yes,Yes,Yes,No,Month-to-month,No,Electronic check,111.13,7320.97,No,49m+
C01183,Female,0,Yes,No,71,Yes,Yes,DSL,Yes,No,No,Yes,Yes,No,Month-to-month,Yes,Mailed check,108.33,7971.54,No,49m+
C01184,Male,0,Yes,No,34,Yes,Yes,Fiber optic,No,Yes,Yes,No,Yes,Yes,Month-to-month,Yes,Mailed check,127.28,4241.39,No,25-48m
C01185,Male,0,No,No,21,Yes,No,Fiber optic,No,Yes,Yes,No,No,No,Month-to-month,Yes,Bank transfer (automatic),117.08,2378.17,Yes,13-24m
C01186,Male,0,No,No,26,Yes,Yes,Fiber optic,No,No,No,Yes,No,No,One year,Yes,Credit card (automatic),113.14,2832.74,Yes,25-48m
C01187,Female,0,No,No,48,Yes,Yes,Fiber optic,Yes,Yes,No,No,Yes,Yes,Month-to-month,Yes,Credit card (automatic),154.04,7157.96,Yes,25-48m
C01188,Male,0,Yes,Yes,68,Yes,Yes,DSL,No,Yes,No,No,Yes,Yes,Two year,No,Mailed check,117.64,7669.83,No,49m+
C01189,Female,0,No,Yes,68,Yes,No,Fiber optic,Yes,No,No,Yes,Yes,Yes,One year,No,Credit card (automatic),129.25,9151.17,No,49m+
C01190,Male,0,Yes,No,48,Yes,Yes,DSL,No,Yes,Yes,No,No,No,Month-to-month,No,Credit card (automatic),105.81,4876.3,No,25-48m
C01191,Male,0,No,No,68,Yes,No,No,No internet service,No internet service,No internet service,No internet service,No internet service,No internet service,One year,No,Credit card (automatic),38.66,2541.37,No,49m+
C01192,Female,0,No,No,4,Yes,No,No,No internet service,No internet service,No internet service,No internet service,No internet service,No internet service,Month-to-month,Yes,Bank transfer (automatic),44.45,180.02,Yes,0-6m
C01193,Female,1,Yes,No,29,Yes,Yes,DSL,Yes,No,Yes,No,No,No,One year,Yes,Electronic check,101.26,3050.2,Yes,25-48m
C01194,Male,0,No,No,13,Yes,Yes,DSL,Yes,No,Yes,No,No,Yes,Two year,No,Credit card (automatic),103.0,1283.82,Yes,13-24m
C01195,Male,0,No,Yes,3,No,No phone service,Fiber optic,No,Yes,Yes,No,Yes,No,One year,No,Bank transfer (automatic),102.51,309.82,Yes,0-6m
C01196,Female,0,Yes,Yes,22,No,No phone service,Fiber optic,No,Yes,No,Yes,No,No,Two year,Yes,Credit card (automatic),102.6,2359.09,No,13-24m
C01197,Male,1,Yes,No,44,Yes,No,No,No internet service,No internet service,No internet service,No internet service,No internet service,No internet service,One year,No,Mailed check,37.92,1620.19,No,25-48m
C01198,Female,0,No,No,31,Yes,No,DSL,Yes,No,No,No,No,No,Month-to-month,Yes,Electronic check,85.4,2728.14,Yes,25-48m
C01199,Male,0,No,No,16,Yes,No,DSL,No,No,Yes,No,No,Yes,Month-to-month,Yes,Bank transfer (automatic),91.29,1419.78,No,13-24m
C01200,Male,0,No,No,1,Yes,Yes,No,No internet service,No internet service,No internet service,No internet service,No internet service,No internet service,Month-to-month,Yes,Bank transfer (automatic),48.26,45.97,Yes,0-6m
C01201,Male,0,Yes,Yes,5,Yes,Yes,DSL,Yes,No,No,No,No,Yes,One year,Yes,Bank transfer (automatic),108.66,555.57,No,0-6m
C01202,Male,0,No,Yes,36,Yes,Yes,DSL,No,No,Yes,No,No,Yes,Two year,Yes,Credit card (automatic),95.84,3386.44,Yes,25-48m
C01203,Female,1,Yes,Yes,57,No,No phone service,Fiber optic,Yes,No,Yes,No,Yes,No,Month-to-month,Yes,Bank transfer (automatic),109.56,6431.24,No,49m+
C01204,Male,0,No,No,58,Yes,No,Fiber optic,No,No,Yes,No,No,No,Two year,No,Electronic check,104.19,6211.98,Yes,49m+
C01205,Male,0,No,No,60,No,No phone service,DSL,No,Yes,No,Yes,Yes,No,Month-to-month,No,Electronic check,81.66,4820.87,No,49m+
C01206,Male,0,No,Yes,7,Yes,No,Fiber optic,No,No,No,No,No,Yes,Two year,No,Credit card (automatic),106.14,770.54,Yes,7-12m
C01207,Female,0,No,No,40,Yes,No,Fiber optic,No,Yes,No,No,No,No,One year,No,Mailed check,102.7,4133.57,No,25-48m
C01208,Male,0,Yes,No,66,Yes,Yes,Fiber optic,Yes,Yes,Yes,No,No,Yes,Month-to-month,Yes,Credit card (automatic),143.22,9260.76,Yes,49m+
C01209,Male,0,Yes,No,25,Yes,No,Fiber optic,No,No,No,No,Yes,No,Month-to-month,Yes,Bank transfer (automatic),115.84,2797.26,No,25-48m
C01210,Female,1,Yes,No,53,Yes,Yes,Fiber optic,No,Yes,No,Yes,No,Yes,Two year,No,Electronic check,128.48,6578.3,No,49m+
C01211,Male,1,No,Yes,49,Yes,No,Fiber optic,No,No,Yes,No,Yes,No,One year,Yes,Bank transfer (automatic),121.4,6044.27,Yes,49m+
C01212,Male,0,Yes,No,26,Yes,Yes,No,No internet service,No internet service,No internet service,No internet service,No internet service,No internet service,One year,Yes,Mailed check,46.07,1254.25,No,25-48m
C01213,Male,0,Yes,No,1,Yes,No,DSL,No,No,Yes,No,No,No,Month-to-month,Yes,Electronic check,83.09,87.03,No,0-6m
C01214,Male,0,No,No,37,Yes,Yes,Fiber optic,No,No,No,No,No,Yes,Two year,No,Mailed check,125.87,4679.23,No,25-48m
C01215,Male,0,No,No,44,Yes,Yes,No,No internet service,No internet service,No internet service,No internet service,No internet service,No internet service,Two year,Yes,Electronic check,50.27,2265.23,No,25-48m
C01216,Female,1,No,No,64,Yes,Yes,DSL,No,Yes,Yes,No,No,No,Month-to-month,No,Mailed check,99.48,6488.68,Yes,49m+
C01217,Male,0,No,No,12,Yes,Yes,Fiber optic,No,No,Yes,Yes,Yes,No,Two year,No,Bank transfer (automatic),133.08,1611.44,No,7-12m
C01218,Male,0,Yes,No,22,Yes,No,DSL,Yes,No,No,No,Yes,Yes,Two year,No,Electronic check,107.9,2451.7,No,13-24m
C01219,Male,0,Yes,No,23,Yes,No,Fiber optic,No,No,No,No,Yes,Yes,One year,No,Credit card (automatic),112.94,2590.12,Yes,13-24m
C01220,Male,0,Yes,No,33,Yes,Yes,DSL,No,No,Yes,No,No,No,Month-to-month,Yes,Credit card (automatic),95.47,3242.4,No,25-48m
C01221,Male,0,No,No,39,Yes,Yes,No,No internet service,No internet service,No internet service,No internet service,No internet service,No internet service,Two year,No,Mailed check,50.32,1918.95,No,25-48m
C01222,Female,0,No,No,24,Yes,No,Fiber optic,Yes,No,Yes,No,No,No,Month-to-month,Yes,Electronic check,116.21,2870.02,No,13-24m
C01223,Male,0,No,No,17,Yes,Yes,Fiber optic,No,No,No,Yes,No,Yes,Two year,No,Bank transfer (automatic),130.17,2118.33,Yes,13-24m
C01224,Male,0,Yes,Yes,41,Yes,No,DSL,Yes,Yes,No,No,No,Yes,Month-to-month,Yes,Electronic check,103.23,4074.14,No,25-48m
C01225,Female,1,No,No,37,Yes,No,No,No internet service,No internet service,No internet service,No internet service,No internet service,No internet service,One year,Yes,Electronic check,44.6,1602.9,Yes,25-48m
C01226,Male,0,No,Yes,61,Yes,Yes,Fiber optic,No,Yes,No,No,Yes,No,Month-to-month,No,Bank transfer (automatic),126.33,7833.02,Yes,49m+
C01227,Male,0,No,Yes,70,Yes,No,DSL,Yes,No,No,No,No,No,Month-to-month,No,Bank transfer (automatic),86.8,5858.75,Yes,49m+
C01228,Female,0,Yes,Yes,26,Yes,Yes,DSL,No,No,No,No,No,Yes,Month-to-month,No,Mailed check,91.18,2390.13,No,25-48m
C01229,Female,0,Yes,Yes,32,Yes,Yes,Fiber optic,No,No,No,No,Yes,No,Two year,No,Mailed check,115.26,3858.46,No,25-48m
C01230,Male,0,Yes,No,11,Yes,No,DSL,No,No,No,No,Yes,No,One year,No,Mailed check,82.95,916.66,No,7-12m
C01231,Female,0,No,No,44,No,No phone service,No,No internet service,No internet service,No internet service,No internet service,No internet service,No internet service,One year,Yes,Electronic check,24.92,1105.81,No,25-48m
C01232,Female,0,Yes,No,19,Yes,Yes,DSL,No,Yes,No,Yes,No,No,One year,Yes,Electronic check,110.41,2082.51,No,13-24m
C01233,Female,0,Yes,Yes,17,No,No phone service,Fiber optic,No,Yes,No,No,Yes,No,Two year,No,Electronic check,97.58,1590.15,No,13-24m
C01234,Male,1,No,No,10,Yes,Yes,Fiber optic,No,No,No,No,No,No,Month-to-month,Yes,Credit card (automatic),107.05,1080.3,Yes,7-12m
C01235,Female,0,Yes,No,58,Yes,No,DSL,No,Yes,No,No,Yes,Yes,Two year,Yes,Credit card (automatic),113.86,6917.13,No,49m+
C01236,Female,1,No,No,54,Yes,No,Fiber optic,No,Yes,Yes,No,No,No,Two year,Yes,Mailed check,109.47,5822.62,Yes,49m+
C01237,Male,0,No,No,66,Yes,Yes,DSL,No,No,Yes,Yes,No,No,Month-to-month,No,Bank transfer (automatic),110.1,7023.2,No,49m+
C01238,Male,0,No,No,30,Yes,Yes,DSL,No,No,Yes,No,Yes,No,Month-to-month,Yes,Electronic check,101.79,2969.61,Yes,25-48m
C01239,Male,0,Yes,No,12,Yes,No,No,No internet service,No internet service,No internet service,No internet service,No internet service,No internet service,Month-to-month,No,Bank transfer (automatic),44.03,515.22,No,7-12m
C01240,Female,0,Yes,Yes,42,Yes,Yes,Fiber optic,Yes,Yes,No,No,No,No,One year,Yes,Mailed check,127.63,5122.68,No,25-48m
C01241,Male,1,Yes,No,7,Yes,No,DSL,No,No,No,Yes,Yes,No,One year,Yes,Electronic check,93.39,650.48,No,7-12m
C01242,Female,0,No,Yes,44,Yes,Yes,DSL,No,Yes,No,No,No,No,Month-to-month,No,Electronic check,100.51,4514.91,No,25-48m
C01243,Male,0,No,No,52,Yes,Yes,DSL,No,No,Yes,No,Yes,Yes,Month-to-month,Yes,Credit card (automatic),122.81,6129.44,No,49m+
C01244,Female,0,No,No,63,Yes,Yes,No,No internet service,No internet service,No internet service,No internet service,No internet service,No internet service,Two year,No,Mailed check,51.76,3200.92,No,49m+
C01245,Female,0,No,No,12,Yes,No,No,No internet service,No internet service,No internet service,No internet service,No internet service,No internet service,Two year,No,Bank transfer (automatic),43.64,517.77,Yes,7-12m
C01246,Male,0,Yes,Yes,19,Yes,No,Fiber optic,Yes,No,Yes,No,No,No,Month-to-month,Yes,Credit card (automatic),101.98,2029.61,No,13-24m
C01247,Male,0,Yes,No,9,No,No phone service,DSL,No,No,No,Yes,No,No,Month-to-month,No,Bank transfer (automatic),71.28,648.91,No,7-12m
C01248,Male,0,Yes,No,59,No,No phone service,Fiber optic,Yes,No,No,No,Yes,Yes,One year,Yes,Bank transfer (automatic),107.08,6481.17,Yes,49m+
C01249,Female,0,Yes,No,58,Yes,Yes,No,No internet service,No internet service,No internet service,No internet service,No internet service,No internet service,Month-to-month,No,Electronic check,47.81,2759.32,No,49m+
C01250,Male,0,No,No,9,Yes,No,Fiber optic,Yes,No,No,Yes,No,No,Two year,No,Credit card (automatic),104.42,916.01,No,7-12m
C01251,Male,1,Yes,No,47,Yes,No,Fiber optic,Yes,No,No,Yes,No,Yes,Month-to-month,No,Electronic check,118.14,5309.81,Yes,25-48m
C01252,Male,0,Yes,No,70,No,No phone service,Fiber optic,Yes,Yes,No,No,No,Yes,One year,Yes,Credit card (automatic),109.73,7640.13,No,49m+
C01253,Female,0,Yes,No,25,Yes,Yes,No,No internet service,No internet service,No internet service,No internet service,No internet service,No internet service,One year,No,Bank transfer (automatic),52.04,1358.78,No,25-48m
C01254,Female,0,Yes,No,62,Yes,No,Fiber optic,Yes,No,No,No,No,No,Month-to-month,No,Electronic check,106.48,6452.11,Yes,49m+
C01255,Male,0,Yes,No,35,Yes,Yes,Fiber optic,No,Yes,Yes,Yes,No,Yes,Month-to-month,No,Electronic check,130.98,4781.39,No,25-48m
C01256,Female,0,No,Yes,46,No,No phone service,Fiber optic,No,No,No,No,No,No,Month-to-month,Yes,Electronic check,85.04,3982.5,No,25-48m
C01257,Female,0,Yes,No,60,No,No phone service,Fiber optic,No,Yes,No,No,Yes,No,Month-to-month,Yes,Credit card (automatic),93.44,5467.86,No,49m+
C01258,Female,0,No,Yes,64,No,No phone service,Fiber optic,No,Yes,Yes,Yes,No,Yes,Month-to-month,No,Electronic check,118.26,7337.49,No,49m+
C01259,Female,0,Yes,Yes,45,Yes,Yes,DSL,No,No,No,No,No,No,Month-to-month,Yes,Credit card (automatic),92.86,4146.95,No,25-48m
C01260,Male,0,No,No,71,Yes,No,Fiber optic,No,No,Yes,No,No,No,Two year,No,Electronic check,106.7,7527.65,No,49m+
C01261,Male,1,No,No,36,Yes,Yes,DSL,Yes,No,Yes,No,No,No,Month-to-month,Yes,Electronic check,103.86,3729.13,Yes,25-48m
C01262,Male,0,Yes,No,16,Yes,No,DSL,No,Yes,No,No,No,No,Month-to-month,Yes,Electronic check,91.38,1508.65,No,13-24m
C01263,Female,0,No,Yes,72,Yes,No,No,No internet service,No internet service,No internet service,No internet service,No internet service,No internet service,Two year,No,Bank transfer (automatic),38.44,2768.7,No,49m+
C01264,Female,0,Yes,No,37,Yes,Yes,Fiber optic,No,No,Yes,Yes,No,Yes,One year,Yes,Electronic check,125.73,4437.22,Yes,25-48m
C01265,Male,0,No,Yes,65,Yes,No,DSL,No,Yes,No,Yes,No,No,Month-to-month,No,Bank transfer (automatic),93.99,6404.33,No,49m+
C01266,Male,1,No,Yes,54,Yes,Yes,DSL,No,No,No,No,No,No,Month-to-month,No,Credit card (automatic),79.21,4211.81,No,49m+
C01267,Male,0,Yes,No,39,Yes,Yes,Fiber optic,No,No,Yes,No,Yes,No,Two year,Yes,Electronic check,114.24,4443.32,No,25-48m
C01268,Female,0,No,No,43,Yes,Yes,No,No internet service,No internet service,No internet service,No internet service,No internet service,No internet service,Month-to-month,No,Electronic check,51.03,2246.01,No,25-48m
C01269,Male,0,No,No,15,Yes,Yes,DSL,No,No,No,Yes,Yes,Yes,Month-to-month,Yes,Mailed check,116.21,1756.77,No,13-24m
C01270,Female,0,No,No,55,Yes,Yes,DSL,No,Yes,No,Yes,No,Yes,One year,Yes,Electronic check,120.32,6731.11,Yes,49m+
C01271,Female,0,Yes,No,17,Yes,Yes,Fiber optic,Yes,No,No,No,No,No,One year,No,Credit card (automatic),102.28,1762.07,No,13-24m
C01272,Female,0,No,No,56,Yes,Yes,Fiber optic,No,No,Yes,Yes,No,No,Month-to-month,No,Credit card (automatic),120.4,6569.9,No,49m+
C01273,Female,0,Yes,Yes,62,Yes,No,Fiber optic,No,No,No,No,Yes,No,Two year,Yes,Electronic check,113.24,6869.98,Yes,49m+
C01274,Female,0,No,No,16,Yes,No,DSL,Yes,No,No,Yes,Yes,No,Month-to-month,No,Mailed check,96.77,1549.53,No,13-24m
C01275,Male,0,Yes,No,5,Yes,No,DSL,No,No,Yes,No,Yes,Yes,Month-to-month,No,Electronic check,103.37,501.1,Yes,0-6m
C01276,Male,0,Yes,Yes,51,Yes,No,DSL,No,Yes,No,No,Yes,Yes,Month-to-month,No,Electronic check,97.02,4955.91,Yes,49m+
C01277,Female,0,Yes,No,11,Yes,Yes,Fiber optic,No,No,No,Yes,No,No,One year,No,Bank transfer (automatic),117.63,1241.43,No,7-12m
C01278,Female,1,No,No,55,Yes,No,No,No internet service,No internet service,No internet service,No internet service,No internet service,No internet service,One year,No,Electronic check,42.61,2392.43,No,49m+
C01279,Female,0,No,Yes,72,Yes,Yes,DSL,No,Yes,No,No,No,Yes,Two year,Yes,Credit card (automatic),108.83,7501.9,No,49m+
C01280,Male,0,Yes,No,28,Yes,No,No,No internet service,No internet service,No internet service,No internet service,No internet service,No internet service,Month-to-month,No,Credit card (automatic),43.99,1178.53,Yes,25-48m
C01281,Male,0,Yes,No,12,Yes,Yes,Fiber optic,No,No,No,No,Yes,No,Month-to-month,No,Electronic check,126.4,1488.96,No,7-12m
C01282,Male,1,No,Yes,34,Yes,No,Fiber optic,No,No,Yes,Yes,No,Yes,Month-to-month,Yes,Electronic check,119.08,4235.7,Yes,25-48m
C01283,Male,0,No,No,40,Yes,Yes,Fiber optic,No,Yes,No,No,No,No,Month-to-month,No,Credit card (automatic),118.32,4884.32,No,25-48m
C01284,Female,0,Yes,No,50,Yes,Yes,No,No internet service,No internet service,No internet service,No internet service,No internet service,No internet service,Month-to-month,No,Credit card (automatic),46.82,2274.21,No,49m+
C01285,Male,0,No,Yes,54,Yes,No,Fiber optic,Yes,Yes,No,No,No,No,Month-to-month,Yes,Credit card (automatic),105.66,5564.17,No,49m+
C01286,Female,0,No,No,57,Yes,Yes,DSL,No,No,No,No,Yes,Yes,Month-to-month,Yes,Electronic check,103.21,5633.05,No,49m+
C01287,Male,0,Yes,No,4,No,No phone service,DSL,No,No,No,No,No,No,Month-to-month,No,Bank transfer (automatic),58.1,234.39,No,0-6m
C01288,Male,0,No,No,19,Yes,Yes,Fiber optic,No,Yes,No,Yes,Yes,No,Month-to-month,No,Electronic check,137.12,2576.94,Yes,13-24m
C01289,Male,1,No,No,7,Yes,Yes,Fiber optic,Yes,No,Yes,Yes,No,Yes,One year,No,Electronic check,147.57,1047.59,Yes,7-12m
C01290,Female,0,Yes,Yes,47,Yes,No,Fiber optic,Yes,No,No,No,Yes,Yes,Two year,Yes,Electronic check,124.71,5996.93,No,25-48m
C01291,Male,0,No,No,51,Yes,No,Fiber optic,No,No,Yes,Yes,Yes,No,Month-to-month,No,Electronic check,133.68,6656.75,Yes,49m+
C01292,Male,0,Yes,No,57,Yes,Yes,No,No internet service,No internet service,No internet service,No internet service,No internet service,No internet service,Month-to-month,No,Electronic check,47.93,2733.36,No,49m+
C01293,Female,0,Yes,No,66,No,No phone service,Fiber optic,No,No,No,No,No,No,Month-to-month,Yes,Mailed check,76.43,5265.95,Yes,49m+
C01294,Female,0,No,No,53,Yes,No,DSL,No,No,Yes,No,No,No,Month-to-month,No,Electronic check,87.56,4623.5,No,49m+
C01295,Female,0,Yes,Yes,29,Yes,No,DSL,Yes,No,No,Yes,Yes,Yes,Month-to-month,Yes,Mailed check,119.36,3499.87,Yes,25-48m
C01296,Male,0,No,Yes,49,Yes,No,DSL,No,No,No,Yes,Yes,No,Month-to-month,Yes,Mailed check,98.52,4821.27,Yes,49m+
C01297,Male,0,Yes,Yes,5,Yes,Yes,No,No internet service,No internet service,No internet service,No internet service,No internet service,No internet service,Month-to-month,Yes,Electronic check,44.92,226.6,Yes,0-6m
C01298,Male,0,No,No,27,Yes,No,Fiber optic,No,No,No,No,No,No,Two year,Yes,Mailed check,104.66,2775.69,No,25-48m
C01299,Male,0,No,Yes,39,Yes,No,DSL,Yes,Yes,No,Yes,No,No,Two year,Yes,Bank transfer (automatic),106.87,4207.91,No,25-48m
C01300,Male,0,No,Yes,32,Yes,Yes,Fiber optic,No,No,Yes,No,No,Yes,Two year,Yes,Electronic check,121.62,4066.41,Yes,25-48m
C01301,Male,0,Yes,Yes,31,Yes,No,Fiber optic,No,Yes,Yes,No,Yes,No,Two year,Yes,Credit card (automatic),130.92,4211.96,No,25-48m
C01302,Female,0,No,Yes,65,Yes,No,DSL,No,Yes,Yes,No,No,No,Month-to-month,Yes,Electronic check,96.22,6456.53,No,49m+
C01303,Male,0,No,No,9,Yes,No,No,No internet service,No internet service,No internet service,No internet service,No internet service,No internet service,Month-to-month,No,Bank transfer (automatic),40.89,351.63,No,7-12m
C01304,Male,0,No,Yes,12,Yes,Yes,Fiber optic,No,No,Yes,Yes,Yes,Yes,Month-to-month,Yes,Electronic check,131.96,1608.23,Yes,7-12m
C01305,Male,1,No,No,51,Yes,Yes,DSL,No,Yes,No,Yes,No,Yes,Month-to-month,Yes,Credit card (automatic),114.07,5576.82,No,49m+
C01306,Female,1,No,No,21,Yes,Yes,No,No internet service,No internet service,No internet service,No internet service,No internet service,No internet service,Month-to-month,Yes,Credit card (automatic),46.7,1002.98,No,13-24m
C01307,Female,0,Yes,No,4,Yes,No,Fiber optic,No,No,No,Yes,No,No,Month-to-month,No,Electronic check,102.79,427.99,No,0-6m
C01308,Female,0,No,No,27,Yes,No,Fiber optic,Yes,No,No,No,No,Yes,Month-to-month,Yes,Electronic check,124.3,3355.02,No,25-48m
C01309,Male,0,Yes,No,11,Yes,No,No,No internet service,No internet service,No internet service,No internet service,No internet service,No internet service,Two year,No,Credit card (automatic),43.64,483.74,No,7-12m
C01310,Male,0,Yes,No,56,Yes,No,Fiber optic,Yes,No,No,Yes,No,No,Month-to-month,Yes,Electronic check,107.53,5759.88,No,49m+
C01311,Male,1,Yes,No,8,No,No phone service,DSL,No,No,Yes,No,No,No,Month-to-month,No,Credit card (automatic),72.9,607.06,No,7-12m
C01312,Female,0,No,No,60,Yes,No,Fiber optic,No,Yes,No,No,No,No,One year,No,Bank transfer (automatic),110.75,6357.39,Yes,49m+
C01313,Female,0,No,No,58,Yes,Yes,Fiber optic,Yes,Yes,No,No,Yes,No,Two year,Yes,Credit card (automatic),142.6,7933.68,Yes,49m+
C01314,Male,0,Yes,No,42,Yes,Yes,No,No internet service,No internet service,No internet service,No internet service,No internet service,No internet service,Month-to-month,No,Electronic check,46.45,1899.18,No,25-48m
C01315,Female,0,No,No,63,Yes,No,No,No internet service,No internet service,No internet service,No internet service,No internet service,No internet service,Month-to-month,Yes,Credit card (automatic),44.66,2799.46,No,49m+
C01316,Female,0,Yes,No,12,Yes,Yes,Fiber optic,No,No,No,No,No,Yes,One year,No,Mailed check,119.33,1402.74,Yes,7-12m
C01317,Female,0,No,No,53,Yes,Yes,No,No internet service,No internet service,No internet service,No internet service,No internet service,No internet service,Month-to-month,No,Credit card (automatic),53.01,2672.62,No,49m+
C01318,Male,0,No,No,13,Yes,No,Fiber optic,Yes,Yes,Yes,No,No,Yes,Month-to-month,Yes,Electronic check,139.77,1897.83,Yes,13-24m
C01319,Male,0,No,No,25,Yes,Yes,DSL,No,No,Yes,No,No,Yes,Month-to-month,Yes,Credit card (automatic),108.49,2782.57,Yes,25-48m
C01320,Female,0,No,No,35,Yes,No,DSL,No,No,No,No,No,No,Month-to-month,Yes,Electronic check,75.79,2525.83,Yes,25-48m
C01321,Female,0,Yes,No,48,Yes,No,DSL,No,No,No,No,Yes,Yes,Two year,Yes,Mailed check,87.96,4329.06,No,25-48m
C01322,Female,1,No,Yes,30,Yes,No,Fiber optic,No,No,No,No,No,Yes,Month-to-month,No,Electronic check,117.14,3687.56,Yes,25-48m
C01323,Female,0,No,No,53,Yes,Yes,Fiber optic,No,Yes,No,No,Yes,No,Month-to-month,Yes,Bank transfer (automatic),114.66,6329.54,Yes,49m+
C01324,Male,0,No,No,61,Yes,Yes,DSL,No,No,No,No,No,No,Month-to-month,Yes,Electronic check,81.65,4985.08,Yes,49m+
C01325,Male,0,Yes,Yes,59,Yes,Yes,No,No internet service,No internet service,No internet service,No internet service,No internet service,No internet service,Month-to-month,No,Bank transfer (automatic),48.56,2879.29,No,49m+
C01326,Female,0,No,No,61,Yes,Yes,Fiber optic,No,No,No,No,Yes,No,Two year,No,Bank transfer (automatic),111.3,6598.54,Yes,49m+
C01327,Male,0,Yes,No,5,Yes,Yes,DSL,No,Yes,Yes,No,No,Yes,Two year,Yes,Electronic check,106.48,538.22,Yes,0-6m
C01328,Male,0,No,Yes,59,Yes,No,Fiber optic,No,No,No,No,No,No,One year,Yes,Electronic check,93.28,5342.4,Yes,49m+
C01329,Male,1,No,No,46,No,No phone service,No,No internet service,No internet service,No internet service,No internet service,No internet service,No internet service,Two year,Yes,Mailed check,25.67,1136.43,No,25-48m
C01330,Female,0,Yes,No,69,Yes,No,DSL,No,No,No,Yes,Yes,Yes,One year,Yes,Electronic check,99.52,7049.64,No,49m+
C01331,Male,0,No,No,35,Yes,No,DSL,Yes,No,Yes,No,No,No,Two year,Yes,Credit card (automatic),97.71,3358.97,No,25-48m
C01332,Female,0,No,No,21,Yes,Yes,Fiber optic,No,Yes,No,No,No,Yes,Month-to-month,Yes,Bank transfer (automatic),126.91,2579.31,No,13-24m
C01333,Male,0,No,No,65,Yes,No,DSL,No,Yes,Yes,Yes,Yes,Yes,One year,Yes,Electronic check,116.03,7179.54,No,49m+
C01334,Male,0,Yes,No,69,Yes,No,Fiber optic,No,Yes,Yes,No,No,No,One year,No,Bank transfer (automatic),121.69,8075.8,Yes,49m+
C01335,Female,0,No,No,60,Yes,No,No,No internet service,No internet service,No internet service,No internet service,No internet service,No internet service,Two year,Yes,Electronic check,38.85,2255.67,No,49m+
C01336,Female,0,No,No,70,Yes,Yes,No,No internet service,No internet service,No internet service,No internet service,No internet service,No internet service,Month-to-month,Yes,Electronic check,46.5,3124.72,No,49m+
C01337,Male,0,No,Yes,21,Yes,No,Fiber optic,Yes,Yes,No,No,Yes,Yes,Month-to-month,No,Bank transfer (automatic),141.05,3020.55,No,13-24m
C01338,Female,0,Yes,No,31,Yes,No,DSL,No,No,No,Yes,No,Yes,Two year,Yes,Electronic check,87.25,2752.28,Yes,25-48m
C01339,Female,0,No,Yes,66,Yes,Yes,No,No internet service,No internet service,No internet service,No internet service,No internet service,No internet service,One year,No,Electronic check,47.5,3209.45,No,49m+
C01340,Male,0,No,No,2,Yes,Yes,Fiber optic,No,No,Yes,Yes,No,No,Two year,Yes,Credit card (automatic),125.07,243.44,No,0-6m
C01341,Female,1,No,No,8,Yes,Yes,Fiber optic,No,No,Yes,No,Yes,Yes,Two year,Yes,Electronic check,124.9,991.19,Yes,7-12m
C01342,Male,0,Yes,No,53,Yes,No,Fiber optic,Yes,Yes,Yes,No,Yes,Yes,Month-to-month,No,Bank transfer (automatic),133.4,6863.37,No,49m+
C01343,Female,0,Yes,No,3,Yes,No,Fiber optic,Yes,Yes,Yes,No,Yes,Yes,Two year,Yes,Electronic check,146.09,419.07,No,0-6m
C01344,Male,0,No,Yes,38,Yes,Yes,DSL,No,No,No,Yes,No,Yes,One year,Yes,Electronic check,99.12,3860.25,Yes,25-48m
C01345,Male,0,Yes,No,41,No,No phone service,DSL,Yes,No,Yes,No,Yes,No,Month-to-month,Yes,Credit card (automatic),91.15,3743.04,No,25-48m
C01346,Male,0,No,Yes,71,Yes,Yes,Fiber optic,No,No,Yes,No,No,Yes,Month-to-month,No,Electronic check,115.76,7981.31,Yes,49m+
C01347,Female,0,No,No,29,Yes,Yes,DSL,No,No,Yes,No,Yes,No,Month-to-month,Yes,Electronic check,92.96,2821.62,No,25-48m
C01348,Female,0,No,No,46,Yes,Yes,Fiber optic,No,Yes,Yes,Yes,No,Yes,Month-to-month,No,Credit card (automatic),135.14,6265.06,Yes,25-48m
C01349,Female,0,No,No,65,Yes,Yes,Fiber optic,Yes,No,No,No,No,No,Month-to-month,Yes,Mailed check,116.23,7882.04,No,49m+
C01350,Female,0,Yes,No,48,Yes,Yes,No,No internet service,No internet service,No internet service,No internet service,No internet service,No internet service,Two year,Yes,Credit card (automatic),52.41,2419.77,No,25-48m
C01351,Female,0,Yes,Yes,15,Yes,No,Fiber optic,Yes,No,No,No,No,No,Two year,No,Bank transfer (automatic),109.76,1679.23,No,13-24m
C01352,Female,0,No,No,31,Yes,No,DSL,No,Yes,Yes,No,No,No,Month-to-month,Yes,Mailed check,83.91,2511.26,Yes,25-48m
C01353,Female,0,Yes,Yes,50,No,No phone service,DSL,No,No,No,Yes,No,No,Month-to-month,Yes,Mailed check,66.23,3453.25,Yes,49m+
C01354,Male,0,No,No,34,Yes,No,DSL,No,Yes,No,No,No,No,Two year,No,Electronic check,79.51,2761.76,Yes,25-48m
C01355,Male,0,No,No,22,Yes,No,No,No internet service,No internet service,No internet service,No internet service,No internet service,No internet service,Month-to-month,Yes,Credit card (automatic),37.99,831.65,No,13-24m
C01356,Female,0,No,No,2,Yes,No,Fiber optic,No,No,Yes,No,Yes,No,Month-to-month,Yes,Electronic check,115.57,222.19,Yes,0-6m
C01357,Male,0,Yes,No,45,Yes,Yes,Fiber optic,No,No,Yes,No,No,No,Two year,Yes,Bank transfer (automatic),113.74,5166.92,Yes,25-48m
C01358,Female,0,No,Yes,64,Yes,Yes,Fiber optic,No,No,Yes,No,Yes,No,Month-to-month,No,Electronic check,132.76,8164.14,Yes,49m+
C01359,Male,0,No,No,4,Yes,Yes,No,No internet service,No internet service,No internet service,No internet service,No internet service,No internet service,Two year,Yes,Electronic check,46.78,181.89,No,0-6m
C01360,Male,0,No,No,67,Yes,No,No,No internet service,No internet service,No internet service,No internet service,No internet service,No internet service,One year,Yes,Bank transfer (automatic),39.58,2571.29,No,49m+
C01361,Female,1,Yes,No,68,Yes,Yes,No,No internet service,No internet service,No internet service,No internet service,No internet service,No internet service,One year,No,Electronic check,45.17,3050.17,No,49m+
C01362,Male,0,No,No,30,No,No phone service,No,No internet service,No internet service,No internet service,No internet service,No internet service,No internet service,Two year,No,Bank transfer (automatic),26.32,758.31,No,25-48m
C01363,Male,0,No,No,9,No,No phone service,DSL,Yes,Yes,No,No,No,Yes,Two year,No,Credit card (automatic),90.32,830.45,Yes,7-12m
C01364,Male,0,Yes,Yes,17,Yes,Yes,No,No internet service,No internet service,No internet service,No internet service,No internet service,No internet service,Month-to-month,No,Electronic check,48.52,798.87,Yes,13-24m
C01365,Female,0,Yes,Yes,1,Yes,Yes,DSL,No,No,Yes,No,Yes,Yes,Month-to-month,Yes,Electronic check,118.87,118.15,Yes,0-6m
C01366,Male,0,No,No,40,Yes,Yes,Fiber optic,Yes,No,No,Yes,No,No,One year,Yes,Mailed check,119.69,4883.65,No,25-48m
C01367,Female,0,No,No,15,Yes,Yes,No,No internet service,No internet service,No internet service,No internet service,No internet service,No internet service,Month-to-month,Yes,Electronic check,50.37,758.61,No,13-24m
C01368,Female,0,Yes,No,15,No,No phone service,DSL,No,Yes,No,No,Yes,Yes,Month-to-month,Yes,Credit card (automatic),84.88,1332.93,No,13-24m
C01369,Male,0,Yes,No,67,No,No phone service,Fiber optic,No,No,Yes,No,No,No,Two year,Yes,Credit card (automatic),96.69,6568.82,Yes,49m+
C01370,Male,0,No,Yes,55,Yes,No,DSL,No,Yes,No,No,Yes,No,Two year,Yes,Bank transfer (automatic),98.1,5264.67,No,49m+
C01371,Male,0,No,No,49,Yes,Yes,Fiber optic,Yes,No,No,No,No,Yes,Month-to-month,No,Bank transfer (automatic),118.41,5798.84,Yes,49m+
C01372,Female,0,No,No,70,Yes,No,DSL,No,No,Yes,No,No,No,Month-to-month,Yes,Electronic check,81.96,5703.35,No,49m+
C01373,Female,0,No,Yes,23,Yes,No,DSL,No,No,Yes,No,Yes,Yes,One year,No,Mailed check,106.43,2545.81,No,13-24m
C01374,Male,0,No,Yes,16,Yes,Yes,DSL,Yes,Yes,No,No,Yes,Yes,Month-to-month,Yes,Electronic check,116.47,1858.22,Yes,13-24m
C01375,Male,0,No,No,27,No,No phone service,DSL,No,No,No,No,No,No,One year,No,Credit card (automatic),63.97,1695.15,No,25-48m
C01376,Male,0,Yes,No,19,Yes,Yes,Fiber optic,No,No,Yes,No,No,Yes,One year,No,Electronic check,134.22,2629.08,Yes,13-24m
C01377,Male,0,No,Yes,61,Yes,Yes,No,No internet service,No internet service,No internet service,No internet service,No internet service,No internet service,One year,Yes,Bank transfer (automatic),52.57,3170.35,No,49m+
C01378,Female,0,No,No,37,Yes,Yes,Fiber optic,No,No,Yes,No,No,No,One year,No,Mailed check,123.19,4716.95,Yes,25-48m
C01379,Female,0,No,No,71,Yes,Yes,No,No internet service,No internet service,No internet service,No internet service,No internet service,No internet service,One year,No,Bank transfer (automatic),48.3,3452.25,No,49m+
C01380,Female,1,Yes,No,42,Yes,No,Fiber optic,No,No,No,No,No,No,Month-to-month,Yes,Electronic check,104.59,4542.28,Yes,25-48m
C01381,Female,0,Yes,Yes,37,Yes,Yes,No,No internet service,No internet service,No internet service,No internet service,No internet service,No internet service,Month-to-month,No,Credit card (automatic),53.37,1911.03,No,25-48m
C01382,Male,0,Yes,No,12,Yes,No,Fiber optic,No,No,Yes,Yes,Yes,No,One year,No,Electronic check,129.78,1579.46,No,7-12m
C01383,Male,0,Yes,Yes,70,Yes,No,DSL,Yes,Yes,No,Yes,Yes,Yes,Month-to-month,No,Credit card (automatic),114.78,8184.37,Yes,49m+
C01384,Male,0,Yes,No,69,Yes,Yes,Fiber optic,No,No,No,No,No,No,One year,Yes,Electronic check,103.82,7124.99,No,49m+
C01385,Female,0,Yes,No,20,Yes,No,DSL,No,Yes,Yes,No,No,Yes,One year,No,Bank transfer (automatic),101.73,1998.2,No,13-24m
C01386,Male,0,No,Yes,33,Yes,No,No,No internet service,No internet service,No internet service,No internet service,No internet service,No internet service,One year,Yes,Electronic check,41.82,1386.28,No,25-48m
C01387,Male,0,Yes,No,7,Yes,Yes,DSL,No,No,Yes,No,No,No,One year,Yes,Bank transfer (automatic),96.59,681.03,No,7-12m
C01388,Female,0,No,No,33,Yes,Yes,No,No internet service,No internet service,No internet service,No internet service,No internet service,No internet service,Month-to-month,Yes,Electronic check,52.93,1816.82,No,25-48m
C01389,Female,1,Yes,Yes,26,Yes,Yes,No,No internet service,No internet service,No internet service,No internet service,No internet service,No internet service,Month-to-month,No,Electronic check,46.95,1277.96,Yes,25-48m
C01390,Male,0,No,No,59,Yes,No,Fiber optic,Yes,Yes,No,No,Yes,Yes,Month-to-month,Yes,Electronic check,124.63,7017.68,No,49m+
C01391,Male,1,No,No,44,Yes,Yes,Fiber optic,Yes,No,No,No,Yes,Yes,Two year,No,Electronic check,123.86,5663.79,No,25-48m
C01392,Male,1,Yes,No,6,No,No phone service,Fiber optic,No,Yes,No,No,No,Yes,Month-to-month,Yes,Electronic check,107.28,667.15,Yes,0-6m
C01393,Male,0,No,Yes,56,Yes,No,DSL,No,Yes,No,No,No,Yes,Month-to-month,Yes,Electronic check,95.48,5598.67,Yes,49m+
C01394,Male,0,No,Yes,10,No,No phone service,DSL,No,Yes,Yes,No,Yes,No,Two year,No,Bank transfer (automatic),79.7,807.19,No,7-12m
C01395,Female,0,Yes,No,44,Yes,Yes,DSL,No,Yes,No,Yes,Yes,No,Month-to-month,Yes,Bank transfer (automatic),107.52,4807.97,No,25-48m
C01396,Female,0,No,No,17,Yes,No,Fiber optic,Yes,No,Yes,Yes,Yes,No,Two year,No,Credit card (automatic),121.06,1967.62,No,13-24m
C01397,Female,0,Yes,Yes,23,Yes,Yes,No,No internet service,No internet service,No internet service,No internet service,No internet service,No internet service,Month-to-month,No,Electronic check,44.68,1036.53,No,13-24m
C01398,Female,1,No,Yes,3,Yes,No,Fiber optic,Yes,No,No,No,Yes,Yes,Month-to-month,No,Bank transfer (automatic),136.32,421.05,Yes,0-6m
C01399,Female,0,No,No,14,Yes,No,DSL,Yes,Yes,Yes,No,Yes,No,Month-to-month,No,Mailed check,105.36,1541.83,Yes,13-24m
C01400,Female,0,No,Yes,44,Yes,Yes,Fiber optic,Yes,No,Yes,No,No,No,Month-to-month,Yes,Electronic check,131.08,5596.06,No,25-48m
C01401,Female,0,Yes,No,61,No,No phone service,DSL,Yes,Yes,No,Yes,No,No,Month-to-month,Yes,Electronic check,92.05,5488.39,No,49m+
C01402,Male,0,No,No,45,Yes,No,DSL,No,No,Yes,No,No,Yes,One year,No,Electronic check,96.25,4320.38,Yes,25-48m
C01403,Female,0,Yes,No,30,Yes,Yes,No,No internet service,No internet service,No internet service,No internet service,No internet service,No internet service,Two year,No,Mailed check,52.65,1645.98,No,25-48m
C01404,Female,0,Yes,No,50,Yes,No,DSL,Yes,No,No,No,No,Yes,One year,No,Credit card (automatic),85.62,4148.26,Yes,49m+
C01405,Male,0,No,No,47,No,No phone service,DSL,No,No,Yes,No,Yes,No,One year,Yes,Electronic check,85.58,4188.71,No,25-48m
C01406,Male,0,Yes,Yes,28,Yes,No,Fiber optic,No,No,Yes,Yes,Yes,Yes,Month-to-month,No,Electronic check,139.52,3903.13,No,25-48m
C01407,Male,1,Yes,Yes,12,Yes,Yes,Fiber optic,Yes,No,No,Yes,No,Yes,Month-to-month,Yes,Credit card (automatic),139.09,1706.39,Yes,7-12m
C01408,Male,0,Yes,No,1,No,No phone service,DSL,No,No,Yes,No,No,No,Month-to-month,No,Mailed check,64.97,63.78,No,0-6m
C01409,Female,0,Yes,No,20,Yes,No,DSL,Yes,Yes,No,No,No,No,One year,Yes,Bank transfer (automatic),84.44,1739.15,No,13-24m
C01410,Male,1,No,No,38,Yes,Yes,DSL,No,No,No,Yes,No,Yes,Month-to-month,No,Bank transfer (automatic),104.97,3889.82,Yes,25-48m
C01411,Female,0,Yes,No,9,Yes,Yes,Fiber optic,No,No,No,Yes,Yes,No,Two year,No,Electronic check,117.71,1096.71,Yes,7-12m
C01412,Male,0,Yes,Yes,70,Yes,No,Fiber optic,Yes,Yes,Yes,No,No,No,Two year,No,Credit card (automatic),124.61,8946.74,Yes,49m+
C01413,Male,1,Yes,No,59,Yes,No,No,No internet service,No internet service,No internet service,No internet service,No internet service,No internet service,Month-to-month,No,Credit card (automatic),37.89,2281.52,No,49m+
C01414,Female,0,Yes,No,23,Yes,No,DSL,Yes,Yes,Yes,Yes,Yes,No,Month-to-month,Yes,Credit card (automatic),109.6,2530.24,No,13-24m
C01415,Male,0,No,No,13,Yes,No,Fiber optic,No,No,No,Yes,Yes,No,Month-to-month,Yes,Electronic check,120.36,1625.61,No,13-24m
C01416,Male,0,Yes,Yes,12,Yes,Yes,DSL,No,No,No,No,No,No,Two year,Yes,Bank transfer (automatic),90.56,1095.36,No,7-12m
C01417,Female,0,No,No,46,Yes,No,DSL,Yes,No,No,Yes,No,No,One year,Yes,Bank transfer (automatic),100.34,4475.12,No,25-48m
C01418,Female,1,Yes,No,56,Yes,Yes,No,No internet service,No internet service,No internet service,No internet service,No internet service,No internet service,Two year,Yes,Bank transfer (automatic),44.72,2553.34,No,49m+
C01419,Female,0,Yes,No,41,Yes,Yes,DSL,No,Yes,No,No,Yes,No,Two year,Yes,Credit card (automatic),106.44,4270.69,No,25-48m
C01420,Male,0,No,Yes,40,No,No phone service,No,No internet service,No internet service,No internet service,No internet service,No internet service,No internet service,One year,Yes,Bank transfer (automatic),26.53,1098.78,No,25-48m
C01421,Female,0,No,Yes,39,Yes,Yes,No,No internet service,No internet service,No internet service,No internet service,No internet service,No internet service,Two year,Yes,Mailed check,53.61,2104.6,No,25-48m
C01422,Male,0,No,No,44,Yes,Yes,DSL,No,No,No,No,No,No,Month-to-month,No,Electronic check,86.45,3790.13,No,25-48m
C01423,Male,0,No,No,29,Yes,No,DSL,No,Yes,Yes,Yes,Yes,Yes,One year,Yes,Credit card (automatic),121.77,3517.24,No,25-48m
C01424,Male,0,No,No,24,Yes,Yes,DSL,No,Yes,Yes,No,Yes,Yes,Month-to-month,Yes,Credit card (automatic),110.04,2706.31,Yes,13-24m
C01425,Female,0,No,No,48,Yes,Yes,Fiber optic,No,No,No,Yes,Yes,Yes,Month-to-month,Yes,Electronic check,139.41,6813.33,Yes,25-48m
C01426,Male,0,Yes,No,57,Yes,No,DSL,Yes,No,Yes,Yes,No,No,Month-to-month,Yes,Electronic check,94.69,5383.42,Yes,49m+
C01427,Male,0,No,Yes,49,Yes,No,No,No internet service,No internet service,No internet service,No internet service,No internet service,No internet service,Month-to-month,No,Mailed check,39.39,1976.26,No,49m+
C01428,Female,0,Yes,No,2,Yes,No,DSL,No,Yes,No,No,No,Yes,Month-to-month,Yes,Electronic check,90.49,173.12,Yes,0-6m
C01429,Male,1,Yes,No,20,Yes,Yes,DSL,No,No,Yes,No,No,No,Month-to-month,No,Electronic check,83.31,1608.28,No,13-24m
C01430,Female,0,Yes,No,1,No,No phone service,DSL,Yes,No,Yes,Yes,Yes,No,One year,Yes,Electronic check,104.63,103.85,No,0-6m
C01431,Female,0,Yes,Yes,46,Yes,No,Fiber optic,Yes,No,No,No,No,Yes,One year,Yes,Credit card (automatic),115.32,5290.01,Yes,25-48m
C01432,Male,0,Yes,No,33,Yes,Yes,DSL,No,Yes,No,No,Yes,No,One year,No,Mailed check,103.78,3337.7,No,25-48m
C01433,Female,0,Yes,No,6,Yes,No,Fiber optic,No,No,No,Yes,No,No,Two year,No,Electronic check,112.76,654.88,No,0-6m
C01434,Male,0,No,No,28,No,No phone service,DSL,No,No,Yes,Yes,Yes,No,One year,Yes,Electronic check,80.67,2265.97,No,25-48m
C01435,Female,0,No,No,6,Yes,No,DSL,No,No,No,No,Yes,Yes,Two year,Yes,Credit card (automatic),100.31,598.51,No,0-6m
C01436,Male,0,Yes,No,3,Yes,No,Fiber optic,Yes,No,Yes,Yes,Yes,Yes,Month-to-month,Yes,Electronic check,134.35,409.31,Yes,0-6m
C01437,Female,0,Yes,No,33,No,No phone service,DSL,Yes,No,No,No,Yes,No,One year,Yes,Electronic check,83.46,2685.19,Yes,25-48m
C01438,Male,0,Yes,No,62,Yes,No,DSL,No,No,No,Yes,Yes,No,Two year,Yes,Mailed check,102.46,6295.65,No,49m+
C01439,Male,0,Yes,No,18,Yes,No,Fiber optic,Yes,No,No,No,Yes,No,One year,Yes,Credit card (automatic),106.26,1874.62,No,13-24m
C01440,Male,0,No,No,60,Yes,Yes,No,No internet service,No internet service,No internet service,No internet service,No internet service,No internet service,Month-to-month,No,Electronic check,50.94,3003.74,Yes,49m+
C01441,Female,0,Yes,No,30,Yes,Yes,No,No internet service,No internet service,No internet service,No internet service,No internet service,No internet service,One year,No,Mailed check,51.32,1464.7,No,25-48m
C01442,Male,0,Yes,No,29,Yes,Yes,Fiber optic,No,Yes,No,No,Yes,No,Month-to-month,Yes,Mailed check,127.68,3861.51,Yes,25-48m
C01443,Male,1,Yes,No,38,Yes,No,Fiber optic,No,No,No,No,No,No,Month-to-month,Yes,Credit card (automatic),89.01,3351.45,No,25-48m
C01444,Male,0,Yes,No,39,Yes,No,DSL,No,Yes,Yes,Yes,Yes,No,One year,No,Electronic check,110.87,4530.37,No,25-48m
C01445,Female,0,Yes,No,34,Yes,No,Fiber optic,No,Yes,No,No,Yes,Yes,Month-to-month,Yes,Credit card (automatic),120.18,4098.97,No,25-48m
C01446,Male,1,Yes,No,18,Yes,Yes,DSL,Yes,No,Yes,No,Yes,No,One year,Yes,Electronic check,113.07,1965.3,Yes,13-24m
C01447,Female,1,Yes,Yes,36,Yes,Yes,Fiber optic,Yes,No,Yes,No,No,Yes,Two year,Yes,Mailed check,122.36,4552.66,No,25-48m
C01448,Male,0,No,Yes,41,Yes,No,DSL,No,No,No,No,No,No,One year,No,Electronic check,75.84,3186.21,No,25-48m
C01449,Female,0,Yes,Yes,42,Yes,No,No,No internet service,No internet service,No internet service,No internet service,No internet service,No internet service,One year,No,Credit card (automatic),40.13,1659.51,Yes,25-48m
C01450,Female,0,No,No,10,No,No phone service,Fiber optic,No,Yes,Yes,No,No,No,Two year,No,Credit card (automatic),95.68,945.94,Yes,7-12m
C01451,Male,1,No,Yes,17,Yes,No,DSL,No,Yes,No,No,Yes,Yes,Two year,No,Credit card (automatic),110.36,1793.68,Yes,13-24m
C01452,Male,0,Yes,No,52,Yes,No,DSL,Yes,No,No,Yes,No,No,Month-to-month,Yes,Credit card (automatic),94.07,4724.01,No,49m+
C01453,Female,0,Yes,Yes,10,Yes,No,Fiber optic,No,No,No,No,Yes,No,Two year,Yes,Electronic check,103.52,1023.7,Yes,7-12m
C01454,Male,0,Yes,No,14,Yes,No,DSL,No,No,No,Yes,Yes,No,Two year,No,Mailed check,92.34,1352.61,Yes,13-24m
C01455,Male,0,No,No,58,Yes,No,DSL,No,No,No,No,Yes,No,Two year,Yes,Bank transfer (automatic),78.72,4654.72,No,49m+
C01456,Female,0,Yes,No,11,Yes,Yes,DSL,No,No,Yes,Yes,No,No,Two year,Yes,Bank transfer (automatic),101.17,1162.17,No,7-12m
C01457,Male,0,No,No,35,Yes,No,DSL,Yes,Yes,No,No,No,No,Month-to-month,No,Electronic check,84.77,2855.63,Yes,25-48m
C01458,Female,0,No,No,69,Yes,Yes,DSL,Yes,Yes,Yes,No,No,Yes,Month-to-month,No,Electronic check,109.48,7554.96,No,49m+
C01459,Male,0,Yes,No,20,Yes,No,No,No internet service,No internet service,No internet service,No internet service,No internet service,No internet service,Month-to-month,Yes,Electronic check,37.63,739.24,No,13-24m
C01460,Male,0,No,No,28,Yes,No,No,No internet service,No internet service,No internet service,No internet service,No internet service,No internet service,One year,Yes,Credit card (automatic),37.34,1036.52,Yes,25-48m
C01461,Male,0,No,Yes,40,Yes,Yes,DSL,Yes,Yes,No,No,No,No,Month-to-month,Yes,Bank transfer (automatic),103.61,4185.85,No,25-48m
C01462,Female,0,Yes,No,61,Yes,No,Fiber optic,No,No,No,No,Yes,No,One year,No,Credit card (automatic),101.83,6049.87,No,49m+
C01463,Female,0,No,Yes,26,Yes,No,Fiber optic,Yes,Yes,No,Yes,No,Yes,Two year,No,Bank transfer (automatic),139.62,3510.99,No,25-48m
C01464,Female,0,Yes,No,34,Yes,No,Fiber optic,No,No,Yes,No,No,Yes,One year,Yes,Electronic check,120.16,4262.57,Yes,25-48m
C01465,Male,0,Yes,No,50,Yes,Yes,Fiber optic,Yes,No,No,No,Yes,Yes,Two year,Yes,Bank transfer (automatic),131.01,6726.26,No,49m+
C01466,Female,0,No,Yes,55,Yes,No,DSL,No,Yes,Yes,No,Yes,No,Month-to-month,No,Credit card (automatic),107.07,5700.08,No,49m+
C01467,Male,0,Yes,Yes,32,Yes,Yes,Fiber optic,Yes,No,No,Yes,No,No,One year,No,Bank transfer (automatic),112.36,3656.74,No,25-48m
C01468,Female,1,Yes,Yes,51,Yes,Yes,DSL,No,Yes,No,Yes,No,No,Month-to-month,No,Credit card (automatic),103.77,5191.4,No,49m+
C01469,Female,0,No,Yes,7,Yes,No,No,No internet service,No internet service,No internet service,No internet service,No internet service,No internet service,Month-to-month,No,Bank transfer (automatic),44.69,308.5,No,7-12m
C01470,Female,0,No,No,12,Yes,No,No,No internet service,No internet service,No internet service,No internet service,No internet service,No internet service,Month-to-month,No,Credit card (automatic),38.47,450.51,Yes,7-12m
C01471,Male,0,No,No,36,Yes,No,DSL,No,No,No,No,Yes,No,Two year,No,Mailed check,84.75,3077.41,No,25-48m
C01472,Male,0,No,Yes,57,Yes,No,DSL,No,Yes,No,No,Yes,Yes,One year,Yes,Electronic check,110.68,6140.25,No,49m+
C01473,Female,1,Yes,No,59,Yes,Yes,Fiber optic,No,Yes,Yes,No,No,No,Month-to-month,Yes,Mailed check,118.81,7038.76,No,49m+
C01474,Female,0,No,No,45,Yes,Yes,No,No internet service,No internet service,No internet service,No internet service,No internet service,No internet service,Month-to-month,Yes,Electronic check,45.09,2088.61,No,25-48m
C01475,Male,0,Yes,Yes,2,Yes,No,Fiber optic,No,No,Yes,No,No,Yes,Month-to-month,Yes,Credit card (automatic),116.66,240.67,Yes,0-6m
C01476,Female,0,No,Yes,32,Yes,No,No,No internet service,No internet service,No internet service,No internet service,No internet service,No internet service,Two year,No,Electronic check,37.75,1261.88,No,25-48m
C01477,Female,1,Yes,No,71,Yes,Yes,DSL,Yes,No,No,Yes,No,Yes,Month-to-month,Yes,Electronic check,123.18,8566.59,Yes,49m+
C01478,Female,0,No,No,12,Yes,No,No,No internet service,No internet service,No internet service,No internet service,No internet service,No internet service,Month-to-month,No,Credit card (automatic),42.32,487.65,Yes,7-12m
C01479,Male,1,Yes,No,70,Yes,No,Fiber optic,Yes,No,No,No,Yes,Yes,Two year,No,Mailed check,131.08,9093.72,No,49m+
C01480,Female,0,No,Yes,5,Yes,No,DSL,No,Yes,No,Yes,No,No,Two year,No,Electronic check,85.14,432.31,No,0-6m
C01481,Female,0,No,No,3,No,No phone service,DSL,No,Yes,No,No,No,No,Month-to-month,Yes,Credit card (automatic),65.68,193.49,No,0-6m
C01482,Male,0,No,No,71,Yes,No,Fiber optic,No,Yes,Yes,Yes,No,Yes,Month-to-month,No,Credit card (automatic),138.29,10220.12,No,49m+
C01483,Female,0,Yes,No,11,Yes,No,Fiber optic,No,Yes,No,Yes,Yes,No,Two year,Yes,Bank transfer (automatic),125.41,1361.91,No,7-12m
C01484,Male,0,No,No,69,Yes,No,Fiber optic,No,No,Yes,No,No,No,Month-to-month,Yes,Bank transfer (automatic),98.37,6454.6,Yes,49m+
C01485,Female,0,Yes,No,54,Yes,No,Fiber optic,No,Yes,No,Yes,Yes,Yes,Month-to-month,No,Bank transfer (automatic),131.66,7449.93,Yes,49m+
C01486,Male,0,Yes,No,32,Yes,Yes,DSL,No,No,Yes,Yes,Yes,Yes,One year,No,Credit card (automatic),132.14,4295.67,Yes,25-48m
C01487,Male,0,No,No,17,Yes,No,No,No internet service,No internet service,No internet service,No internet service,No internet service,No internet service,Two year,Yes,Mailed check,44.39,760.87,Yes,13-24m
C01488,Male,0,No,No,3,Yes,Yes,No,No internet service,No internet service,No internet service,No internet service,No internet service,No internet service,Month-to-month,Yes,Bank transfer (automatic),47.04,140.17,No,0-6m
C01489,Male,0,Yes,No,36,Yes,Yes,No,No internet service,No internet service,No internet service,No internet service,No internet service,No internet service,Month-to-month,Yes,Electronic check,52.67,1828.84,No,25-48m
C01490,Male,0,Yes,No,65,Yes,No,No,No internet service,No internet service,No internet service,No internet service,No internet service,No internet service,Month-to-month,No,Electronic check,43.11,2783.61,No,49m+
C01491,Female,0,Yes,Yes,34,Yes,Yes,DSL,No,Yes,Yes,No,Yes,Yes,Month-to-month,Yes,Electronic check,119.07,4116.76,No,25-48m
C01492,Female,0,Yes,Yes,19,Yes,Yes,Fiber optic,No,No,No,No,Yes,Yes,Two year,Yes,Mailed check,130.64,2507.46,No,13-24m
C01493,Male,0,No,No,64,Yes,No,No,No internet service,No internet service,No internet service,No internet service,No internet service,No internet service,One year,Yes,Bank transfer (automatic),42.08,2562.19,No,49m+
C01494,Male,0,No,No,72,Yes,No,DSL,No,No,No,No,No,Yes,Month-to-month,No,Bank transfer (automatic),94.7,6494.47,Yes,49m+
C01495,Male,0,Yes,Yes,53,Yes,No,Fiber optic,Yes,No,No,No,Yes,No,Month-to-month,No,Mailed check,113.52,6075.92,Yes,49m+
C01496,Female,0,No,Yes,66,Yes,No,DSL,Yes,No,No,Yes,No,Yes,Month-to-month,Yes,Electronic check,114.11,7279.24,No,49m+
C01497,Male,1,Yes,No,54,No,No phone service,DSL,No,Yes,No,No,Yes,No,Month-to-month,No,Electronic check,82.01,4242.0,Yes,49m+
C01498,Male,0,Yes,Yes,25,Yes,Yes,No,No internet service,No internet service,No internet service,No internet service,No internet service,No internet service,Month-to-month,No,Mailed check,49.55,1240.34,No,25-48m
C01499,Male,1,No,Yes,33,No,No phone service,No,No internet service,No internet service,No internet service,No internet service,No internet service,No internet service,Month-to-month,No,Bank transfer (automatic),27.61,949.01,No,25-48m
C01500,Female,0,Yes,Yes,45,Yes,Yes,Fiber optic,No,No,No,No,No,Yes,Month-to-month,Yes,Bank transfer (automatic),116.35,5351.71,Yes,25-48m
C01501,Female,0,No,Yes,71,Yes,No,Fiber optic,Yes,No,Yes,No,No,Yes,Month-to-month,Yes,Mailed check,111.25,8205.94,Yes,49m+
C01502,Male,1,Yes,No,20,Yes,No,Fiber optic,No,No,No,No,No,Yes,One year,No,Bank transfer (automatic),105.99,2158.79,Yes,13-24m
C01503,Male,0,Yes,No,6,Yes,Yes,Fiber optic,No,No,No,No,No,Yes,Two year,Yes,Bank transfer (automatic),107.93,674.81,No,0-6m
C01504,Female,0,Yes,No,69,Yes,Yes,DSL,No,No,Yes,No,Yes,No,One year,Yes,Credit card (automatic),100.95,7092.6,No,49m+
C01505,Female,0,No,Yes,50,Yes,Yes,DSL,No,No,Yes,Yes,No,No,One year,Yes,Electronic check,110.29,5550.7,Yes,49m+
C01506,Male,0,No,No,34,Yes,No,No,No internet service,No internet service,No internet service,No internet service,No internet service,No internet service,Month-to-month,No,Credit card (automatic),42.65,1484.52,Yes,25-48m
C01507,Female,0,No,No,41,No,No phone service,Fiber optic,No,No,No,No,No,Yes,Month-to-month,Yes,Credit card (automatic),93.62,3737.08,Yes,25-48m
C01508,Female,1,Yes,Yes,53,Yes,Yes,No,No internet service,No internet service,No internet service,No internet service,No internet service,No internet service,Month-to-month,Yes,Electronic check,52.82,2869.4,No,49m+
C01509,Female,0,Yes,No,53,Yes,No,Fiber optic,No,No,Yes,No,No,No,Month-to-month,Yes,Electronic check,113.66,6212.8,Yes,49m+
C01510,Female,0,No,Yes,34,Yes,No,DSL,No,No,Yes,Yes,No,Yes,Month-to-month,Yes,Bank transfer (automatic),107.57,3750.37,Yes,25-48m
C01511,Male,0,Yes,Yes,36,Yes,No,DSL,No,No,Yes,No,Yes,Yes,Month-to-month,Yes,Electronic check,103.85,3906.6,No,25-48m
C01512,Male,0,No,Yes,31,No,No phone service,No,No internet service,No internet service,No internet service,No internet service,No internet service,No internet service,Month-to-month,Yes,Bank transfer (automatic),23.66,715.41,Yes,25-48m
C01513,Male,1,Yes,No,43,Yes,Yes,Fiber optic,Yes,Yes,No,No,No,No,One year,Yes,Mailed check,120.05,5064.66,No,25-48m
C01514,Male,0,Yes,Yes,1,Yes,No,Fiber optic,No,No,No,No,No,No,Two year,No,Credit card (automatic),95.09,98.51,No,0-6m
C01515,Male,0,No,Yes,28,Yes,No,DSL,No,No,Yes,Yes,Yes,No,Two year,Yes,Electronic check,97.96,2700.4,No,25-48m
C01516,Female,0,Yes,No,53,Yes,No,Fiber optic,No,Yes,Yes,No,Yes,Yes,Month-to-month,Yes,Electronic check,140.43,7328.26,Yes,49m+
C01517,Male,1,Yes,No,45,Yes,Yes,DSL,No,No,No,No,No,No,Month-to-month,Yes,Electronic check,91.36,4215.84,No,25-48m
C01518,Female,0,No,Yes,45,Yes,No,Fiber optic,Yes,No,Yes,Yes,No,Yes,Month-to-month,No,Credit card (automatic),133.95,5857.53,Yes,25-48m
C01519,Male,0,Yes,No,11,Yes,Yes,DSL,No,Yes,Yes,Yes,No,No,Month-to-month,No,Electronic check,107.27,1188.0,Yes,7-12m
C01520,Male,0,Yes,No,64,Yes,No,Fiber optic,Yes,No,No,No,Yes,No,Two year,No,Electronic check,119.12,7701.2,Yes,49m+
C01521,Male,0,No,No,32,Yes,No,Fiber optic,No,No,Yes,No,Yes,No,Month-to-month,Yes,Bank transfer (automatic),119.32,3923.95,No,25-48m
C01522,Male,0,No,No,7,Yes,Yes,Fiber optic,Yes,Yes,Yes,No,Yes,Yes,Month-to-month,Yes,Credit card (automatic),154.0,1123.68,No,7-12m
C01523,Male,0,Yes,No,13,Yes,No,No,No internet service,No internet service,No internet service,No internet service,No internet service,No internet service,One year,Yes,Credit card (automatic),44.68,580.44,No,13-24m
C01524,Male,0,Yes,No,16,Yes,Yes,DSL,Yes,No,Yes,No,Yes,Yes,Two year,No,Mailed check,116.15,1938.58,No,13-24m
C01525,Female,0,No,No,23,Yes,Yes,No,No internet service,No internet service,No internet service,No internet service,No internet service,No internet service,Month-to-month,No,Mailed check,48.7,1087.77,No,13-24m
C01526,Male,0,Yes,No,43,Yes,No,DSL,No,No,Yes,No,Yes,No,Two year,No,Electronic check,87.29,3837.7,Yes,25-48m
C01527,Female,0,No,Yes,13,Yes,No,Fiber optic,No,Yes,Yes,Yes,No,Yes,Month-to-month,No,Bank transfer (automatic),122.93,1638.11,No,13-24m
C01528,Female,0,No,No,70,Yes,Yes,DSL,No,No,No,No,No,No,Month-to-month,Yes,Electronic check,83.07,5543.48,Yes,49m+
C01529,Female,0,Yes,Yes,17,Yes,No,Fiber optic,No,No,No,Yes,No,Yes,One year,Yes,Electronic check,109.12,1865.0,No,13-24m
C01530,Female,0,No,No,42,Yes,Yes,No,No internet service,No internet service,No internet service,No internet service,No internet service,No internet service,One year,Yes,Electronic check,46.5,1929.24,No,25-48m
C01531,Male,0,No,No,45,Yes,No,Fiber optic,No,No,Yes,No,Yes,No,One year,Yes,Bank transfer (automatic),117.25,5418.43,Yes,25-48m
C01532,Male,0,Yes,Yes,27,Yes,Yes,No,No internet service,No internet service,No internet service,No internet service,No internet service,No internet service,Month-to-month,No,Credit card (automatic),49.93,1413.31,Yes,25-48m
C01533,Male,0,Yes,No,42,No,No phone service,No,No internet service,No internet service,No internet service,No internet service,No internet service,No internet service,Two year,No,Bank transfer (automatic),23.47,1011.67,No,25-48m
C01534,Male,0,No,No,15,Yes,Yes,Fiber optic,No,Yes,Yes,No,No,Yes,Two year,No,Electronic check,132.53,1889.62,No,13-24m
C01535,Male,0,Yes,No,9,Yes,Yes,Fiber optic,Yes,Yes,No,Yes,Yes,Yes,Month-to-month,Yes,Bank transfer (automatic),149.56,1295.38,No,7-12m
C01536,Male,0,Yes,Yes,28,Yes,Yes,DSL,No,No,No,No,No,Yes,Month-to-month,Yes,Bank transfer (automatic),99.03,2863.26,Yes,25-48m
C01537,Male,0,No,Yes,32,Yes,Yes,Fiber optic,Yes,No,No,No,No,No,Month-to-month,Yes,Electronic check,105.8,3236.36,No,25-48m
C01538,Female,0,No,No,20,Yes,No,Fiber optic,No,No,No,Yes,Yes,Yes,One year,Yes,Bank transfer (automatic),131.86,2567.37,No,13-24m
C01539,Male,0,Yes,No,40,Yes,Yes,Fiber optic,Yes,Yes,No,No,Yes,Yes,Month-to-month,No,Mailed check,152.25,6104.27,Yes,25-48m
C01540,Male,0,No,No,13,Yes,No,Fiber optic,Yes,Yes,No,Yes,Yes,No,Two year,No,Bank transfer (automatic),133.23,1766.75,No,13-24m
C01541,Male,0,Yes,No,6,Yes,Yes,DSL,No,No,No,Yes,No,No,Month-to-month,Yes,Electronic check,101.72,633.0,No,0-6m
C01542,Male,0,No,No,63,Yes,Yes,Fiber optic,No,Yes,No,No,No,No,Month-to-month,No,Electronic check,122.94,7601.19,No,49m+
C01543,Male,0,Yes,No,31,Yes,No,Fiber optic,No,Yes,Yes,Yes,No,No,Month-to-month,No,Mailed check,113.22,3357.95,Yes,25-48m
C01544,Male,0,Yes,Yes,47,Yes,Yes,No,No internet service,No internet service,No internet service,No internet service,No internet service,No internet service,One year,Yes,Bank transfer (automatic),47.76,2162.14,No,25-48m
C01545,Male,0,Yes,Yes,37,Yes,No,DSL,No,Yes,No,No,Yes,No,Month-to-month,Yes,Electronic check,91.99,3501.23,Yes,25-48m
C01546,Female,1,Yes,Yes,50,Yes,Yes,DSL,No,Yes,No,Yes,Yes,Yes,Month-to-month,Yes,Bank transfer (automatic),126.3,6093.01,No,49m+
C01547,Female,0,No,No,45,Yes,No,Fiber optic,No,No,No,No,No,Yes,One year,Yes,Credit card (automatic),108.97,5057.74,No,25-48m
C01548,Male,0,Yes,Yes,58,Yes,Yes,DSL,Yes,No,Yes,No,No,Yes,Month-to-month,Yes,Electronic check,118.96,6947.71,No,49m+
C01549,Male,0,Yes,No,47,Yes,No,DSL,Yes,No,No,Yes,Yes,Yes,Month-to-month,No,Mailed check,117.42,5469.89,Yes,25-48m
C01550,Male,0,No,No,6,Yes,Yes,DSL,No,No,No,No,No,Yes,Month-to-month,No,Bank transfer (automatic),87.28,531.48,Yes,0-6m
C01551,Male,1,No,No,35,Yes,No,Fiber optic,No,No,No,Yes,Yes,No,Two year,No,Bank transfer (automatic),123.88,4422.8,Yes,25-48m
C01552,Female,0,Yes,No,5,Yes,Yes,DSL,Yes,Yes,No,No,No,No,Month-to-month,No,Electronic check,92.18,469.01,Yes,0-6m
C01553,Female,0,Yes,No,69,Yes,No,Fiber optic,Yes,Yes,Yes,Yes,Yes,No,Two year,No,Bank transfer (automatic),126.7,8603.64,No,49m+
C01554,Male,1,Yes,No,61,Yes,No,DSL,Yes,No,No,No,No,No,One year,No,Credit card (automatic),89.55,5568.94,No,49m+
C01555,Male,0,No,No,56,Yes,Yes,DSL,Yes,No,No,No,Yes,No,Month-to-month,No,Credit card (automatic),101.78,5984.49,No,49m+
C01556,Female,0,No,No,44,Yes,Yes,DSL,Yes,Yes,Yes,No,No,No,Month-to-month,Yes,Electronic check,99.73,4327.77,Yes,25-48m
C01557,Male,0,Yes,Yes,7,Yes,No,DSL,Yes,No,Yes,Yes,No,Yes,Month-to-month,Yes,Credit card (automatic),108.99,756.87,No,7-12m
C01558,Female,0,No,No,54,Yes,No,Fiber optic,Yes,No,No,No,Yes,No,One year,Yes,Bank transfer (automatic),121.98,6788.55,Yes,49m+
C01559,Female,0,Yes,No,41,Yes,Yes,DSL,No,No,Yes,No,Yes,Yes,Month-to-month,Yes,Electronic check,118.29,4752.34,No,25-48m
C01560,Female,0,Yes,No,27,Yes,Yes,DSL,No,Yes,No,No,No,No,Month-to-month,No,Credit card (automatic),100.5,2635.9,No,25-48m
C01561,Female,0,Yes,No,10,Yes,Yes,No,No internet service,No internet service,No internet service,No internet service,No internet service,No internet service,Month-to-month,Yes,Bank transfer (automatic),49.6,512.16,No,7-12m
C01562,Male,0,No,Yes,52,Yes,No,DSL,No,Yes,Yes,Yes,No,Yes,One year,No,Mailed check,110.63,5697.4,No,49m+
C01563,Female,0,Yes,No,59,Yes,No,No,No internet service,No internet service,No internet service,No internet service,No internet service,No internet service,Month-to-month,Yes,Bank transfer (automatic),44.13,2561.27,No,49m+
C01564,Male,0,No,No,26,Yes,Yes,DSL,No,No,No,No,No,Yes,One year,Yes,Bank transfer (automatic),96.84,2513.01,No,25-48m
C01565,Male,0,No,No,32,No,No phone service,Fiber optic,No,Yes,No,No,No,Yes,One year,Yes,Electronic check,94.59,2934.18,No,25-48m
C01566,Female,0,Yes,No,60,Yes,Yes,Fiber optic,No,No,Yes,Yes,No,No,Month-to-month,Yes,Mailed check,130.4,7973.76,No,49m+
C01567,Female,0,No,No,10,Yes,No,No,No internet service,No internet service,No internet service,No internet service,No internet service,No internet service,Two year,Yes,Bank transfer (automatic),44.15,425.37,No,7-12m
C01568,Male,0,No,No,34,Yes,Yes,DSL,No,No,Yes,No,No,No,One year,Yes,Bank transfer (automatic),94.13,3135.44,No,25-48m
C01569,Female,0,Yes,No,34,Yes,Yes,No,No internet service,No internet service,No internet service,No internet service,No internet service,No internet service,One year,No,Credit card (automatic),44.96,1478.09,No,25-48m
C01570,Female,0,Yes,Yes,37,Yes,Yes,Fiber optic,Yes,Yes,No,No,No,Yes,One year,Yes,Electronic check,119.97,4227.1,No,25-48m
C01571,Female,0,No,Yes,7,No,No phone service,Fiber optic,Yes,No,Yes,No,Yes,No,Month-to-month,Yes,Electronic check,111.83,762.23,Yes,7-12m
C01572,Male,0,Yes,Yes,11,Yes,Yes,Fiber optic,No,No,Yes,Yes,Yes,No,Two year,Yes,Bank transfer (automatic),140.39,1503.16,Yes,7-12m
C01573,Female,1,No,No,5,Yes,No,Fiber optic,No,No,Yes,No,Yes,No,One year,No,Mailed check,107.17,510.23,Yes,0-6m
C01574,Female,0,No,Yes,52,Yes,Yes,No,No internet service,No internet service,No internet service,No internet service,No internet service,No internet service,Month-to-month,Yes,Electronic check,53.62,2738.0,Yes,49m+
C01575,Female,0,Yes,No,54,Yes,No,DSL,No,No,Yes,No,Yes,Yes,One year,Yes,Bank transfer (automatic),97.08,5129.98,Yes,49m+
C01576,Male,0,Yes,No,48,Yes,No,DSL,Yes,Yes,No,Yes,No,No,Month-to-month,No,Electronic check,108.51,5385.74,Yes,25-48m
C01577,Male,0,Yes,Yes,69,Yes,No,DSL,No,Yes,Yes,Yes,No,Yes,One year,Yes,Mailed check,106.63,7502.0,No,49m+
C01578,Male,0,No,Yes,47,Yes,Yes,Fiber optic,No,Yes,No,No,Yes,Yes,Month-to-month,Yes,Credit card (automatic),137.96,6226.4,No,25-48m
C01579,Female,1,No,No,57,No,No phone service,Fiber optic,No,No,No,No,No,No,Two year,Yes,Bank transfer (automatic),75.2,4447.65,Yes,49m+
C01580,Female,0,No,No,56,Yes,No,DSL,Yes,No,No,No,No,No,Two year,No,Electronic check,84.05,4773.5,No,49m+
C01581,Female,1,Yes,No,16,Yes,Yes,Fiber optic,Yes,No,No,No,Yes,Yes,Two year,Yes,Electronic check,132.18,2165.53,No,13-24m
C01582,Male,0,Yes,No,23,Yes,Yes,Fiber optic,No,No,Yes,No,No,Yes,Month-to-month,Yes,Bank transfer (automatic),129.02,2828.71,Yes,13-24m
C01583,Female,0,Yes,No,23,Yes,Yes,DSL,Yes,Yes,Yes,No,No,No,Two year,No,Mailed check,106.96,2573.01,No,13-24m
C01584,Female,0,Yes,No,45,Yes,Yes,DSL,No,Yes,Yes,Yes,No,No,Month-to-month,Yes,Mailed check,110.5,4870.26,Yes,25-48m
C01585,Male,0,No,Yes,72,Yes,No,No,No internet service,No internet service,No internet service,No internet service,No internet service,No internet service,Month-to-month,No,Bank transfer (automatic),38.98,2794.22,Yes,49m+
C01586,Female,1,No,No,58,Yes,No,DSL,Yes,Yes,Yes,No,Yes,No,One year,Yes,Mailed check,117.73,6971.53,No,49m+
C01587,Male,0,Yes,No,2,Yes,No,DSL,No,Yes,Yes,No,No,No,One year,Yes,Mailed check,93.48,190.16,Yes,0-6m
C01588,Female,1,No,Yes,29,Yes,Yes,DSL,No,No,Yes,Yes,Yes,Yes,Month-to-month,Yes,Electronic check,129.81,3876.31,Yes,25-48m
C01589,Female,0,No,Yes,70,Yes,No,DSL,Yes,No,No,Yes,No,No,Month-to-month,No,Electronic check,96.81,6513.96,Yes,49m+
C01590,Female,0,No,Yes,69,Yes,No,Fiber optic,Yes,No,Yes,Yes,Yes,Yes,Month-to-month,No,Mailed check,138.68,10000.12,Yes,49m+
C01591,Male,0,Yes,No,33,Yes,No,Fiber optic,No,No,Yes,Yes,No,Yes,Month-to-month,Yes,Electronic check,129.62,4197.98,No,25-48m
C01592,Male,0,Yes,No,63,Yes,Yes,Fiber optic,No,Yes,No,No,Yes,No,Month-to-month,Yes,Credit card (automatic),125.14,7866.26,No,49m+
C01593,Female,0,Yes,No,8,Yes,No,DSL,Yes,No,Yes,No,No,No,Two year,Yes,Bank transfer (automatic),84.91,671.56,No,7-12m
C01594,Male,0,Yes,No,53,Yes,No,Fiber optic,No,Yes,Yes,No,No,No,Month-to-month,No,Mailed check,115.37,5996.85,No,49m+
C01595,Male,0,No,Yes,56,Yes,No,No,No internet service,No internet service,No internet service,No internet service,No internet service,No internet service,Two year,No,Electronic check,37.55,2070.21,No,49m+
C01596,Female,0,Yes,No,56,Yes,No,No,No internet service,No internet service,No internet service,No internet service,No internet service,No internet service,One year,Yes,Electronic check,37.73,2161.66,No,49m+
C01597,Female,1,No,No,71,Yes,Yes,No,No internet service,No internet service,No internet service,No internet service,No internet service,No internet service,Month-to-month,No,Mailed check,51.46,3728.98,No,49m+
C01598,Female,1,No,No,33,Yes,Yes,No,No internet service,No internet service,No internet service,No internet service,No internet service,No internet service,One year,No,Bank transfer (automatic),47.03,1503.8,Yes,25-48m
C01599,Male,0,No,No,1,Yes,No,No,No internet service,No internet service,No internet service,No internet service,No internet service,No internet service,Month-to-month,No,Electronic check,41.78,43.38,Yes,0-6m
C01600,Female,0,Yes,No,24,Yes,Yes,Fiber optic,No,Yes,Yes,No,No,Yes,One year,No,Credit card (automatic),120.31,2909.71,Yes,13-24m
C01601,Female,0,Yes,No,12,Yes,Yes,DSL,Yes,Yes,Yes,No,No,Yes,One year,No,Credit card (automatic),125.96,1476.2,Yes,7-12m
C01602,Male,1,No,No,65,Yes,No,Fiber optic,No,Yes,No,No,Yes,No,Month-to-month,No,Bank transfer (automatic),125.95,8543.19,Yes,49m+
C01603,Male,0,No,Yes,46,Yes,Yes,DSL,Yes,No,No,No,No,Yes,One year,Yes,Bank transfer (automatic),99.99,4665.45,No,25-48m
C01604,Female,1,Yes,Yes,36,Yes,Yes,DSL,Yes,No,Yes,No,No,Yes,One year,Yes,Mailed check,109.78,3933.73,No,25-48m
C01605,Female,0,No,Yes,11,Yes,Yes,Fiber optic,Yes,No,Yes,No,No,No,One year,No,Credit card (automatic),114.09,1238.74,Yes,7-12m
C01606,Male,0,Yes,No,21,Yes,Yes,Fiber optic,Yes,No,No,Yes,No,Yes,Month-to-month,No,Electronic check,122.41,2514.75,No,13-24m
C01607,Male,0,Yes,No,6,Yes,Yes,Fiber optic,No,Yes,No,No,No,No,Two year,Yes,Electronic check,112.09,662.05,No,0-6m
C01608,Female,0,No,Yes,18,Yes,Yes,DSL,Yes,Yes,Yes,No,No,Yes,Two year,No,Bank transfer (automatic),116.6,1994.19,No,13-24m
C01609,Female,0,No,No,54,No,No phone service,Fiber optic,Yes,No,No,No,Yes,No,Month-to-month,No,Bank transfer (automatic),98.8,5280.7,Yes,49m+
C01610,Female,0,Yes,No,5,Yes,No,Fiber optic,No,No,No,No,No,No,Month-to-month,No,Bank transfer (automatic),97.03,494.53,Yes,0-6m
C01611,Male,0,Yes,No,61,Yes,Yes,Fiber optic,Yes,No,Yes,Yes,No,No,Month-to-month,Yes,Electronic check,117.48,7240.62,No,49m+
C01612,Male,0,No,No,71,Yes,No,Fiber optic,Yes,Yes,Yes,No,No,No,Month-to-month,Yes,Electronic check,129.54,9522.01,No,49m+
C01613,Female,0,Yes,No,25,Yes,No,Fiber optic,No,Yes,No,No,No,Yes,Two year,Yes,Bank transfer (automatic),115.41,2783.27,Yes,25-48m
C01614,Female,0,No,No,48,Yes,Yes,DSL,No,No,No,No,No,Yes,One year,Yes,Electronic check,98.96,4889.46,No,25-48m
C01615,Female,0,Yes,No,1,Yes,No,Fiber optic,No,No,No,No,No,Yes,One year,Yes,Electronic check,107.53,102.9,Yes,0-6m
C01616,Female,0,No,No,37,Yes,Yes,Fiber optic,No,Yes,Yes,No,Yes,Yes,Month-to-month,Yes,Credit card (automatic),142.2,5318.08,Yes,25-48m
C01617,Male,0,No,Yes,69,Yes,Yes,DSL,No,No,No,No,Yes,Yes,Two year,No,Electronic check,104.01,7273.59,Yes,49m+
C01618,Male,0,Yes,Yes,63,Yes,Yes,DSL,No,No,Yes,No,No,Yes,Month-to-month,No,Electronic check,101.38,6485.02,Yes,49m+
C01619,Male,0,Yes,No,37,Yes,No,Fiber optic,No,No,Yes,Yes,Yes,Yes,One year,Yes,Electronic check,128.21,4830.75,No,25-48m
C01620,Female,0,Yes,Yes,46,Yes,No,Fiber optic,No,No,Yes,Yes,Yes,No,One year,Yes,Bank transfer (automatic),116.42,5548.15,No,25-48m
C01621,Female,0,Yes,No,32,Yes,No,Fiber optic,No,No,Yes,Yes,Yes,No,Month-to-month,Yes,Mailed check,131.82,4402.88,Yes,25-48m
C01622,Male,0,Yes,No,31,Yes,Yes,Fiber optic,No,No,No,No,No,No,One year,No,Mailed check,96.28,2939.96,No,25-48m
C01623,Male,0,Yes,Yes,70,Yes,Yes,DSL,No,No,Yes,Yes,No,Yes,Two year,Yes,Electronic check,104.95,7041.79,No,49m+
C01624,Female,1,No,No,41,Yes,No,DSL,No,No,No,No,No,No,One year,No,Electronic check,82.9,3406.5,No,25-48m
C01625,Female,0,Yes,No,11,Yes,Yes,Fiber optic,Yes,No,No,Yes,Yes,No,Month-to-month,Yes,Credit card (automatic),139.38,1561.86,Yes,7-12m
C01626,Male,0,No,No,7,Yes,Yes,DSL,Yes,No,Yes,Yes,No,No,Month-to-month,Yes,Electronic check,108.53,772.51,No,7-12m
C01627,Male,0,No,Yes,30,Yes,Yes,DSL,No,Yes,Yes,No,Yes,No,Two year,Yes,Electronic check,103.9,3109.02,Yes,25-48m
C01628,Female,0,Yes,Yes,16,Yes,No,Fiber optic,Yes,No,No,Yes,No,No,One year,No,Bank transfer (automatic),120.76,1915.26,No,13-24m
C01629,Male,0,Yes,No,48,No,No phone service,Fiber optic,Yes,No,No,No,Yes,No,Month-to-month,No,Bank transfer (automatic),91.7,4573.09,No,25-48m
C01630,Male,0,Yes,No,46,Yes,Yes,No,No internet service,No internet service,No internet service,No internet service,No internet service,No internet service,Two year,Yes,Bank transfer (automatic),46.29,2172.22,No,25-48m
C01631,Male,1,No,Yes,50,Yes,No,Fiber optic,No,Yes,No,No,No,No,Month-to-month,No,Bank transfer (automatic),105.57,5376.03,Yes,49m+
C01632,Female,0,Yes,No,35,Yes,Yes,Fiber optic,No,Yes,No,No,No,Yes,One year,Yes,Electronic check,126.19,4249.89,Yes,25-48m
C01633,Male,0,Yes,No,50,Yes,No,Fiber optic,No,Yes,Yes,No,No,No,One year,Yes,Mailed check,108.81,5463.4,Yes,49m+
C01634,Female,1,No,No,56,Yes,No,No,No internet service,No internet service,No internet service,No internet service,No internet service,No internet service,Month-to-month,No,Mailed check,39.91,2187.17,No,49m+
C01635,Female,0,No,No,61,Yes,No,DSL,Yes,Yes,Yes,Yes,No,No,One year,No,Credit card (automatic),102.87,6351.82,No,49m+
C01636,Female,0,Yes,No,5,Yes,Yes,Fiber optic,Yes,No,Yes,Yes,Yes,No,Month-to-month,No,Credit card (automatic),133.17,674.42,Yes,0-6m
C01637,Female,0,Yes,No,8,Yes,No,Fiber optic,No,No,No,No,No,Yes,One year,Yes,Credit card (automatic),101.61,797.46,Yes,7-12m
C01638,Female,0,No,Yes,11,Yes,No,Fiber optic,No,No,Yes,No,No,No,Month-to-month,Yes,Electronic check,105.13,1164.77,Yes,7-12m
C01639,Male,0,Yes,No,70,Yes,No,DSL,Yes,No,Yes,No,No,Yes,One year,Yes,Mailed check,98.17,7002.47,No,49m+
C01640,Female,1,Yes,No,59,Yes,Yes,Fiber optic,Yes,No,No,No,No,No,Month-to-month,No,Credit card (automatic),103.02,5783.33,Yes,49m+
C01641,Female,0,Yes,No,44,Yes,Yes,No,No internet service,No internet service,No internet service,No internet service,No internet service,No internet service,One year,Yes,Bank transfer (automatic),45.24,1984.24,No,25-48m
C01642,Male,0,No,Yes,64,Yes,No,DSL,Yes,No,No,No,No,Yes,One year,Yes,Electronic check,95.74,6236.95,Yes,49m+
C01643,Male,0,No,Yes,1,Yes,Yes,Fiber optic,No,Yes,Yes,No,No,No,One year,Yes,Bank transfer (automatic),119.55,115.37,Yes,0-6m
C01644,Female,0,Yes,Yes,28,Yes,No,Fiber optic,No,Yes,Yes,No,No,No,Month-to-month,Yes,Electronic check,119.93,3216.45,Yes,25-48m
C01645,Male,0,No,No,9,Yes,Yes,DSL,No,No,No,No,Yes,No,Month-to-month,Yes,Mailed check,102.21,906.97,Yes,7-12m
C01646,Female,1,No,No,69,Yes,Yes,DSL,No,No,Yes,No,Yes,Yes,Month-to-month,Yes,Electronic check,113.5,7636.18,No,49m+
C01647,Male,0,Yes,Yes,14,Yes,Yes,No,No internet service,No internet service,No internet service,No internet service,No internet service,No internet service,One year,No,Mailed check,50.52,739.58,No,13-24m
C01648,Male,0,No,No,62,Yes,Yes,DSL,No,Yes,Yes,No,No,Yes,Two year,Yes,Credit card (automatic),120.78,7375.04,Yes,49m+
C01649,Female,0,No,Yes,66,Yes,No,Fiber optic,No,No,No,No,Yes,No,Month-to-month,Yes,Bank transfer (automatic),103.76,7001.78,Yes,49m+
C01650,Male,0,Yes,Yes,43,Yes,No,Fiber optic,No,No,No,No,Yes,No,Month-to-month,No,Credit card (automatic),105.02,4578.61,No,25-48m
C01651,Female,0,Yes,No,47,Yes,Yes,DSL,No,No,Yes,No,No,No,Month-to-month,Yes,Electronic check,86.57,4231.13,Yes,25-48m
C01652,Male,0,Yes,Yes,11,Yes,No,DSL,No,No,No,Yes,Yes,No,One year,No,Bank transfer (automatic),87.65,954.86,No,7-12m
C01653,Male,1,Yes,No,69,Yes,Yes,Fiber optic,No,Yes,Yes,No,No,Yes,One year,Yes,Bank transfer (automatic),135.63,9012.42,No,49m+
C01654,Female,0,Yes,No,11,Yes,No,DSL,Yes,No,No,No,No,Yes,Two year,Yes,Electronic check,94.76,1085.43,No,7-12m
C01655,Male,0,No,No,25,Yes,Yes,Fiber optic,No,No,No,Yes,Yes,No,Month-to-month,No,Electronic check,127.04,3216.72,No,25-48m
C01656,Male,0,No,Yes,16,Yes,No,Fiber optic,No,No,No,No,No,No,Month-to-month,Yes,Credit card (automatic),91.46,1526.13,Yes,13-24m
C01657,Female,0,No,No,69,Yes,No,No,No internet service,No internet service,No internet service,No internet service,No internet service,No internet service,One year,Yes,Electronic check,43.51,3024.63,No,49m+
C01658,Female,0,No,Yes,63,Yes,Yes,Fiber optic,No,No,No,No,No,No,Month-to-month,No,Credit card (automatic),97.32,6135.62,Yes,49m+
C01659,Male,0,No,No,9,Yes,No,DSL,No,No,No,No,No,Yes,One year,No,Bank transfer (automatic),86.77,742.76,Yes,7-12m
C01660,Male,1,No,Yes,39,No,No phone service,DSL,No,Yes,No,No,Yes,No,Month-to-month,Yes,Mailed check,75.47,3054.09,No,25-48m
C01661,Male,0,Yes,No,42,Yes,Yes,Fiber optic,No,Yes,No,Yes,Yes,Yes,Month-to-month,Yes,Electronic check,153.0,6597.63,No,25-48m
C01662,Male,0,Yes,Yes,44,Yes,No,DSL,Yes,Yes,No,No,Yes,Yes,Month-to-month,Yes,Electronic check,103.72,4656.53,Yes,25-48m
C01663,Male,0,Yes,No,65,Yes,No,DSL,No,No,Yes,Yes,No,Yes,Month-to-month,Yes,Mailed check,99.51,6776.35,No,49m+
C01664,Female,0,No,No,68,Yes,No,DSL,No,No,No,Yes,No,Yes,Month-to-month,No,Bank transfer (automatic),100.02,6785.21,Yes,49m+
C01665,Male,0,No,Yes,40,Yes,No,DSL,No,Yes,Yes,No,No,No,Two year,No,Credit card (automatic),93.89,3751.71,No,25-48m
C01666,Female,0,No,No,62,Yes,No,Fiber optic,Yes,Yes,No,No,No,No,Two year,No,Bank transfer (automatic),102.32,6280.61,No,49m+
C01667,Male,0,No,Yes,5,Yes,Yes,Fiber optic,Yes,Yes,Yes,No,No,No,Month-to-month,No,Electronic check,120.64,601.01,Yes,0-6m
C01668,Female,0,Yes,No,11,Yes,No,No,No internet service,No internet service,No internet service,No internet service,No internet service,No internet service,One year,Yes,Bank transfer (automatic),38.81,446.83,No,7-12m
C01669,Female,1,Yes,No,20,Yes,Yes,DSL,No,Yes,No,Yes,Yes,No,One year,Yes,Bank transfer (automatic),115.03,2206.41,No,13-24m
C01670,Female,0,No,Yes,31,Yes,Yes,No,No internet service,No internet service,No internet service,No internet service,No internet service,No internet service,One year,Yes,Mailed check,46.63,1465.5,No,25-48m
C01671,Male,0,No,No,13,Yes,Yes,Fiber optic,Yes,No,No,No,No,Yes,Two year,Yes,Electronic check,127.33,1620.74,No,13-24m
C01672,Female,0,No,No,32,Yes,Yes,Fiber optic,Yes,Yes,No,Yes,No,No,Two year,Yes,Credit card (automatic),121.49,3709.12,Yes,25-48m
C01673,Male,0,No,No,62,Yes,No,Fiber optic,No,Yes,No,No,No,No,Month-to-month,Yes,Bank transfer (automatic),109.76,7067.24,No,49m+
C01674,Male,0,Yes,No,30,Yes,Yes,DSL,No,No,Yes,Yes,Yes,No,Month-to-month,Yes,Bank transfer (automatic),105.96,3147.38,Yes,25-48m
C01675,Female,1,No,No,52,Yes,Yes,Fiber optic,No,No,Yes,No,No,Yes,One year,No,Credit card (automatic),127.67,6338.81,No,49m+
C01676,Female,0,Yes,Yes,51,Yes,No,DSL,Yes,No,No,Yes,Yes,Yes,One year,Yes,Bank transfer (automatic),106.32,5257.31,No,49m+
C01677,Female,0,No,No,17,Yes,Yes,No,No internet service,No internet service,No internet service,No internet service,No internet service,No internet service,Month-to-month,Yes,Bank transfer (automatic),50.57,893.23,No,13-24m
C01678,Female,0,No,Yes,69,Yes,Yes,Fiber optic,Yes,Yes,Yes,No,No,Yes,Two year,No,Credit card (automatic),148.17,10480.22,No,49m+
C01679,Female,0,No,No,19,Yes,No,DSL,No,Yes,No,No,Yes,Yes,Month-to-month,No,Mailed check,104.16,1911.17,Yes,13-24m
C01680,Female,0,Yes,No,63,Yes,Yes,Fiber optic,No,No,Yes,No,Yes,Yes,One year,Yes,Electronic check,128.84,8337.52,No,49m+
C01681,Male,0,No,No,45,Yes,No,Fiber optic,No,No,No,No,No,No,One year,No,Electronic check,99.9,4651.93,Yes,25-48m
C01682,Male,0,Yes,No,35,Yes,No,DSL,Yes,Yes,Yes,Yes,No,No,One year,Yes,Mailed check,105.37,3817.01,No,25-48m
C01683,Male,0,No,No,58,Yes,No,Fiber optic,Yes,No,Yes,Yes,Yes,No,Month-to-month,No,Credit card (automatic),143.02,8611.81,No,49m+
C01684,Female,0,No,No,31,Yes,No,Fiber optic,No,No,No,No,No,No,Month-to-month,Yes,Bank transfer (automatic),95.63,2900.26,Yes,25-48m
C01685,Male,0,No,No,36,Yes,Yes,DSL,No,No,No,No,No,Yes,Month-to-month,Yes,Bank transfer (automatic),91.36,3270.38,No,25-48m
C01686,Male,0,No,No,44,Yes,Yes,Fiber optic,Yes,No,No,No,No,No,Month-to-month,Yes,Credit card (automatic),106.06,4536.12,Yes,25-48m
C01687,Female,0,Yes,No,12,Yes,Yes,Fiber optic,No,Yes,No,Yes,No,Yes,Month-to-month,Yes,Credit card (automatic),138.08,1729.34,No,7-12m
C01688,Female,0,Yes,No,33,Yes,Yes,No,No internet service,No internet service,No internet service,No internet service,No internet service,No internet service,Two year,Yes,Bank transfer (automatic),51.98,1769.77,Yes,25-48m
C01689,Female,1,Yes,No,35,Yes,Yes,DSL,No,Yes,No,No,No,Yes,One year,No,Electronic check,103.68,3668.45,Yes,25-48m
C01690,Female,0,No,Yes,68,Yes,Yes,DSL,Yes,Yes,Yes,Yes,No,No,Two year,No,Mailed check,125.75,8573.18,No,49m+
C01691,Male,0,No,No,45,Yes,Yes,DSL,No,No,Yes,Yes,Yes,No,Month-to-month,No,Bank transfer (automatic),119.84,5421.93,No,25-48m
C01692,Male,0,Yes,No,35,Yes,No,No,No internet service,No internet service,No internet service,No internet service,No internet service,No internet service,Two year,No,Electronic check,39.75,1353.52,No,25-48m
C01693,Female,0,Yes,Yes,38,Yes,No,DSL,Yes,No,No,No,No,No,Month-to-month,Yes,Bank transfer (automatic),90.01,3448.44,No,25-48m
C01694,Male,0,Yes,Yes,41,Yes,Yes,DSL,No,No,Yes,No,Yes,Yes,One year,No,Electronic check,108.38,4316.65,No,25-48m
C01695,Female,0,Yes,No,14,Yes,No,DSL,No,No,Yes,No,No,No,One year,Yes,Electronic check,77.89,1090.7,No,13-24m
C01696,Female,0,No,No,39,Yes,Yes,Fiber optic,Yes,No,No,Yes,Yes,Yes,Two year,No,Mailed check,141.76,5785.6,No,25-48m
C01697,Male,0,No,No,62,Yes,No,No,No internet service,No internet service,No internet service,No internet service,No internet service,No internet service,Two year,Yes,Electronic check,40.34,2584.15,No,49m+
C01698,Male,1,No,Yes,28,Yes,Yes,DSL,Yes,No,Yes,No,No,Yes,Month-to-month,Yes,Electronic check,111.91,3188.46,No,25-48m
C01699,Female,0,No,Yes,37,Yes,No,Fiber optic,No,Yes,Yes,No,No,No,Month-to-month,No,Mailed check,102.28,3605.71,Yes,25-48m
C01700,Male,0,No,No,52,Yes,No,Fiber optic,No,No,No,No,Yes,Yes,Two year,Yes,Credit card (automatic),116.5,6023.93,No,49m+
C01701,Female,0,Yes,No,55,Yes,Yes,No,No internet service,No internet service,No internet service,No internet service,No internet service,No internet service,Month-to-month,Yes,Bank transfer (automatic),49.15,2679.17,No,49m+
C01702,Male,0,No,No,68,Yes,No,No,No internet service,No internet service,No internet service,No internet service,No internet service,No internet service,Month-to-month,Yes,Credit card (automatic),42.5,2864.63,No,49m+
C01703,Female,1,No,No,9,Yes,No,No,No internet service,No internet service,No internet service,No internet service,No internet service,No internet service,One year,Yes,Electronic check,38.93,361.53,No,7-12m
C01704,Female,0,No,No,29,Yes,No,No,No internet service,No internet service,No internet service,No internet service,No internet service,No internet service,Two year,Yes,Electronic check,41.9,1255.74,No,25-48m
C01705,Female,0,No,Yes,2,Yes,No,No,No internet service,No internet service,No internet service,No internet service,No internet service,No internet service,One year,No,Electronic check,36.96,71.64,No,0-6m
C01706,Male,1,No,No,41,Yes,Yes,No,No internet service,No internet service,No internet service,No internet service,No internet service,No internet service,Two year,No,Bank transfer (automatic),53.47,2147.92,No,25-48m
C01707,Male,0,No,No,17,Yes,Yes,DSL,No,No,No,Yes,Yes,No,Month-to-month,Yes,Electronic check,105.35,1766.47,Yes,13-24m
C01708,Female,0,Yes,No,12,Yes,No,DSL,No,No,No,No,Yes,Yes,Month-to-month,Yes,Electronic check,98.34,1124.4,Yes,7-12m
C01709,Female,1,No,No,69,Yes,No,DSL,No,No,Yes,No,No,No,Month-to-month,No,Electronic check,81.81,5452.25,Yes,49m+
C01710,Male,0,No,Yes,32,Yes,No,No,No internet service,No internet service,No internet service,No internet service,No internet service,No internet service,Two year,No,Electronic check,44.62,1487.73,Yes,25-48m
C01711,Female,0,No,Yes,13,Yes,No,DSL,No,No,No,No,No,No,Month-to-month,Yes,Bank transfer (automatic),79.05,993.67,Yes,13-24m
C01712,Male,0,Yes,Yes,54,Yes,No,No,No internet service,No internet service,No internet service,No internet service,No internet service,No internet service,One year,No,Electronic check,38.91,2122.34,No,49m+
C01713,Female,0,Yes,No,13,No,No phone service,DSL,Yes,No,Yes,Yes,Yes,No,One year,Yes,Credit card (automatic),100.93,1375.57,No,13-24m
C01714,Male,0,Yes,No,72,No,No phone service,Fiber optic,Yes,Yes,No,Yes,No,Yes,Month-to-month,Yes,Bank transfer (automatic),109.06,8015.46,No,49m+
C01715,Male,1,Yes,Yes,20,Yes,Yes,Fiber optic,No,No,No,No,No,No,One year,Yes,Credit card (automatic),98.13,1877.86,No,13-24m
C01716,Female,0,Yes,No,67,No,No phone service,Fiber optic,No,Yes,No,No,No,No,Month-to-month,Yes,Credit card (automatic),83.71,5732.31,No,49m+
C01717,Male,0,No,Yes,37,Yes,No,Fiber optic,Yes,No,No,No,No,No,Two year,Yes,Credit card (automatic),101.67,3878.59,No,25-48m
C01718,Male,0,No,Yes,39,Yes,Yes,No,No internet service,No internet service,No internet service,No internet service,No internet service,No internet service,Month-to-month,Yes,Electronic check,46.75,1805.74,No,25-48m
C01719,Male,1,Yes,No,40,Yes,No,DSL,No,No,Yes,Yes,Yes,Yes,Month-to-month,Yes,Bank transfer (automatic),109.14,4296.94,Yes,25-48m
C01720,Male,0,Yes,Yes,29,Yes,Yes,DSL,Yes,Yes,No,Yes,No,Yes,Month-to-month,Yes,Bank transfer (automatic),120.55,3360.93,Yes,25-48m
C01721,Female,0,Yes,No,22,Yes,No,DSL,Yes,No,No,No,No,No,Two year,No,Electronic check,88.48,1868.91,No,13-24m
C01722,Male,0,No,No,53,Yes,Yes,Fiber optic,No,Yes,No,No,No,No,One year,No,Bank transfer (automatic),124.27,6559.83,No,49m+
C01723,Female,0,Yes,No,24,Yes,Yes,Fiber optic,Yes,No,Yes,Yes,No,Yes,One year,No,Credit card (automatic),147.47,3393.69,Yes,13-24m
C01724,Female,0,No,No,2,Yes,Yes,Fiber optic,Yes,Yes,No,No,No,No,One year,No,Electronic check,112.09,231.19,Yes,0-6m
C01725,Male,0,Yes,No,50,Yes,Yes,DSL,No,No,No,No,Yes,No,One year,No,Electronic check,87.3,4261.56,Yes,49m+
C01726,Female,0,Yes,No,5,Yes,No,No,No internet service,No internet service,No internet service,No internet service,No internet service,No internet service,Two year,No,Credit card (automatic),43.11,214.21,No,0-6m
C01727,Female,0,Yes,No,59,Yes,No,DSL,No,Yes,No,Yes,No,Yes,Month-to-month,Yes,Electronic check,106.62,6058.91,Yes,49m+
C01728,Female,0,No,No,22,Yes,No,DSL,Yes,Yes,No,No,No,No,Month-to-month,No,Electronic check,92.19,2074.13,No,13-24m
C01729,Female,0,No,Yes,44,No,No phone service,Fiber optic,Yes,No,Yes,Yes,No,No,Month-to-month,Yes,Credit card (automatic),101.61,4316.85,No,25-48m
C01730,Female,0,Yes,No,23,Yes,No,Fiber optic,No,No,No,Yes,No,Yes,One year,Yes,Mailed check,108.5,2513.66,No,13-24m
C01731,Female,0,No,No,8,Yes,No,Fiber optic,Yes,No,Yes,No,No,Yes,Month-to-month,Yes,Electronic check,129.46,1047.87,Yes,7-12m
C01732,Male,0,Yes,No,42,Yes,Yes,Fiber optic,Yes,No,Yes,No,Yes,Yes,Month-to-month,Yes,Credit card (automatic),145.73,6286.23,Yes,25-48m
C01733,Female,0,Yes,Yes,34,Yes,No,DSL,No,No,Yes,No,Yes,No,One year,Yes,Credit card (automatic),87.2,3067.32,Yes,25-48m
C01734,Female,0,Yes,No,9,Yes,Yes,DSL,No,No,No,No,No,Yes,Month-to-month,Yes,Credit card (automatic),101.13,941.97,No,7-12m
C01735,Male,0,Yes,No,2,Yes,No,No,No internet service,No internet service,No internet service,No internet service,No internet service,No internet service,Two year,Yes,Electronic check,39.39,79.6,Yes,0-6m
C01736,Female,0,No,No,69,Yes,No,Fiber optic,No,Yes,No,No,No,Yes,Two year,No,Credit card (automatic),109.45,7511.02,Yes,49m+
C01737,Male,0,Yes,No,13,Yes,Yes,Fiber optic,Yes,No,Yes,No,No,No,Month-to-month,No,Mailed check,130.97,1704.86,Yes,13-24m
C01738,Male,0,Yes,No,11,Yes,Yes,DSL,No,No,No,No,Yes,No,One year,No,Electronic check,92.01,1038.73,No,7-12m
C01739,Female,0,No,No,30,Yes,Yes,DSL,Yes,No,Yes,No,No,No,One year,Yes,Electronic check,107.71,3334.54,No,25-48m
C01740,Female,1,Yes,Yes,18,No,No phone service,No,No internet service,No internet service,No internet service,No internet service,No internet service,No internet service,One year,Yes,Mailed check,26.27,485.12,No,13-24m
C01741,Male,0,Yes,No,7,Yes,No,Fiber optic,Yes,No,Yes,Yes,No,Yes,Month-to-month,Yes,Electronic check,126.22,877.13,Yes,7-12m
C01742,Male,0,No,No,22,Yes,No,DSL,Yes,No,No,Yes,No,No,One year,No,Electronic check,85.57,1861.54,Yes,13-24m
C01743,Female,0,Yes,No,70,Yes,No,No,No internet service,No internet service,No internet service,No internet service,No internet service,No internet service,Month-to-month,Yes,Credit card (automatic),43.3,2894.57,Yes,49m+
C01744,Male,0,Yes,No,62,Yes,No,DSL,Yes,No,Yes,No,Yes,Yes,Month-to-month,No,Mailed check,107.85,6680.81,No,49m+
C01745,Female,0,Yes,No,58,Yes,No,DSL,No,Yes,Yes,No,No,Yes,Two year,Yes,Electronic check,105.97,5956.09,Yes,49m+
C01746,Male,0,No,No,6,No,No phone service,Fiber optic,No,No,No,Yes,Yes,No,Month-to-month,No,Bank transfer (automatic),97.02,598.19,Yes,0-6m
C01747,Male,1,No,Yes,28,Yes,No,No,No internet service,No internet service,No internet service,No internet service,No internet service,No internet service,Month-to-month,Yes,Electronic check,40.86,1188.09,Yes,25-48m
C01748,Female,0,No,No,43,No,No phone service,Fiber optic,No,Yes,Yes,No,No,No,Month-to-month,No,Electronic check,87.61,3905.29,Yes,25-48m
C01749,Female,0,No,No,58,Yes,Yes,No,No internet service,No internet service,No internet service,No internet service,No internet service,No internet service,Two year,Yes,Bank transfer (automatic),48.45,2877.45,No,49m+
C01750,Female,0,Yes,No,3,Yes,Yes,DSL,No,No,No,Yes,Yes,Yes,One year,Yes,Bank transfer (automatic),104.88,302.79,Yes,0-6m
C01751,Female,0,No,No,41,Yes,No,DSL,No,No,Yes,No,No,No,Month-to-month,Yes,Mailed check,82.78,3492.99,No,25-48m
C01752,Male,1,No,No,59,Yes,Yes,No,No internet service,No internet service,No internet service,No internet service,No internet service,No internet service,Month-to-month,Yes,Mailed check,51.2,3003.27,No,49m+
C01753,Male,0,No,No,57,No,No phone service,Fiber optic,Yes,No,No,No,No,Yes,Month-to-month,No,Electronic check,98.78,5891.56,No,49m+
C01754,Female,0,No,No,59,Yes,No,DSL,No,Yes,Yes,No,No,Yes,Month-to-month,No,Mailed check,94.92,5580.81,Yes,49m+
C01755,Male,1,Yes,Yes,20,No,No phone service,No,No internet service,No internet service,No internet service,No internet service,No internet service,No internet service,Month-to-month,Yes,Credit card (automatic),24.79,499.14,No,13-24m
C01756,Female,0,Yes,No,23,Yes,Yes,DSL,No,No,No,No,No,No,Month-to-month,Yes,Electronic check,86.12,2051.32,No,13-24m
C01757,Female,0,No,No,17,Yes,No,Fiber optic,Yes,Yes,Yes,Yes,No,Yes,Month-to-month,Yes,Mailed check,151.25,2461.59,No,13-24m
C01758,Female,0,No,No,20,Yes,No,DSL,Yes,No,Yes,Yes,Yes,No,Two year,Yes,Electronic check,114.5,2394.03,No,13-24m
C01759,Female,1,Yes,No,44,Yes,No,Fiber optic,No,No,No,No,No,No,Two year,Yes,Bank transfer (automatic),103.85,4639.36,No,25-48m
C01760,Male,0,No,No,51,Yes,Yes,DSL,No,No,Yes,Yes,Yes,No,Two year,No,Mailed check,108.4,5476.82,No,49m+
C01761,Female,0,Yes,No,4,Yes,Yes,Fiber optic,Yes,No,Yes,No,No,No,One year,No,Mailed check,112.49,440.19,Yes,0-6m
C01762,Male,1,Yes,Yes,67,Yes,Yes,Fiber optic,No,No,Yes,No,No,Yes,One year,Yes,Electronic check,114.26,7416.6,No,49m+
C01763,Female,1,Yes,No,26,Yes,Yes,DSL,No,No,No,No,Yes,Yes,Month-to-month,Yes,Credit card (automatic),113.2,2866.78,No,25-48m
C01764,Male,0,Yes,No,61,Yes,Yes,No,No internet service,No internet service,No internet service,No internet service,No internet service,No internet service,Two year,No,Bank transfer (automatic),50.67,2987.84,No,49m+
C01765,Male,0,Yes,No,21,Yes,No,DSL,No,Yes,No,No,No,No,One year,Yes,Bank transfer (automatic),86.15,1767.06,No,13-24m
C01766,Female,1,No,Yes,43,Yes,Yes,DSL,No,No,No,No,No,No,One year,No,Credit card (automatic),89.15,3687.95,No,25-48m
C01767,Male,0,No,No,47,Yes,No,DSL,No,No,No,No,No,No,Two year,Yes,Electronic check,80.48,3737.48,Yes,25-48m
C01768,Male,1,No,No,6,Yes,Yes,DSL,Yes,No,No,No,No,No,Month-to-month,No,Mailed check,85.23,512.49,Yes,0-6m
C01769,Male,0,Yes,No,33,Yes,No,Fiber optic,No,Yes,Yes,No,No,No,Month-to-month,Yes,Bank transfer (automatic),122.63,4244.93,No,25-48m
C01770,Male,0,No,Yes,56,Yes,No,Fiber optic,No,Yes,No,No,No,No,One year,No,Mailed check,96.86,5329.69,No,49m+
C01771,Male,0,Yes,No,68,Yes,No,No,No internet service,No internet service,No internet service,No internet service,No internet service,No internet service,Month-to-month,Yes,Electronic check,42.83,2796.56,Yes,49m+
C01772,Male,0,No,No,69,Yes,Yes,DSL,No,Yes,No,No,No,No,Month-to-month,Yes,Bank transfer (automatic),86.78,5852.27,No,49m+
C01773,Female,0,Yes,No,32,Yes,No,Fiber optic,Yes,No,Yes,Yes,No,Yes,Month-to-month,Yes,Electronic check,144.03,4383.31,Yes,25-48m
C01774,Male,1,Yes,Yes,7,Yes,Yes,Fiber optic,Yes,No,Yes,No,Yes,No,Month-to-month,Yes,Credit card (automatic),127.76,856.48,Yes,7-12m
C01775,Male,1,No,Yes,37,Yes,Yes,DSL,No,Yes,No,No,No,Yes,Month-to-month,Yes,Mailed check,96.33,3591.84,Yes,25-48m
C01776,Female,1,No,No,59,Yes,Yes,No,No internet service,No internet service,No internet service,No internet service,No internet service,No internet service,One year,Yes,Bank transfer (automatic),53.13,3086.14,No,49m+
C01777,Male,0,Yes,No,25,Yes,Yes,No,No internet service,No internet service,No internet service,No internet service,No internet service,No internet service,Two year,Yes,Electronic check,49.95,1246.24,No,25-48m
C01778,Female,1,Yes,Yes,32,Yes,No,No,No internet service,No internet service,No internet service,No internet service,No internet service,No internet service,Month-to-month,Yes,Mailed check,42.12,1289.07,No,25-48m
C01779,Female,0,No,No,37,No,No phone service,No,No internet service,No internet service,No internet service,No internet service,No internet service,No internet service,Month-to-month,Yes,Electronic check,24.55,878.79,No,25-48m
C01780,Female,0,No,No,24,Yes,Yes,No,No internet service,No internet service,No internet service,No internet service,No internet service,No internet service,Month-to-month,Yes,Mailed check,52.44,1278.14,Yes,13-24m
C01781,Female,0,No,No,71,Yes,No,Fiber optic,No,No,No,No,Yes,Yes,Month-to-month,No,Electronic check,116.66,7946.88,Yes,49m+
C01782,Male,0,Yes,No,10,Yes,No,Fiber optic,No,No,No,No,No,No,One year,Yes,Mailed check,98.0,1013.25,No,7-12m
C01783,Male,0,Yes,No,37,Yes,No,DSL,No,Yes,Yes,No,No,Yes,One year,Yes,Credit card (automatic),105.92,3796.21,Yes,25-48m
C01784,Female,0,Yes,No,30,Yes,No,DSL,No,Yes,Yes,No,No,No,Two year,No,Mailed check,97.25,2857.79,Yes,25-48m
C01785,Female,0,Yes,Yes,32,Yes,No,Fiber optic,No,No,No,No,No,No,One year,Yes,Bank transfer (automatic),92.29,2934.01,Yes,25-48m
C01786,Female,0,No,No,51,Yes,Yes,No,No internet service,No internet service,No internet service,No internet service,No internet service,No internet service,Month-to-month,Yes,Bank transfer (automatic),49.71,2528.68,No,49m+
C01787,Male,0,Yes,No,3,Yes,No,No,No internet service,No internet service,No internet service,No internet service,No internet service,No internet service,Month-to-month,Yes,Mailed check,41.93,121.89,No,0-6m
C01788,Male,1,No,No,26,Yes,No,Fiber optic,No,No,No,Yes,Yes,Yes,Two year,Yes,Credit card (automatic),123.73,3081.71,No,25-48m
C01789,Female,0,Yes,Yes,49,No,No phone service,Fiber optic,Yes,Yes,No,No,Yes,No,Two year,Yes,Mailed check,107.24,5175.16,No,49m+
C01790,Male,0,No,No,47,Yes,No,Fiber optic,Yes,Yes,Yes,Yes,No,No,Month-to-month,Yes,Mailed check,134.2,6372.38,Yes,25-48m
C01791,Female,0,No,No,50,Yes,No,DSL,Yes,No,Yes,No,No,No,Month-to-month,No,Mailed check,86.73,4342.54,No,49m+
C01792,Female,0,Yes,Yes,54,Yes,No,DSL,No,No,Yes,No,Yes,No,Month-to-month,No,Bank transfer (automatic),95.55,5073.49,Yes,49m+
C01793,Male,0,Yes,Yes,14,Yes,Yes,Fiber optic,Yes,No,No,No,No,No,Month-to-month,No,Electronic check,117.97,1607.8,Yes,13-24m
C01794,Male,1,Yes,No,44,Yes,Yes,No,No internet service,No internet service,No internet service,No internet service,No internet service,No internet service,Two year,Yes,Electronic check,45.03,1934.04,No,25-48m
C01795,Male,0,No,Yes,50,Yes,No,DSL,No,No,Yes,Yes,No,No,Month-to-month,Yes,Bank transfer (automatic),88.57,4379.54,Yes,49m+
C01796,Female,0,No,Yes,4,Yes,Yes,No,No internet service,No internet service,No internet service,No internet service,No internet service,No internet service,Month-to-month,Yes,Electronic check,44.17,169.8,No,0-6m
C01797,Female,0,Yes,Yes,24,Yes,No,No,No internet service,No internet service,No internet service,No internet service,No internet service,No internet service,Month-to-month,No,Credit card (automatic),42.0,992.98,No,13-24m
C01798,Female,0,Yes,No,15,Yes,No,DSL,No,Yes,No,Yes,Yes,Yes,One year,Yes,Bank transfer (automatic),113.93,1695.18,No,13-24m
C01799,Male,0,No,No,59,Yes,No,DSL,No,No,Yes,No,No,No,One year,Yes,Electronic check,87.82,5286.47,No,49m+
C01800,Female,0,No,No,33,Yes,No,No,No internet service,No internet service,No internet service,No internet service,No internet service,No internet service,Month-to-month,Yes,Bank transfer (automatic),41.26,1382.32,No,25-48m
C01801,Female,0,No,Yes,71,Yes,No,DSL,Yes,Yes,No,Yes,No,No,Month-to-month,No,Credit card (automatic),96.23,7062.1,Yes,49m+
C01802,Female,0,Yes,Yes,20,Yes,No,DSL,No,No,Yes,No,Yes,Yes,Month-to-month,Yes,Electronic check,95.7,1919.03,Yes,13-24m
C01803,Male,0,No,No,27,Yes,No,Fiber optic,No,No,Yes,No,No,Yes,One year,No,Electronic check,122.42,3271.33,No,25-48m
C01804,Male,1,No,No,36,No,No phone service,DSL,Yes,No,No,No,No,No,Month-to-month,No,Bank transfer (automatic),74.66,2798.81,Yes,25-48m
C01805,Female,1,Yes,No,29,Yes,No,Fiber optic,No,No,No,Yes,No,Yes,Month-to-month,Yes,Mailed check,121.8,3432.82,Yes,25-48m
C01806,Male,0,No,No,51,Yes,No,Fiber optic,No,No,No,Yes,No,No,Month-to-month,Yes,Bank transfer (automatic),101.3,5088.36,No,49m+
C01807,Female,1,No,No,70,Yes,Yes,Fiber optic,No,No,Yes,Yes,Yes,No,Two year,No,Electronic check,126.55,8447.52,Yes,49m+
C01808,Male,0,Yes,No,58,Yes,Yes,DSL,No,Yes,No,Yes,No,Yes,Month-to-month,Yes,Credit card (automatic),104.43,5772.99,No,49m+
C01809,Male,0,Yes,No,52,Yes,Yes,Fiber optic,No,Yes,Yes,No,No,Yes,Month-to-month,No,Bank transfer (automatic),129.96,6921.2,Yes,49m+
C01810,Female,1,Yes,No,30,Yes,No,DSL,No,Yes,No,Yes,No,Yes,Two year,Yes,Credit card (automatic),99.24,2867.86,No,25-48m
C01811,Female,0,No,No,25,Yes,No,Fiber optic,Yes,No,Yes,No,Yes,No,One year,No,Credit card (automatic),125.55,3113.24,No,25-48m
C01812,Male,0,No,Yes,24,Yes,Yes,Fiber optic,No,Yes,No,No,Yes,Yes,Two year,Yes,Credit card (automatic),144.27,3556.14,No,13-24m
C01813,Female,0,Yes,No,65,Yes,No,Fiber optic,Yes,No,Yes,No,Yes,Yes,Month-to-month,No,Bank transfer (automatic),130.59,8145.95,No,49m+
C01814,Male,1,No,No,5,No,No phone service,DSL,Yes,Yes,Yes,No,Yes,No,One year,Yes,Electronic check,85.67,415.67,No,0-6m
C01815,Female,0,Yes,Yes,12,Yes,Yes,DSL,No,No,No,Yes,No,Yes,Two year,Yes,Electronic check,111.97,1406.5,No,7-12m
C01816,Female,0,Yes,No,2,Yes,Yes,Fiber optic,No,Yes,No,Yes,No,No,Month-to-month,No,Credit card (automatic),117.67,226.65,Yes,0-6m
C01817,Female,0,No,Yes,57,Yes,No,DSL,No,No,No,No,No,No,Month-to-month,Yes,Credit card (automatic),72.3,4155.76,No,49m+
C01818,Female,0,No,Yes,26,Yes,Yes,No,No internet service,No internet service,No internet service,No internet service,No internet service,No internet service,One year,Yes,Electronic check,47.63,1289.19,No,25-48m
C01819,Female,1,Yes,No,44,Yes,No,Fiber optic,No,No,Yes,Yes,No,Yes,One year,No,Electronic check,132.67,5707.24,Yes,25-48m
C01820,Male,0,Yes,Yes,48,No,No phone service,No,No internet service,No internet service,No internet service,No internet service,No internet service,No internet service,Month-to-month,Yes,Bank transfer (automatic),26.24,1314.98,Yes,25-48m
C01821,Female,0,No,No,60,Yes,No,DSL,No,Yes,No,No,No,Yes,Month-to-month,Yes,Electronic check,98.81,6004.82,Yes,49m+
C01822,Male,0,Yes,Yes,56,Yes,No,No,No internet service,No internet service,No internet service,No internet service,No internet service,No internet service,One year,Yes,Electronic check,37.41,2119.68,No,49m+
C01823,Male,0,No,No,35,Yes,No,Fiber optic,No,Yes,No,Yes,Yes,No,Month-to-month,Yes,Credit card (automatic),135.33,4609.79,Yes,25-48m
C01824,Male,0,No,Yes,2,Yes,Yes,DSL,Yes,Yes,No,Yes,No,No,Month-to-month,No,Credit card (automatic),110.2,216.31,Yes,0-6m
C01825,Male,0,Yes,No,3,Yes,No,Fiber optic,Yes,No,No,No,No,No,Two year,No,Electronic check,97.93,281.5,Yes,0-6m
C01826,Female,1,Yes,No,64,Yes,No,DSL,Yes,Yes,No,No,No,Yes,Month-to-month,Yes,Credit card (automatic),101.11,6686.93,Yes,49m+
C01827,Female,0,Yes,Yes,61,Yes,Yes,Fiber optic,No,No,No,No,Yes,No,Month-to-month,No,Bank transfer (automatic),116.49,7237.7,Yes,49m+
C01828,Female,0,Yes,No,45,Yes,Yes,Fiber optic,Yes,Yes,No,Yes,No,No,Month-to-month,No,Electronic check,122.13,5237.05,Yes,25-48m
C01829,Female,0,No,Yes,59,Yes,No,DSL,No,No,No,Yes,No,Yes,One year,Yes,Credit card (automatic),93.06,5496.86,Yes,49m+
C01830,Female,1,Yes,No,63,Yes,No,No,No internet service,No internet service,No internet service,No internet service,No internet service,No internet service,One year,Yes,Mailed check,42.03,2566.92,Yes,49m+
C01831,Male,0,Yes,No,72,Yes,No,Fiber optic,No,Yes,Yes,Yes,No,No,Two year,Yes,Mailed check,120.66,8487.62,No,49m+
C01832,Male,0,Yes,No,67,Yes,No,DSL,No,No,Yes,Yes,No,No,Month-to-month,Yes,Electronic check,101.52,7126.99,Yes,49m+
C01833,Male,0,Yes,Yes,53,Yes,Yes,Fiber optic,No,No,No,No,No,No,Month-to-month,Yes,Electronic check,96.06,5198.8,Yes,49m+
C01834,Female,0,No,No,67,Yes,Yes,Fiber optic,No,Yes,No,No,No,No,One year,No,Bank transfer (automatic),121.47,8150.37,No,49m+
C01835,Male,0,No,No,28,Yes,Yes,Fiber optic,No,No,No,Yes,No,No,Two year,Yes,Bank transfer (automatic),121.06,3475.24,No,25-48m
C01836,Female,0,No,No,36,Yes,Yes,No,No internet service,No internet service,No internet service,No internet service,No internet service,No internet service,One year,Yes,Credit card (automatic),52.88,1963.56,No,25-48m
C01837,Male,0,No,No,23,Yes,No,Fiber optic,No,No,Yes,No,Yes,No,One year,Yes,Mailed check,107.1,2409.26,No,13-24m
C01838,Male,0,No,No,65,Yes,Yes,Fiber optic,Yes,No,No,No,No,No,Two year,No,Mailed check,120.41,7593.74,Yes,49m+
C01839,Female,0,No,No,64,Yes,No,DSL,No,No,No,No,No,Yes,Month-to-month,Yes,Mailed check,86.75,5804.62,Yes,49m+
C01840,Male,1,No,No,33,Yes,No,DSL,Yes,Yes,Yes,No,No,Yes,Month-to-month,No,Electronic check,102.28,3536.52,Yes,25-48m
C01841,Male,0,No,Yes,18,Yes,Yes,Fiber optic,No,Yes,No,No,No,No,One year,No,Bank transfer (automatic),121.57,2173.66,No,13-24m
C01842,Male,0,Yes,No,13,Yes,Yes,DSL,No,No,No,Yes,Yes,Yes,Month-to-month,No,Mailed check,120.91,1601.18,No,13-24m
C01843,Female,0,Yes,No,24,Yes,No,DSL,Yes,Yes,Yes,No,No,No,Month-to-month,Yes,Credit card (automatic),91.04,2273.72,No,13-24m
C01844,Female,1,Yes,Yes,11,Yes,No,DSL,No,No,No,Yes,No,Yes,One year,No,Bank transfer (automatic),102.87,1165.71,Yes,7-12m
C01845,Male,0,Yes,Yes,49,No,No phone service,Fiber optic,No,No,No,No,Yes,No,Month-to-month,No,Electronic check,87.45,4469.6,Yes,49m+
C01846,Male,0,No,No,58,Yes,No,No,No internet service,No internet service,No internet service,No internet service,No internet service,No internet service,One year,No,Electronic check,40.76,2438.0,No,49m+
C01847,Female,0,No,Yes,72,Yes,Yes,No,No internet service,No internet service,No internet service,No internet service,No internet service,No internet service,Month-to-month,No,Electronic check,47.03,3428.1,No,49m+
C01848,Male,0,Yes,No,5,Yes,No,DSL,No,Yes,No,No,No,No,Two year,No,Bank transfer (automatic),89.15,451.32,No,0-6m
C01849,Female,0,Yes,No,65,No,No phone service,Fiber optic,Yes,No,No,Yes,Yes,No,Two year,No,Credit card (automatic),100.37,6553.85,No,49m+
C01850,Female,0,Yes,No,29,Yes,Yes,No,No internet service,No internet service,No internet service,No internet service,No internet service,No internet service,Month-to-month,Yes,Mailed check,51.13,1460.48,No,25-48m
C01851,Female,0,Yes,No,31,Yes,No,Fiber optic,Yes,Yes,Yes,No,No,No,Month-to-month,Yes,Electronic check,115.53,3555.68,No,25-48m
C01852,Female,0,Yes,Yes,9,Yes,Yes,Fiber optic,Yes,No,No,No,No,No,Month-to-month,No,Electronic check,118.48,1050.07,Yes,7-12m
C01853,Female,1,Yes,Yes,14,Yes,Yes,Fiber optic,No,No,No,No,No,No,Month-to-month,Yes,Credit card (automatic),108.8,1580.87,Yes,13-24m
C01854,Male,0,Yes,Yes,17,Yes,No,Fiber optic,No,No,No,No,Yes,Yes,Two year,Yes,Electronic check,105.99,1763.19,No,13-24m
C01855,Male,0,Yes,No,16,Yes,Yes,DSL,Yes,Yes,Yes,Yes,Yes,No,Month-to-month,No,Credit card (automatic),120.21,1840.95,Yes,13-24m
C01856,Male,0,No,No,36,Yes,No,No,No internet service,No internet service,No internet service,No internet service,No internet service,No internet service,Month-to-month,No,Electronic check,40.61,1523.3,No,25-48m
C01857,Female,0,No,Yes,55,Yes,Yes,No,No internet service,No internet service,No internet service,No internet service,No internet service,No internet service,Month-to-month,No,Mailed check,49.8,2658.35,No,49m+
C01858,Male,0,No,No,4,Yes,No,Fiber optic,Yes,Yes,No,No,No,No,Month-to-month,Yes,Bank transfer (automatic),114.43,440.65,Yes,0-6m
C01859,Female,0,Yes,Yes,60,No,No phone service,No,No internet service,No internet service,No internet service,No internet service,No internet service,No internet service,Month-to-month,No,Electronic check,23.98,1392.93,Yes,49m+
C01860,Female,0,No,No,27,Yes,No,Fiber optic,No,No,Yes,Yes,No,No,Month-to-month,Yes,Credit card (automatic),110.49,2932.36,Yes,25-48m
C01861,Female,0,No,Yes,16,No,No phone service,No,No internet service,No internet service,No internet service,No internet service,No internet service,No internet service,Two year,No,Bank transfer (automatic),24.11,368.38,Yes,13-24m
C01862,Male,0,No,No,67,Yes,No,DSL,No,No,Yes,No,No,No,One year,No,Electronic check,89.62,6280.45,No,49m+
C01863,Female,0,Yes,No,30,Yes,No,DSL,No,Yes,Yes,Yes,No,No,Month-to-month,Yes,Bank transfer (automatic),92.78,2683.68,No,25-48m
C01864,Male,0,No,Yes,6,Yes,No,DSL,No,No,No,No,No,No,Month-to-month,Yes,Electronic check,81.98,468.7,Yes,0-6m
C01865,Male,0,No,Yes,2,Yes,Yes,No,No internet service,No internet service,No internet service,No internet service,No internet service,No internet service,One year,Yes,Electronic check,46.08,90.48,No,0-6m
C01866,Male,0,Yes,No,2,Yes,No,DSL,Yes,Yes,No,No,Yes,No,Month-to-month,No,Bank transfer (automatic),107.05,213.51,No,0-6m
C01867,Male,0,Yes,Yes,9,Yes,No,DSL,No,No,Yes,Yes,No,No,Month-to-month,Yes,Bank transfer (automatic),94.17,857.58,No,7-12m
C01868,Male,0,No,No,51,Yes,No,DSL,Yes,No,Yes,Yes,No,No,One year,Yes,Electronic check,98.39,5030.11,No,49m+
C01869,Male,0,Yes,No,18,Yes,Yes,Fiber optic,Yes,No,Yes,No,Yes,No,Month-to-month,No,Credit card (automatic),134.09,2429.52,No,13-24m
C01870,Male,0,No,No,71,Yes,Yes,No,No internet service,No internet service,No internet service,No internet service,No internet service,No internet service,Month-to-month,No,Mailed check,50.7,3645.84,Yes,49m+
C01871,Male,0,No,No,24,Yes,No,DSL,No,Yes,Yes,Yes,No,Yes,Two year,No,Electronic check,109.6,2700.91,No,13-24m
C01872,Male,0,Yes,Yes,27,Yes,Yes,Fiber optic,Yes,No,Yes,No,No,Yes,One year,Yes,Credit card (automatic),142.43,3983.98,No,25-48m
C01873,Male,0,Yes,Yes,11,Yes,No,Fiber optic,No,Yes,Yes,No,Yes,Yes,Month-to-month,No,Credit card (automatic),128.44,1436.58,Yes,7-12m
C01874,Female,0,No,Yes,62,Yes,Yes,Fiber optic,No,No,No,No,No,Yes,Month-to-month,Yes,Mailed check,119.82,7571.02,No,49m+
C01875,Female,0,Yes,No,2,Yes,No,Fiber optic,No,No,No,No,Yes,No,Two year,Yes,Bank transfer (automatic),115.45,221.67,Yes,0-6m
C01876,Male,1,No,Yes,21,Yes,No,DSL,Yes,No,No,No,Yes,Yes,Two year,No,Credit card (automatic),115.15,2506.28,No,13-24m
C01877,Female,0,No,No,63,Yes,Yes,Fiber optic,Yes,No,No,Yes,No,Yes,Two year,No,Credit card (automatic),142.35,9180.19,Yes,49m+
C01878,Male,0,No,No,68,Yes,Yes,Fiber optic,Yes,No,No,No,Yes,No,Month-to-month,Yes,Bank transfer (automatic),112.41,7325.4,Yes,49m+
C01879,Male,0,Yes,No,30,Yes,No,DSL,No,No,No,No,Yes,No,One year,No,Bank transfer (automatic),92.01,2750.47,Yes,25-48m
C01880,Male,0,Yes,No,45,Yes,Yes,DSL,No,Yes,Yes,No,No,No,One year,No,Electronic check,96.87,4439.47,No,25-48m
C01881,Female,0,Yes,No,39,Yes,No,Fiber optic,No,No,No,No,Yes,Yes,One year,No,Electronic check,124.04,5078.93,No,25-48m
C01882,Male,0,Yes,Yes,53,Yes,Yes,DSL,No,No,No,No,Yes,No,Month-to-month,Yes,Mailed check,98.08,5288.04,Yes,49m+
C01883,Female,0,Yes,No,8,Yes,No,DSL,No,No,No,Yes,Yes,No,Two year,Yes,Bank transfer (automatic),94.44,720.8,No,7-12m
C01884,Female,0,Yes,No,29,Yes,No,Fiber optic,No,No,No,No,No,No,Two year,No,Electronic check,93.28,2659.23,Yes,25-48m
C01885,Male,0,No,No,16,Yes,Yes,DSL,No,Yes,Yes,No,Yes,Yes,Month-to-month,Yes,Electronic check,127.26,1998.49,Yes,13-24m
C01886,Male,1,No,No,68,Yes,Yes,Fiber optic,No,Yes,No,No,No,No,Two year,No,Credit card (automatic),123.26,8746.38,Yes,49m+
C01887,Female,0,No,Yes,31,Yes,No,No,No internet service,No internet service,No internet service,No internet service,No internet service,No internet service,One year,Yes,Credit card (automatic),42.74,1352.03,Yes,25-48m
C01888,Male,0,No,No,42,Yes,No,Fiber optic,No,No,No,Yes,No,Yes,One year,No,Electronic check,123.81,5112.69,No,25-48m
C01889,Male,0,No,No,1,Yes,No,Fiber optic,No,No,No,Yes,No,Yes,Month-to-month,Yes,Mailed check,125.8,124.14,No,0-6m
C01890,Female,0,No,Yes,70,Yes,Yes,No,No internet service,No internet service,No internet service,No internet service,No internet service,No internet service,Month-to-month,No,Mailed check,46.68,3151.29,No,49m+
C01891,Male,0,Yes,No,68,Yes,Yes,DSL,No,No,No,No,No,Yes,Month-to-month,Yes,Mailed check,95.15,6233.46,Yes,49m+
C01892,Female,0,No,No,65,Yes,Yes,Fiber optic,Yes,No,No,Yes,Yes,Yes,Month-to-month,No,Electronic check,140.72,9149.91,No,49m+
C01893,Female,0,Yes,No,23,Yes,Yes,No,No internet service,No internet service,No internet service,No internet service,No internet service,No internet service,Month-to-month,Yes,Credit card (automatic),45.13,989.58,Yes,13-24m
C01894,Male,1,No,Yes,72,Yes,No,Fiber optic,No,No,No,Yes,Yes,No,Month-to-month,Yes,Bank transfer (automatic),113.57,8003.39,No,49m+
C01895,Male,0,No,No,14,Yes,Yes,Fiber optic,Yes,Yes,Yes,No,Yes,No,Month-to-month,Yes,Bank transfer (automatic),144.96,2097.32,Yes,13-24m
C01896,Male,1,No,No,14,Yes,No,Fiber optic,No,No,No,No,No,Yes,Month-to-month,No,Credit card (automatic),101.04,1452.01,Yes,13-24m
C01897,Female,0,No,No,32,Yes,Yes,Fiber optic,No,No,Yes,No,No,Yes,Month-to-month,Yes,Mailed check,123.37,4123.2,Yes,25-48m
C01898,Female,1,No,Yes,18,Yes,No,DSL,No,Yes,No,Yes,Yes,Yes,Month-to-month,Yes,Credit card (automatic),103.11,1919.76,No,13-24m
C01899,Male,0,Yes,No,2,Yes,Yes,DSL,No,Yes,Yes,No,No,No,Month-to-month,No,Electronic check,94.49,191.5,No,0-6m
C01900,Female,0,Yes,Yes,61,Yes,No,DSL,No,No,No,No,No,No,Month-to-month,Yes,Bank transfer (automatic),74.25,4670.82,No,49m+
C01901,Male,0,No,No,31,Yes,No,No,No internet service,No internet service,No internet service,No internet service,No internet service,No internet service,Two year,Yes,Bank transfer (automatic),38.14,1219.82,No,25-48m
C01902,Female,0,No,No,10,Yes,Yes,No,No internet service,No internet service,No internet service,No internet service,No internet service,No internet service,Two year,No,Bank transfer (automatic),45.23,438.74,No,7-12m
C01903,Male,0,Yes,Yes,31,Yes,Yes,Fiber optic,Yes,No,No,Yes,Yes,No,Month-to-month,Yes,Credit card (automatic),128.16,3968.33,No,25-48m
C01904,Male,1,No,No,37,Yes,Yes,No,No internet service,No internet service,No internet service,No internet service,No internet service,No internet service,Month-to-month,Yes,Electronic check,53.36,1898.92,No,25-48m
C01905,Female,0,Yes,Yes,59,Yes,Yes,DSL,No,No,No,Yes,Yes,Yes,Month-to-month,Yes,Electronic check,120.52,7414.1,No,49m+
C01906,Female,0,Yes,No,17,Yes,Yes,Fiber optic,Yes,Yes,No,No,No,Yes,Two year,No,Credit card (automatic),142.28,2415.9,Yes,13-24m
C01907,Male,0,Yes,No,33,Yes,No,DSL,No,No,Yes,No,No,No,Two year,Yes,Credit card (automatic),89.62,3054.13,No,25-48m
C01908,Female,0,No,No,11,Yes,Yes,Fiber optic,Yes,No,Yes,Yes,No,No,One year,Yes,Electronic check,129.16,1379.06,No,7-12m
C01909,Male,0,Yes,No,30,Yes,No,DSL,Yes,No,No,Yes,No,Yes,Month-to-month,No,Credit card (automatic),99.45,3044.77,No,25-48m
C01910,Male,0,Yes,No,36,Yes,Yes,Fiber optic,No,No,No,No,Yes,No,Month-to-month,Yes,Bank transfer (automatic),106.71,3678.49,Yes,25-48m
C01911,Male,0,Yes,No,49,Yes,Yes,No,No internet service,No internet service,No internet service,No internet service,No internet service,No internet service,Two year,Yes,Bank transfer (automatic),50.55,2576.09,No,49m+
C01912,Male,1,Yes,No,3,Yes,No,No,No internet service,No internet service,No internet service,No internet service,No internet service,No internet service,Month-to-month,Yes,Electronic check,37.61,112.64,Yes,0-6m
C01913,Male,0,Yes,No,8,No,No phone service,Fiber optic,Yes,Yes,Yes,No,Yes,No,Two year,Yes,Electronic check,117.47,968.94,Yes,7-12m
C01914,Male,0,No,No,65,Yes,No,DSL,Yes,Yes,No,No,No,Yes,Month-to-month,Yes,Electronic check,93.69,6308.27,No,49m+
C01915,Female,0,No,No,13,Yes,Yes,Fiber optic,No,No,No,Yes,Yes,No,Month-to-month,No,Mailed check,130.89,1636.78,Yes,13-24m
C01916,Male,0,Yes,No,14,Yes,No,DSL,Yes,No,No,No,Yes,No,One year,No,Credit card (automatic),96.31,1334.14,No,13-24m
C01917,Male,0,Yes,No,31,Yes,Yes,Fiber optic,No,Yes,Yes,Yes,Yes,Yes,Two year,Yes,Credit card (automatic),137.79,4445.19,Yes,25-48m
C01918,Female,0,Yes,Yes,26,Yes,Yes,No,No internet service,No internet service,No internet service,No internet service,No internet service,No internet service,Month-to-month,Yes,Electronic check,49.57,1238.78,Yes,25-48m
C01919,Male,0,No,Yes,52,Yes,No,DSL,Yes,No,No,No,No,Yes,Two year,No,Bank transfer (automatic),102.89,5392.07,No,49m+
C01920,Female,0,No,Yes,65,Yes,No,DSL,Yes,No,No,No,Yes,Yes,One year,Yes,Mailed check,103.18,6691.06,Yes,49m+
C01921,Male,1,No,No,20,Yes,No,DSL,Yes,Yes,No,No,No,No,Two year,No,Credit card (automatic),89.78,1744.43,No,13-24m
C01922,Male,0,Yes,No,66,Yes,Yes,No,No internet service,No internet service,No internet service,No internet service,No internet service,No internet service,Month-to-month,Yes,Bank transfer (automatic),49.89,3184.21,No,49m+
C01923,Male,0,Yes,Yes,10,No,No phone service,DSL,Yes,No,Yes,No,Yes,No,Month-to-month,No,Bank transfer (automatic),84.8,889.03,Yes,7-12m
C01924,Female,1,No,No,20,Yes,Yes,DSL,No,No,Yes,Yes,Yes,Yes,Month-to-month,No,Credit card (automatic),127.25,2582.28,No,13-24m
C01925,Female,0,Yes,Yes,39,Yes,No,Fiber optic,No,Yes,No,No,No,No,One year,Yes,Electronic check,106.21,4310.56,Yes,25-48m
C01926,Male,0,Yes,Yes,20,Yes,Yes,DSL,Yes,Yes,No,No,No,No,Two year,No,Credit card (automatic),98.78,2050.23,No,13-24m
C01927,Female,0,No,Yes,18,Yes,No,Fiber optic,No,No,No,Yes,No,No,Two year,Yes,Mailed check,104.68,1942.86,No,13-24m
C01928,Male,0,No,No,19,Yes,Yes,Fiber optic,No,No,Yes,Yes,No,No,Two year,No,Credit card (automatic),115.57,2222.71,Yes,13-24m
C01929,Male,0,No,No,42,Yes,No,Fiber optic,Yes,No,No,Yes,Yes,No,Month-to-month,Yes,Electronic check,135.53,5898.53,No,25-48m
C01930,Male,0,Yes,No,17,Yes,Yes,Fiber optic,No,No,No,No,Yes,Yes,Month-to-month,Yes,Credit card (automatic),125.61,2132.82,Yes,13-24m
C01931,Female,0,Yes,No,33,Yes,No,DSL,Yes,Yes,Yes,Yes,Yes,Yes,Month-to-month,No,Credit card (automatic),121.75,3866.66,No,25-48m
C01932,Female,1,Yes,No,72,Yes,No,DSL,No,Yes,Yes,No,Yes,No,One year,No,Mailed check,92.27,6483.82,No,49m+
C01933,Male,0,No,No,52,Yes,No,Fiber optic,No,No,Yes,No,No,Yes,Two year,Yes,Mailed check,124.11,6499.76,No,49m+
C01934,Female,0,No,No,56,Yes,No,Fiber optic,Yes,No,No,Yes,No,Yes,One year,Yes,Mailed check,119.58,6536.13,No,49m+
C01935,Female,0,Yes,Yes,54,Yes,Yes,No,No internet service,No internet service,No internet service,No internet service,No internet service,No internet service,Month-to-month,No,Electronic check,50.97,2730.52,Yes,49m+
C01936,Female,0,No,No,42,Yes,Yes,Fiber optic,Yes,Yes,No,Yes,No,Yes,Month-to-month,Yes,Bank transfer (automatic),139.99,6026.94,No,25-48m
C01937,Male,0,No,No,23,Yes,No,DSL,Yes,No,No,Yes,Yes,No,Month-to-month,No,Credit card (automatic),113.97,2582.96,No,13-24m
C01938,Female,0,Yes,No,27,Yes,Yes,No,No internet service,No internet service,No internet service,No internet service,No internet service,No internet service,Month-to-month,No,Electronic check,46.31,1218.77,No,25-48m
C01939,Male,0,No,No,57,Yes,No,No,No internet service,No internet service,No internet service,No internet service,No internet service,No internet service,One year,Yes,Credit card (automatic),41.34,2268.44,No,49m+
C01940,Male,1,No,No,52,Yes,Yes,Fiber optic,Yes,No,No,No,No,Yes,One year,Yes,Bank transfer (automatic),121.81,6369.89,Yes,49m+
C01941,Male,1,Yes,No,25,Yes,Yes,Fiber optic,No,No,Yes,Yes,No,Yes,One year,Yes,Bank transfer (automatic),131.44,3276.48,No,25-48m
C01942,Female,0,Yes,Yes,2,Yes,No,No,No internet service,No internet service,No internet service,No internet service,No internet service,No internet service,One year,Yes,Credit card (automatic),44.38,89.66,Yes,0-6m
C01943,Female,1,No,No,69,Yes,No,Fiber optic,Yes,Yes,No,No,Yes,Yes,Month-to-month,No,Bank transfer (automatic),132.68,9567.79,No,49m+
C01944,Male,0,Yes,No,51,Yes,No,DSL,No,No,Yes,No,Yes,Yes,Two year,No,Electronic check,113.06,5491.83,Yes,49m+
C01945,Female,0,No,No,72,Yes,No,Fiber optic,No,No,No,No,Yes,Yes,Month-to-month,Yes,Bank transfer (automatic),117.62,8061.07,Yes,49m+
C01946,Female,0,No,No,40,Yes,Yes,DSL,Yes,Yes,No,No,No,Yes,Month-to-month,Yes,Credit card (automatic),110.19,4364.9,Yes,25-48m
C01947,Male,0,Yes,No,20,Yes,Yes,Fiber optic,No,No,Yes,Yes,No,Yes,One year,No,Bank transfer (automatic),123.35,2352.14,No,13-24m
C01948,Female,0,Yes,No,35,Yes,No,DSL,Yes,Yes,No,No,No,No,Two year,No,Electronic check,94.86,3183.87,No,25-48m
C01949,Male,0,No,No,38,Yes,No,DSL,No,No,Yes,No,Yes,Yes,One year,No,Bank transfer (automatic),107.23,3918.08,No,25-48m
C01950,Male,1,Yes,Yes,48,No,No phone service,No,No internet service,No internet service,No internet service,No internet service,No internet service,No internet service,Two year,Yes,Bank transfer (automatic),25.0,1236.77,Yes,25-48m
C01951,Female,0,No,No,54,Yes,Yes,No,No internet service,No internet service,No internet service,No internet service,No internet service,No internet service,Month-to-month,Yes,Mailed check,44.75,2318.8,No,49m+
C01952,Male,1,Yes,Yes,44,Yes,Yes,DSL,Yes,No,No,Yes,No,No,Month-to-month,Yes,Credit card (automatic),105.37,4519.01,No,25-48m
C01953,Male,0,No,Yes,40,Yes,Yes,Fiber optic,Yes,No,Yes,No,Yes,Yes,Month-to-month,No,Electronic check,136.69,5359.77,No,25-48m
C01954,Female,0,Yes,No,71,Yes,No,Fiber optic,Yes,Yes,No,Yes,Yes,No,Month-to-month,Yes,Bank transfer (automatic),126.74,8857.76,Yes,49m+
C01955,Female,1,Yes,No,27,Yes,No,Fiber optic,Yes,Yes,No,No,Yes,Yes,Month-to-month,No,Bank transfer (automatic),136.46,3635.44,Yes,25-48m
C01956,Female,0,Yes,No,49,Yes,No,No,No internet service,No internet service,No internet service,No internet service,No internet service,No internet service,Month-to-month,No,Credit card (automatic),39.28,1831.43,No,49m+
C01957,Female,1,Yes,No,6,Yes,Yes,No,No internet service,No internet service,No internet service,No internet service,No internet service,No internet service,One year,Yes,Electronic check,51.23,317.73,No,0-6m
C01958,Female,0,Yes,No,56,Yes,No,No,No internet service,No internet service,No internet service,No internet service,No internet service,No internet service,Month-to-month,No,Electronic check,40.79,2246.42,No,49m+
C01959,Male,0,Yes,No,43,Yes,No,No,No internet service,No internet service,No internet service,No internet service,No internet service,No internet service,Two year,Yes,Bank transfer (automatic),41.72,1882.67,Yes,25-48m
C01960,Male,1,No,No,13,Yes,Yes,Fiber optic,No,Yes,Yes,Yes,Yes,No,Month-to-month,No,Bank transfer (automatic),147.79,1849.82,No,13-24m
C01961,Male,0,Yes,No,64,Yes,Yes,No,No internet service,No internet service,No internet service,No internet service,No internet service,No internet service,Month-to-month,No,Mailed check,46.67,2870.77,Yes,49m+
C01962,Female,0,No,No,55,Yes,Yes,No,No internet service,No internet service,No internet service,No internet service,No internet service,No internet service,One year,No,Mailed check,51.98,2863.83,No,49m+
C01963,Female,0,No,Yes,45,Yes,No,DSL,No,No,Yes,Yes,No,No,Month-to-month,No,Bank transfer (automatic),89.8,3990.97,Yes,25-48m
C01964,Male,0,No,No,41,Yes,Yes,DSL,Yes,No,No,Yes,Yes,Yes,Two year,No,Bank transfer (automatic),118.14,4811.31,Yes,25-48m
C01965,Female,0,No,Yes,65,Yes,No,DSL,Yes,No,No,No,Yes,Yes,One year,No,Credit card (automatic),112.49,7441.72,Yes,49m+
C01966,Female,0,No,Yes,51,Yes,No,DSL,No,No,No,No,Yes,Yes,Month-to-month,No,Mailed check,105.05,5201.22,No,49m+
C01967,Female,0,Yes,No,22,Yes,Yes,DSL,Yes,No,No,No,Yes,Yes,Month-to-month,Yes,Mailed check,115.61,2667.01,Yes,13-24m
C01968,Female,0,No,No,47,Yes,Yes,DSL,Yes,No,Yes,No,No,No,Month-to-month,No,Electronic check,109.63,4908.77,Yes,25-48m
C01969,Female,0,Yes,No,11,Yes,Yes,Fiber optic,Yes,No,No,No,Yes,No,Two year,No,Electronic check,123.48,1415.65,Yes,7-12m
C01970,Female,0,Yes,Yes,24,Yes,Yes,No,No internet service,No internet service,No internet service,No internet service,No internet service,No internet service,One year,No,Bank transfer (automatic),47.87,1116.35,No,13-24m
C01971,Female,1,No,No,2,Yes,No,DSL,Yes,Yes,No,No,No,No,Month-to-month,No,Bank transfer (automatic),97.9,194.06,Yes,0-6m
C01972,Male,1,Yes,No,69,Yes,Yes,Fiber optic,No,No,No,No,Yes,Yes,Month-to-month,Yes,Bank transfer (automatic),119.7,8480.24,Yes,49m+
C01973,Female,0,No,No,36,Yes,No,Fiber optic,Yes,No,No,Yes,No,No,Month-to-month,No,Credit card (automatic),115.31,4247.25,Yes,25-48m
C01974,Male,0,Yes,No,64,Yes,No,Fiber optic,No,Yes,No,No,Yes,No,Two year,No,Electronic check,119.15,7661.33,No,49m+
C01975,Female,0,No,No,4,Yes,No,Fiber optic,Yes,No,No,Yes,No,No,Two year,Yes,Bank transfer (automatic),123.33,484.28,No,0-6m
C01976,Female,0,No,No,48,Yes,Yes,Fiber optic,Yes,No,Yes,No,Yes,No,One year,No,Mailed check,141.67,6786.73,Yes,25-48m
C01977,Female,0,No,No,58,Yes,Yes,DSL,No,No,Yes,Yes,Yes,No,Month-to-month,Yes,Electronic check,116.11,6397.94,Yes,49m+
C01978,Male,0,Yes,No,39,Yes,No,DSL,Yes,Yes,No,No,No,No,Month-to-month,Yes,Electronic check,85.87,3212.57,Yes,25-48m
C01979,Male,0,Yes,No,33,Yes,Yes,DSL,Yes,Yes,Yes,No,No,No,Two year,Yes,Credit card (automatic),103.86,3393.32,No,25-48m
C01980,Male,0,Yes,No,1,Yes,Yes,Fiber optic,No,Yes,Yes,No,No,Yes,Two year,Yes,Credit card (automatic),134.37,139.61,No,0-6m
C01981,Female,0,No,Yes,32,Yes,No,DSL,No,No,No,Yes,Yes,No,Two year,No,Credit card (automatic),95.12,3113.51,No,25-48m
C01982,Female,0,Yes,No,10,Yes,No,Fiber optic,No,No,No,Yes,No,No,Two year,Yes,Electronic check,99.27,969.4,No,7-12m
C01983,Female,0,Yes,Yes,22,No,No phone service,No,No internet service,No internet service,No internet service,No internet service,No internet service,No internet service,Month-to-month,Yes,Credit card (automatic),23.01,511.31,No,13-24m
C01984,Female,0,No,No,72,Yes,Yes,No,No internet service,No internet service,No internet service,No internet service,No internet service,No internet service,Month-to-month,No,Credit card (automatic),50.68,3500.06,No,49m+
C01985,Female,1,Yes,No,59,Yes,Yes,DSL,Yes,No,No,Yes,Yes,No,Month-to-month,Yes,Mailed check,111.66,6365.69,Yes,49m+
C01986,Male,0,No,No,7,Yes,No,DSL,No,No,Yes,No,No,No,Month-to-month,No,Bank transfer (automatic),79.8,554.42,No,7-12m
C01987,Male,1,Yes,No,71,Yes,No,Fiber optic,Yes,No,Yes,No,No,No,Month-to-month,Yes,Electronic check,114.58,7740.83,No,49m+
C01988,Female,0,Yes,No,46,Yes,No,No,No internet service,No internet service,No internet service,No internet service,No internet service,No internet service,Month-to-month,Yes,Bank transfer (automatic),38.69,1696.9,No,25-48m
C01989,Male,0,No,Yes,11,Yes,Yes,No,No internet service,No internet service,No internet service,No internet service,No internet service,No internet service,One year,Yes,Electronic check,51.33,551.9,No,7-12m
C01990,Male,0,No,No,62,Yes,Yes,Fiber optic,Yes,No,Yes,No,Yes,Yes,One year,No,Credit card (automatic),136.56,8731.14,No,49m+
C01991,Female,1,No,No,22,No,No phone service,Fiber optic,Yes,No,Yes,No,Yes,Yes,One year,Yes,Bank transfer (automatic),124.74,2700.6,No,13-24m
C01992,Female,0,Yes,No,20,Yes,Yes,Fiber optic,Yes,No,No,Yes,Yes,No,One year,No,Electronic check,121.75,2536.09,Yes,13-24m
C01993,Male,0,No,Yes,35,Yes,No,No,No internet service,No internet service,No internet service,No internet service,No internet service,No internet service,Month-to-month,Yes,Electronic check,43.83,1548.45,No,25-48m
C01994,Male,0,Yes,Yes,66,Yes,Yes,No,No internet service,No internet service,No internet service,No internet service,No internet service,No internet service,Month-to-month,No,Mailed check,53.75,3507.74,No,49m+
C01995,Female,0,No,Yes,45,Yes,Yes,DSL,No,No,No,No,Yes,No,Month-to-month,No,Mailed check,90.54,3976.62,No,25-48m
C01996,Female,1,Yes,No,46,Yes,Yes,Fiber optic,No,No,Yes,No,Yes,No,Month-to-month,No,Bank transfer (automatic),119.0,5243.62,Yes,25-48m
C01997,Female,0,Yes,Yes,24,Yes,Yes,Fiber optic,No,No,Yes,Yes,No,Yes,One year,Yes,Credit card (automatic),126.82,3075.65,Yes,13-24m
C01998,Male,0,Yes,No,30,Yes,No,No,No internet service,No internet service,No internet service,No internet service,No internet service,No internet service,Two year,Yes,Credit card (automatic),39.53,1175.95,No,25-48m
C01999,Female,1,No,No,35,Yes,Yes,Fiber optic,Yes,No,No,No,No,No,Month-to-month,Yes,Bank transfer (automatic),123.9,4137.36,Yes,25-48m
C02000,Female,0,No,Yes,12,Yes,No,DSL,No,Yes,No,Yes,Yes,No,Two year,No,Electronic check,97.85,1189.01,No,7-12m
C02001,Male,0,Yes,No,1,Yes,No,No,No internet service,No internet service,No internet service,No internet service,No internet service,No internet service,Month-to-month,Yes,Mailed check,43.82,41.69,Yes,0-6m
C02002,Female,0,Yes,No,9,Yes,No,Fiber optic,No,No,No,Yes,No,No,Month-to-month,Yes,Electronic check,97.26,864.04,Yes,7-12m
C02003,Female,0,Yes,No,68,No,No phone service,Fiber optic,No,Yes,Yes,No,No,No,Month-to-month,Yes,Electronic check,94.29,6548.81,Yes,49m+
C02004,Female,1,No,No,1,Yes,No,Fiber optic,No,Yes,No,Yes,Yes,No,Two year,Yes,Mailed check,130.51,128.44,No,0-6m
C02005,Female,0,No,No,8,Yes,Yes,Fiber optic,No,Yes,No,Yes,No,No,One year,Yes,Credit card (automatic),122.38,946.05,Yes,7-12m
C02006,Female,0,No,Yes,3,Yes,Yes,DSL,No,Yes,Yes,No,Yes,No,One year,Yes,Credit card (automatic),115.98,347.46,Yes,0-6m
C02007,Male,0,No,No,68,Yes,No,Fiber optic,No,Yes,No,No,Yes,Yes,Month-to-month,No,Bank transfer (automatic),134.19,9024.24,No,49m+
C02008,Female,0,Yes,Yes,10,Yes,No,No,No internet service,No internet service,No internet service,No internet service,No internet service,No internet service,One year,No,Mailed check,40.77,417.06,No,7-12m
C02009,Male,0,No,No,14,No,No phone service,Fiber optic,No,No,Yes,Yes,Yes,No,Two year,Yes,Electronic check,106.5,1518.9,No,13-24m
C02010,Female,0,Yes,Yes,19,Yes,Yes,Fiber optic,Yes,No,No,No,No,Yes,Two year,Yes,Mailed check,133.62,2564.76,No,13-24m
C02011,Male,0,Yes,No,49,Yes,Yes,Fiber optic,No,No,No,No,Yes,Yes,Month-to-month,Yes,Bank transfer (automatic),136.27,6883.75,Yes,49m+
C02012,Female,0,No,Yes,18,No,No phone service,DSL,Yes,No,No,No,No,Yes,Month-to-month,No,Electronic check,86.07,1601.99,Yes,13-24m
C02013,Female,0,No,No,52,Yes,Yes,DSL,Yes,No,No,Yes,No,No,Month-to-month,Yes,Credit card (automatic),97.33,5212.2,Yes,49m+
C02014,Female,0,No,No,8,Yes,No,Fiber optic,Yes,No,No,No,No,Yes,One year,No,Electronic check,115.17,911.79,Yes,7-12m
C02015,Female,0,Yes,No,60,Yes,Yes,Fiber optic,No,No,Yes,No,No,No,Two year,No,Bank transfer (automatic),103.34,6482.2,No,49m+
C02016,Female,0,No,No,37,Yes,No,DSL,No,Yes,No,Yes,Yes,No,Month-to-month,No,Bank transfer (automatic),109.76,4231.24,Yes,25-48m
C02017,Male,1,Yes,No,14,Yes,Yes,Fiber optic,No,No,No,No,Yes,No,Two year,No,Credit card (automatic),119.19,1592.57,No,13-24m
C02018,Female,0,No,No,1,Yes,Yes,Fiber optic,Yes,Yes,No,No,No,No,One year,Yes,Electronic check,118.47,116.29,No,0-6m
C02019,Male,0,Yes,No,23,Yes,Yes,Fiber optic,Yes,No,No,No,Yes,No,One year,Yes,Mailed check,134.17,3144.99,No,13-24m
C02020,Male,0,No,No,33,Yes,No,DSL,No,Yes,No,Yes,Yes,No,Two year,Yes,Electronic check,106.56,3610.17,No,25-48m
C02021,Male,1,Yes,Yes,28,Yes,No,DSL,No,No,Yes,Yes,No,Yes,One year,No,Electronic check,100.98,2749.38,Yes,25-48m
C02022,Male,0,Yes,No,7,No,No phone service,Fiber optic,Yes,No,No,No,No,Yes,Month-to-month,No,Credit card (automatic),107.33,767.58,Yes,7-12m
C02023,Female,1,No,No,23,Yes,No,DSL,Yes,No,No,Yes,No,Yes,Month-to-month,Yes,Bank transfer (automatic),96.33,2152.18,No,13-24m
C02024,Male,0,No,Yes,29,Yes,No,Fiber optic,No,No,No,No,Yes,Yes,One year,Yes,Bank transfer (automatic),111.7,3182.57,No,25-48m
C02025,Female,0,Yes,Yes,37,Yes,Yes,No,No internet service,No internet service,No internet service,No internet service,No internet service,No internet service,Two year,No,Credit card (automatic),49.86,1820.61,No,25-48m
C02026,Male,0,Yes,No,44,Yes,Yes,DSL,No,Yes,No,Yes,No,Yes,Two year,Yes,Bank transfer (automatic),116.61,5126.0,No,25-48m
C02027,Male,0,No,No,12,Yes,Yes,DSL,No,No,Yes,No,No,Yes,Month-to-month,Yes,Electronic check,100.41,1178.75,No,7-12m
C02028,Male,0,No,No,28,Yes,No,No,No internet service,No internet service,No internet service,No internet service,No internet service,No internet service,Month-to-month,No,Bank transfer (automatic),42.76,1231.75,No,25-48m
C02029,Female,0,No,No,65,Yes,No,Fiber optic,Yes,No,Yes,No,No,Yes,Two year,Yes,Credit card (automatic),132.39,8695.32,No,49m+
C02030,Male,0,Yes,No,22,Yes,No,Fiber optic,Yes,Yes,Yes,No,No,No,One year,Yes,Electronic check,116.05,2502.3,Yes,13-24m
C02031,Female,0,No,Yes,28,Yes,Yes,No,No internet service,No internet service,No internet service,No internet service,No internet service,No internet service,Month-to-month,No,Bank transfer (automatic),49.18,1436.22,Yes,25-48m
C02032,Female,0,Yes,No,52,Yes,Yes,Fiber optic,Yes,Yes,No,No,No,No,Month-to-month,Yes,Credit card (automatic),116.81,6069.84,No,49m+
C02033,Female,0,No,No,43,Yes,Yes,DSL,Yes,No,No,No,Yes,Yes,Month-to-month,No,Electronic check,123.53,5268.33,Yes,25-48m
C02034,Female,1,No,No,72,Yes,No,Fiber optic,No,Yes,Yes,Yes,Yes,No,Two year,No,Bank transfer (automatic),128.61,9291.19,Yes,49m+
C02035,Female,0,No,No,55,Yes,Yes,Fiber optic,No,No,Yes,No,Yes,Yes,One year,Yes,Bank transfer (automatic),120.31,6899.53,No,49m+
C02036,Female,0,No,No,27,Yes,No,Fiber optic,Yes,Yes,No,No,Yes,No,Month-to-month,Yes,Credit card (automatic),112.47,3116.74,No,25-48m
C02037,Female,0,No,No,56,Yes,No,No,No internet service,No internet service,No internet service,No internet service,No internet service,No internet service,Two year,No,Electronic check,40.0,2328.45,No,49m+
C02038,Male,0,Yes,No,34,Yes,No,Fiber optic,No,Yes,No,No,No,No,Two year,Yes,Electronic check,108.78,3561.26,Yes,25-48m
C02039,Male,1,No,Yes,53,Yes,No,Fiber optic,No,No,Yes,No,Yes,No,One year,Yes,Bank transfer (automatic),122.62,6627.12,No,49m+
C02040,Male,1,Yes,No,66,Yes,No,No,No internet service,No internet service,No internet service,No internet service,No internet service,No internet service,One year,Yes,Electronic check,37.08,2371.39,Yes,49m+
C02041,Female,1,Yes,No,46,Yes,Yes,DSL,No,No,Yes,Yes,Yes,No,Month-to-month,Yes,Credit card (automatic),117.89,5583.14,No,25-48m
C02042,Male,0,No,No,19,Yes,No,Fiber optic,Yes,No,No,No,Yes,Yes,Month-to-month,Yes,Bank transfer (automatic),115.22,2292.52,Yes,13-24m
C02043,Female,0,Yes,No,25,Yes,Yes,DSL,No,No,No,No,No,No,Month-to-month,No,Electronic check,84.88,2031.29,Yes,25-48m
C02044,Male,0,Yes,No,65,Yes,Yes,DSL,No,No,Yes,No,No,No,Two year,Yes,Credit card (automatic),97.95,6312.85,No,49m+
C02045,Female,1,No,Yes,65,Yes,Yes,DSL,No,No,No,No,Yes,No,One year,Yes,Electronic check,100.1,6467.43,No,49m+
C02046,Female,1,No,No,55,Yes,Yes,No,No internet service,No internet service,No internet service,No internet service,No internet service,No internet service,One year,No,Electronic check,52.67,2764.88,No,49m+
C02047,Male,0,Yes,No,26,Yes,Yes,No,No internet service,No internet service,No internet service,No internet service,No internet service,No internet service,Month-to-month,Yes,Electronic check,53.31,1328.59,No,25-48m
C02048,Male,0,Yes,No,66,Yes,No,No,No internet service,No internet service,No internet service,No internet service,No internet service,No internet service,Month-to-month,No,Electronic check,40.89,2729.21,Yes,49m+
C02049,Male,0,Yes,No,39,Yes,No,DSL,Yes,Yes,Yes,No,No,No,Month-to-month,Yes,Electronic check,91.8,3651.44,Yes,25-48m
C02050,Female,0,No,No,49,Yes,No,DSL,No,Yes,No,No,No,Yes,Month-to-month,Yes,Bank transfer (automatic),90.46,4274.83,Yes,49m+
C02051,Male,0,Yes,No,10,Yes,Yes,DSL,No,No,No,No,No,No,One year,No,Electronic check,89.9,871.74,Yes,7-12m
C02052,Male,0,No,No,7,No,No phone service,No,No internet service,No internet service,No internet service,No internet service,No internet service,No internet service,Month-to-month,Yes,Electronic check,25.58,180.96,Yes,7-12m
C02053,Female,0,Yes,Yes,11,Yes,Yes,Fiber optic,Yes,No,Yes,Yes,No,No,Two year,Yes,Bank transfer (automatic),117.61,1246.08,No,7-12m
C02054,Male,0,No,Yes,59,Yes,Yes,Fiber optic,No,No,No,Yes,No,Yes,Two year,Yes,Bank transfer (automatic),114.4,6687.23,No,49m+
C02055,Female,0,No,Yes,23,Yes,No,DSL,No,No,No,Yes,No,Yes,One year,Yes,Credit card (automatic),98.1,2191.77,No,13-24m
C02056,Male,0,Yes,No,67,Yes,No,DSL,No,No,No,No,No,No,Month-to-month,Yes,Credit card (automatic),80.38,5405.25,No,49m+
C02057,Male,0,Yes,No,66,Yes,Yes,No,No internet service,No internet service,No internet service,No internet service,No internet service,No internet service,Month-to-month,Yes,Electronic check,47.23,3085.46,Yes,49m+
C02058,Male,1,No,Yes,41,Yes,No,No,No internet service,No internet service,No internet service,No internet service,No internet service,No internet service,Month-to-month,Yes,Electronic check,44.0,1756.42,No,25-48m
C02059,Female,0,Yes,No,34,Yes,Yes,Fiber optic,Yes,No,No,No,No,No,Month-to-month,Yes,Bank transfer (automatic),113.42,3863.26,No,25-48m
C02060,Female,0,No,No,69,Yes,Yes,Fiber optic,Yes,No,No,Yes,Yes,No,Month-to-month,No,Electronic check,133.42,8974.69,No,49m+
C02061,Female,1,Yes,No,33,Yes,No,DSL,No,No,Yes,No,No,No,Month-to-month,Yes,Electronic check,91.51,2989.4,Yes,25-48m
C02062,Male,0,No,No,66,Yes,No,DSL,Yes,Yes,No,No,No,Yes,Month-to-month,Yes,Electronic check,109.08,7503.71,Yes,49m+
C02063,Male,0,Yes,No,54,Yes,No,DSL,Yes,No,No,No,No,No,Two year,Yes,Credit card (automatic),78.08,4346.68,No,49m+
C02064,Male,0,No,No,24,Yes,Yes,DSL,Yes,Yes,No,No,No,No,One year,Yes,Credit card (automatic),106.09,2497.16,No,13-24m
C02065,Female,0,No,No,40,Yes,Yes,DSL,Yes,Yes,Yes,No,Yes,No,One year,No,Bank transfer (automatic),112.77,4650.47,No,25-48m
C02066,Male,0,Yes,No,39,Yes,No,DSL,No,No,No,Yes,No,No,Month-to-month,No,Mailed check,81.09,3202.62,No,25-48m
C02067,Female,0,Yes,No,30,Yes,No,DSL,Yes,Yes,Yes,No,No,No,Month-to-month,Yes,Bank transfer (automatic),109.62,3421.52,No,25-48m
C02068,Male,0,No,No,32,Yes,No,No,No internet service,No internet service,No internet service,No internet service,No internet service,No internet service,Month-to-month,No,Mailed check,39.22,1270.24,No,25-48m
C02069,Male,0,Yes,No,14,Yes,No,No,No internet service,No internet service,No internet service,No internet service,No internet service,No internet service,Month-to-month,Yes,Bank transfer (automatic),41.52,597.59,Yes,13-24m
C02070,Female,0,Yes,No,34,Yes,No,DSL,Yes,Yes,Yes,No,No,No,Month-to-month,Yes,Mailed check,99.01,3339.59,No,25-48m
C02071,Male,0,No,Yes,31,No,No phone service,DSL,No,No,Yes,Yes,No,Yes,One year,No,Mailed check,90.21,2842.97,No,25-48m
C02072,Male,1,Yes,Yes,26,Yes,No,DSL,No,No,No,No,No,No,Two year,Yes,Credit card (automatic),69.82,1862.98,No,25-48m
C02073,Male,0,Yes,Yes,36,No,No phone service,DSL,Yes,No,No,No,Yes,Yes,Two year,No,Credit card (automatic),94.67,3291.07,No,25-48m
C02074,Female,0,Yes,No,27,Yes,Yes,No,No internet service,No internet service,No internet service,No internet service,No internet service,No internet service,Month-to-month,Yes,Mailed check,52.44,1437.62,Yes,25-48m
C02075,Female,0,Yes,No,50,Yes,Yes,DSL,Yes,Yes,No,No,Yes,Yes,Two year,No,Credit card (automatic),118.07,5894.09,No,49m+
C02076,Female,1,Yes,No,1,Yes,No,No,No internet service,No internet service,No internet service,No internet service,No internet service,No internet service,Month-to-month,Yes,Bank transfer (automatic),44.54,46.28,No,0-6m
C02077,Male,0,Yes,Yes,47,Yes,Yes,DSL,No,No,No,No,Yes,No,One year,No,Bank transfer (automatic),92.2,4533.97,No,25-48m
C02078,Female,0,No,No,20,Yes,No,Fiber optic,Yes,Yes,No,No,No,Yes,Month-to-month,No,Bank transfer (automatic),118.75,2478.56,Yes,13-24m
C02079,Female,0,Yes,No,55,No,No phone service,Fiber optic,No,Yes,No,No,No,No,Month-to-month,No,Electronic check,94.29,5036.01,Yes,49m+
C02080,Female,0,No,Yes,54,Yes,No,DSL,No,No,No,No,No,No,Month-to-month,Yes,Credit card (automatic),70.36,3841.09,No,49m+
C02081,Female,1,Yes,Yes,24,Yes,No,Fiber optic,No,No,Yes,No,Yes,No,Month-to-month,Yes,Electronic check,109.84,2621.74,Yes,13-24m
C02082,Female,0,Yes,No,38,Yes,Yes,Fiber optic,No,Yes,Yes,No,No,No,Two year,Yes,Bank transfer (automatic),116.64,4242.1,Yes,25-48m
C02083,Female,0,No,No,45,Yes,Yes,DSL,No,No,No,No,No,Yes,Two year,No,Mailed check,92.36,4134.66,No,25-48m
C02084,Male,0,Yes,Yes,36,Yes,Yes,Fiber optic,No,No,Yes,Yes,Yes,Yes,Two year,Yes,Mailed check,132.27,4939.19,No,25-48m
C02085,Male,1,No,Yes,52,Yes,Yes,Fiber optic,Yes,No,No,No,No,No,Month-to-month,No,Bank transfer (automatic),115.34,5909.13,No,49m+
C02086,Female,0,Yes,No,36,No,No phone service,Fiber optic,No,Yes,Yes,No,Yes,Yes,Month-to-month,Yes,Bank transfer (automatic),109.82,4063.56,Yes,25-48m
C02087,Female,0,Yes,No,43,Yes,Yes,DSL,Yes,No,No,No,Yes,No,One year,No,Electronic check,102.61,4628.86,No,25-48m
C02088,Female,0,No,Yes,7,Yes,No,DSL,No,Yes,No,No,No,No,Month-to-month,No,Bank transfer (automatic),87.4,584.63,No,7-12m
C02089,Female,0,No,No,34,Yes,No,Fiber optic,Yes,No,No,No,No,Yes,Month-to-month,No,Electronic check,125.71,4150.29,Yes,25-48m
C02090,Female,0,Yes,No,62,Yes,No,No,No internet service,No internet service,No internet service,No internet service,No internet service,No internet service,Two year,No,Bank transfer (automatic),41.29,2435.29,No,49m+
C02091,Male,0,Yes,No,6,Yes,Yes,Fiber optic,No,Yes,Yes,No,No,No,Two year,No,Bank transfer (automatic),125.04,777.29,No,0-6m
C02092,Male,0,Yes,No,14,Yes,No,DSL,Yes,No,No,No,Yes,No,Month-to-month,Yes,Mailed check,99.8,1451.97,Yes,13-24m
C02093,Female,0,Yes,No,17,Yes,Yes,Fiber optic,Yes,No,No,Yes,No,No,Two year,Yes,Credit card (automatic),129.41,2119.2,No,13-24m
C02094,Male,0,Yes,No,50,Yes,No,Fiber optic,No,Yes,No,No,No,No,Month-to-month,No,Mailed check,115.1,5480.65,Yes,49m+
C02095,Female,0,Yes,No,37,Yes,Yes,DSL,No,Yes,No,Yes,No,Yes,One year,Yes,Credit card (automatic),108.08,4001.2,No,25-48m
C02096,Female,0,Yes,Yes,59,Yes,No,DSL,No,Yes,No,Yes,Yes,No,Two year,No,Bank transfer (automatic),114.06,6792.26,Yes,49m+
C02097,Male,1,No,No,2,Yes,No,Fiber optic,No,No,No,Yes,No,No,Month-to-month,Yes,Mailed check,107.8,219.94,Yes,0-6m
C02098,Female,1,No,No,3,Yes,Yes,No,No internet service,No internet service,No internet service,No internet service,No internet service,No internet service,Two year,Yes,Credit card (automatic),44.4,133.5,No,0-6m
C02099,Female,0,No,No,36,Yes,No,Fiber optic,No,Yes,No,Yes,No,Yes,Month-to-month,Yes,Electronic check,124.03,4431.52,Yes,25-48m
C02100,Female,1,No,No,49,Yes,No,DSL,No,No,No,No,No,Yes,Month-to-month,Yes,Electronic check,83.39,3897.46,Yes,49m+
C02101,Male,0,No,No,21,Yes,Yes,Fiber optic,No,Yes,No,No,Yes,Yes,Month-to-month,Yes,Mailed check,132.59,2684.17,Yes,13-24m
C02102,Female,0,No,No,2,Yes,Yes,No,No internet service,No internet service,No internet service,No internet service,No internet service,No internet service,Month-to-month,Yes,Bank transfer (automatic),46.67,97.61,No,0-6m
C02103,Female,0,No,No,37,Yes,Yes,Fiber optic,Yes,No,No,Yes,Yes,Yes,Two year,No,Credit card (automatic),136.54,4918.66,Yes,25-48m
C02104,Female,0,Yes,No,5,Yes,Yes,DSL,No,Yes,No,Yes,No,No,Month-to-month,No,Credit card (automatic),106.52,556.99,Yes,0-6m
C02105,Female,0,No,Yes,26,Yes,Yes,DSL,No,No,No,Yes,Yes,No,One year,Yes,Bank transfer (automatic),109.85,2733.03,No,25-48m
C02106,Male,1,Yes,No,19,Yes,Yes,Fiber optic,Yes,No,No,No,Yes,Yes,Month-to-month,Yes,Bank transfer (automatic),136.19,2675.24,Yes,13-24m
C02107,Female,0,No,Yes,24,Yes,No,DSL,No,Yes,No,No,Yes,No,Two year,No,Bank transfer (automatic),93.98,2340.36,No,13-24m
C02108,Male,0,Yes,Yes,66,Yes,Yes,Fiber optic,No,No,Yes,No,Yes,Yes,Month-to-month,Yes,Electronic check,125.33,8509.61,Yes,49m+
C02109,Female,1,No,Yes,53,Yes,No,Fiber optic,Yes,Yes,No,No,No,Yes,Month-to-month,Yes,Credit card (automatic),112.5,6255.25,Yes,49m+
C02110,Male,0,No,Yes,21,Yes,Yes,Fiber optic,No,No,No,No,No,No,One year,No,Electronic check,114.28,2411.25,Yes,13-24m
C02111,Male,0,No,No,61,Yes,Yes,Fiber optic,Yes,Yes,Yes,Yes,No,Yes,Two year,No,Bank transfer (automatic),145.1,8939.8,No,49m+
C02112,Female,0,No,Yes,19,Yes,Yes,Fiber optic,No,No,Yes,No,No,Yes,Two year,Yes,Electronic check,113.57,2143.57,No,13-24m
C02113,Female,0,Yes,Yes,31,Yes,No,Fiber optic,No,No,Yes,No,No,No,Two year,No,Bank transfer (automatic),108.72,3219.41,No,25-48m
C02114,Female,0,No,Yes,11,Yes,No,Fiber optic,No,No,No,Yes,No,No,Month-to-month,Yes,Electronic check,97.01,1111.17,No,7-12m
C02115,Male,0,Yes,No,52,Yes,No,No,No internet service,No internet service,No internet service,No internet service,No internet service,No internet service,One year,Yes,Credit card (automatic),37.09,1926.44,No,49m+
C02116,Male,0,No,No,28,Yes,No,Fiber optic,No,No,No,No,No,No,Month-to-month,Yes,Credit card (automatic),96.85,2634.74,Yes,25-48m
C02117,Male,0,Yes,Yes,40,No,No phone service,Fiber optic,No,Yes,No,No,No,No,Month-to-month,Yes,Mailed check,95.84,3786.49,No,25-48m
C02118,Male,0,No,Yes,66,Yes,No,Fiber optic,Yes,No,Yes,Yes,No,Yes,One year,Yes,Electronic check,132.04,8339.03,No,49m+
C02119,Male,0,No,Yes,44,Yes,No,Fiber optic,No,No,No,Yes,No,No,One year,No,Bank transfer (automatic),113.61,5019.68,No,25-48m
C02120,Male,0,No,No,23,Yes,No,Fiber optic,Yes,Yes,Yes,Yes,No,No,Month-to-month,Yes,Electronic check,124.26,2843.94,Yes,13-24m
C02121,Male,1,Yes,No,72,Yes,Yes,No,No internet service,No internet service,No internet service,No internet service,No internet service,No internet service,One year,Yes,Electronic check,51.39,3680.29,No,49m+
C02122,Male,0,Yes,Yes,6,Yes,Yes,Fiber optic,No,Yes,Yes,No,No,No,Month-to-month,No,Electronic check,111.22,642.96,Yes,0-6m
C02123,Male,0,No,No,42,Yes,Yes,DSL,No,Yes,No,No,Yes,No,Two year,No,Electronic check,108.63,4598.15,No,25-48m
C02124,Male,0,No,No,39,Yes,Yes,DSL,No,Yes,No,No,No,No,Two year,Yes,Bank transfer (automatic),84.2,3359.12,No,25-48m
C02125,Female,0,Yes,No,13,No,No phone service,DSL,No,Yes,No,No,Yes,No,Month-to-month,Yes,Credit card (automatic),82.07,1116.91,Yes,13-24m
C02126,Female,1,Yes,No,50,Yes,No,Fiber optic,No,No,No,No,Yes,Yes,Two year,Yes,Credit card (automatic),119.8,5902.37,No,49m+
C02127,Male,0,Yes,No,60,Yes,No,DSL,No,No,No,No,No,Yes,Month-to-month,Yes,Bank transfer (automatic),90.38,5352.63,Yes,49m+
C02128,Female,0,No,No,37,Yes,No,DSL,Yes,Yes,No,No,No,Yes,Month-to-month,Yes,Mailed check,101.44,3916.23,No,25-48m
C02129,Female,0,Yes,No,46,No,No phone service,Fiber optic,No,No,No,Yes,No,Yes,Month-to-month,No,Credit card (automatic),105.45,4627.14,Yes,25-48m
C02130,Male,0,Yes,No,62,Yes,Yes,DSL,No,No,Yes,No,Yes,No,Month-to-month,No,Bank transfer (automatic),102.83,6603.7,Yes,49m+
C02131,Female,0,Yes,No,23,Yes,No,No,No internet service,No internet service,No internet service,No internet service,No internet service,No internet service,One year,No,Mailed check,38.6,854.91,No,13-24m
C02132,Female,0,Yes,No,49,Yes,No,Fiber optic,No,No,No,No,Yes,No,Month-to-month,Yes,Credit card (automatic),117.09,5965.83,No,49m+
C02133,Female,0,Yes,No,22,Yes,Yes,Fiber optic,Yes,No,No,Yes,Yes,No,One year,Yes,Mailed check,122.16,2573.31,No,13-24m
C02134,Female,0,No,Yes,48,No,No phone service,DSL,Yes,Yes,Yes,Yes,No,No,Month-to-month,Yes,Credit card (automatic),90.08,4451.27,Yes,25-48m
C02135,Male,0,No,Yes,40,Yes,No,DSL,No,No,No,No,Yes,No,Month-to-month,Yes,Electronic check,94.58,3760.85,Yes,25-48m
C02136,Female,0,Yes,No,36,Yes,Yes,Fiber optic,No,No,No,Yes,No,Yes,Two year,No,Credit card (automatic),132.27,4791.0,Yes,25-48m
C02137,Male,0,Yes,No,24,Yes,Yes,Fiber optic,No,Yes,No,No,No,No,Month-to-month,Yes,Electronic check,108.72,2724.16,No,13-24m
C02138,Female,0,Yes,No,38,Yes,Yes,Fiber optic,No,No,No,No,Yes,No,Month-to-month,Yes,Electronic check,108.31,4318.28,Yes,25-48m
C02139,Female,0,Yes,No,2,Yes,Yes,Fiber optic,Yes,Yes,No,No,No,No,One year,No,Credit card (automatic),121.77,239.15,No,0-6m
C02140,Female,0,Yes,No,11,No,No phone service,Fiber optic,Yes,Yes,No,Yes,No,No,One year,No,Electronic check,111.06,1163.23,Yes,7-12m
C02141,Male,0,Yes,Yes,70,Yes,Yes,Fiber optic,No,No,No,No,No,Yes,Month-to-month,No,Mailed check,114.14,8368.08,No,49m+
C02142,Female,0,No,No,8,No,No phone service,Fiber optic,Yes,No,No,No,No,No,Month-to-month,Yes,Bank transfer (automatic),82.21,688.82,No,7-12m
C02143,Female,0,Yes,No,63,Yes,No,Fiber optic,No,Yes,No,No,No,Yes,Month-to-month,No,Electronic check,113.71,7468.67,Yes,49m+
C02144,Male,0,Yes,No,27,Yes,No,Fiber optic,No,Yes,No,No,No,No,Month-to-month,Yes,Bank transfer (automatic),97.7,2727.14,No,25-48m
C02145,Male,0,No,No,11,Yes,No,DSL,No,No,Yes,Yes,No,No,Month-to-month,Yes,Electronic check,101.45,1115.71,Yes,7-12m
C02146,Male,0,Yes,No,3,No,No phone service,DSL,Yes,Yes,Yes,Yes,Yes,Yes,Month-to-month,Yes,Credit card (automatic),120.86,359.37,No,0-6m
C02147,Male,0,Yes,No,12,No,No phone service,DSL,No,No,Yes,No,Yes,Yes,Month-to-month,Yes,Bank transfer (automatic),95.98,1156.62,Yes,7-12m
C02148,Male,0,Yes,Yes,24,Yes,Yes,Fiber optic,No,No,No,Yes,No,Yes,One year,Yes,Mailed check,124.53,3124.9,Yes,13-24m
C02149,Male,0,Yes,No,36,Yes,No,Fiber optic,No,No,Yes,No,Yes,No,Month-to-month,No,Credit card (automatic),119.13,4285.06,Yes,25-48m
C02150,Female,1,No,No,50,Yes,Yes,Fiber optic,No,No,No,Yes,No,No,One year,Yes,Electronic check,108.32,5561.15,Yes,49m+
C02151,Male,0,No,No,45,Yes,Yes,Fiber optic,Yes,Yes,No,No,Yes,No,One year,No,Electronic check,124.79,5850.58,Yes,25-48m
C02152,Female,0,Yes,No,24,Yes,Yes,DSL,No,No,No,No,No,Yes,Month-to-month,Yes,Credit card (automatic),92.96,2219.82,No,13-24m
C02153,Male,0,Yes,No,40,Yes,No,DSL,Yes,No,No,Yes,Yes,No,Month-to-month,Yes,Bank transfer (automatic),113.72,4608.34,No,25-48m
C02154,Male,0,Yes,No,53,Yes,No,DSL,Yes,No,Yes,No,No,No,Month-to-month,Yes,Bank transfer (automatic),100.27,5483.28,Yes,49m+
C02155,Female,1,No,No,4,Yes,No,Fiber optic,Yes,Yes,Yes,No,No,No,Two year,No,Credit card (automatic),110.37,441.88,No,0-6m
C02156,Male,0,Yes,No,26,Yes,No,Fiber optic,Yes,No,Yes,No,Yes,No,Two year,No,Mailed check,114.1,2911.56,Yes,25-48m
C02157,Male,0,No,No,71,Yes,No,No,No internet service,No internet service,No internet service,No internet service,No internet service,No internet service,One year,No,Credit card (automatic),41.56,3070.61,No,49m+
C02158,Female,0,No,Yes,40,Yes,No,Fiber optic,No,No,Yes,No,No,No,Month-to-month,No,Bank transfer (automatic),101.66,4193.37,Yes,25-48m
C02159,Female,0,No,No,52,Yes,No,DSL,No,Yes,No,No,No,No,Month-to-month,Yes,Bank transfer (automatic),82.12,4233.64,No,49m+
C02160,Male,0,Yes,Yes,62,Yes,Yes,Fiber optic,Yes,No,No,No,No,No,Month-to-month,Yes,Electronic check,104.3,6311.71,Yes,49m+
C02161,Female,0,Yes,No,50,Yes,Yes,Fiber optic,No,No,No,No,No,Yes,Two year,Yes,Credit card (automatic),111.84,5501.18,Yes,49m+
C02162,Female,1,No,No,27,Yes,Yes,DSL,No,No,No,Yes,No,No,One year,No,Mailed check,85.01,2407.85,Yes,25-48m
C02163,Female,1,No,No,61,Yes,No,DSL,Yes,No,No,No,No,Yes,One year,Yes,Mailed check,91.89,5421.93,No,49m+
C02164,Female,0,No,No,44,Yes,No,DSL,Yes,Yes,No,No,Yes,No,Two year,No,Mailed check,97.79,4207.68,No,25-48m
C02165,Female,0,Yes,No,56,Yes,Yes,DSL,No,Yes,Yes,Yes,No,No,Month-to-month,No,Bank transfer (automatic),105.4,6121.53,No,49m+
C02166,Female,0,No,Yes,10,Yes,No,No,No internet service,No internet service,No internet service,No internet service,No internet service,No internet service,One year,Yes,Electronic check,43.61,430.18,No,7-12m
C02167,Female,1,No,Yes,38,Yes,No,No,No internet service,No internet service,No internet service,No internet service,No internet service,No internet service,Two year,Yes,Credit card (automatic),37.17,1382.21,No,25-48m
C02168,Male,0,Yes,No,44,Yes,No,No,No internet service,No internet service,No internet service,No internet service,No internet service,No internet service,Month-to-month,No,Credit card (automatic),39.75,1802.68,Yes,25-48m
C02169,Male,1,Yes,Yes,27,Yes,Yes,No,No internet service,No internet service,No internet service,No internet service,No internet service,No internet service,Two year,Yes,Mailed check,49.33,1295.44,No,25-48m
C02170,Male,0,No,No,13,Yes,No,DSL,No,No,No,Yes,No,No,Month-to-month,No,Electronic check,80.92,1050.29,Yes,13-24m
C02171,Female,0,Yes,No,57,Yes,Yes,Fiber optic,Yes,Yes,Yes,No,Yes,No,Two year,Yes,Credit card (automatic),149.78,8631.03,No,49m+
C02172,Female,1,No,Yes,45,Yes,No,Fiber optic,No,No,Yes,No,Yes,No,One year,Yes,Electronic check,108.88,5019.57,Yes,25-48m
C02173,Female,0,Yes,No,11,Yes,Yes,No,No internet service,No internet service,No internet service,No internet service,No internet service,No internet service,Month-to-month,Yes,Electronic check,45.28,516.96,Yes,7-12m
C02174,Female,1,Yes,No,55,Yes,No,Fiber optic,No,No,No,No,No,No,One year,No,Mailed check,87.9,4647.43,No,49m+
C02175,Female,1,Yes,Yes,47,Yes,Yes,DSL,No,Yes,No,No,No,No,One year,Yes,Credit card (automatic),84.32,3853.4,Yes,25-48m
C02176,Female,0,Yes,No,60,Yes,Yes,DSL,Yes,No,Yes,Yes,No,Yes,Month-to-month,No,Electronic check,125.53,7508.44,Yes,49m+
C02177,Female,0,Yes,Yes,33,Yes,No,DSL,Yes,No,Yes,Yes,No,No,Month-to-month,Yes,Mailed check,98.23,3173.04,Yes,25-48m
C02178,Male,0,Yes,No,21,Yes,Yes,Fiber optic,Yes,No,No,Yes,Yes,No,Month-to-month,No,Electronic check,138.63,2850.54,Yes,13-24m
C02179,Female,0,No,No,57,Yes,No,Fiber optic,No,Yes,No,No,No,No,Month-to-month,No,Credit card (automatic),102.53,6092.22,No,49m+
C02180,Male,0,No,No,34,Yes,Yes,DSL,No,No,No,Yes,No,Yes,Two year,No,Bank transfer (automatic),105.81,3464.84,No,25-48m
C02181,Female,0,Yes,No,23,No,No phone service,Fiber optic,No,No,Yes,No,Yes,No,Two year,No,Electronic check,91.8,2203.92,No,13-24m
C02182,Male,0,Yes,Yes,3,Yes,No,Fiber optic,No,No,No,Yes,No,No,Month-to-month,Yes,Electronic check,105.18,310.05,No,0-6m
C02183,Female,0,No,Yes,38,Yes,Yes,DSL,Yes,No,Yes,No,No,Yes,Month-to-month,No,Electronic check,119.25,4707.53,Yes,25-48m
C02184,Female,1,No,No,29,Yes,No,DSL,No,No,No,Yes,No,Yes,Month-to-month,Yes,Mailed check,100.82,3030.69,Yes,25-48m
C02185,Male,0,No,No,51,No,No phone service,Fiber optic,Yes,Yes,No,No,No,Yes,Two year,Yes,Bank transfer (automatic),97.8,4941.39,Yes,49m+
C02186,Male,0,No,No,32,Yes,No,No,No internet service,No internet service,No internet service,No internet service,No internet service,No internet service,One year,Yes,Credit card (automatic),44.38,1450.23,No,25-48m
C02187,Male,1,No,No,20,Yes,Yes,Fiber optic,Yes,No,No,No,Yes,No,Month-to-month,Yes,Bank transfer (automatic),131.09,2716.81,Yes,13-24m
C02188,Male,1,No,No,10,Yes,Yes,Fiber optic,No,Yes,No,No,Yes,Yes,One year,No,Credit card (automatic),142.59,1477.09,No,7-12m
C02189,Male,0,Yes,No,71,Yes,Yes,Fiber optic,No,Yes,Yes,No,No,No,Two year,Yes,Electronic check,124.46,9036.94,No,49m+
C02190,Female,1,No,No,23,No,No phone service,Fiber optic,No,No,No,No,No,No,Month-to-month,Yes,Bank transfer (automatic),82.76,1979.31,No,13-24m
C02191,Male,0,Yes,Yes,15,Yes,Yes,Fiber optic,No,No,No,No,Yes,Yes,One year,Yes,Mailed check,118.4,1804.91,No,13-24m
C02192,Female,0,Yes,No,41,No,No phone service,DSL,Yes,Yes,No,No,Yes,No,Month-to-month,No,Mailed check,79.21,3306.98,No,25-48m
C02193,Male,0,Yes,No,3,Yes,No,Fiber optic,Yes,Yes,No,Yes,Yes,No,Month-to-month,No,Electronic check,138.67,407.39,Yes,0-6m
C02194,Male,0,Yes,No,15,Yes,Yes,DSL,No,Yes,Yes,No,No,Yes,Month-to-month,Yes,Electronic check,119.8,1850.35,Yes,13-24m
C02195,Female,0,No,No,3,Yes,Yes,DSL,No,No,No,Yes,No,No,Month-to-month,Yes,Bank transfer (automatic),94.19,275.94,Yes,0-6m
C02196,Male,0,No,Yes,32,Yes,Yes,DSL,No,No,No,Yes,Yes,No,Two year,No,Credit card (automatic),107.88,3594.97,No,25-48m
C02197,Female,0,No,Yes,35,Yes,Yes,No,No internet service,No internet service,No internet service,No internet service,No internet service,No internet service,One year,No,Mailed check,51.04,1827.77,No,25-48m
C02198,Male,0,Yes,No,4,Yes,Yes,Fiber optic,Yes,No,No,No,Yes,No,Month-to-month,Yes,Bank transfer (automatic),123.41,482.63,Yes,0-6m
C02199,Male,0,No,No,19,Yes,No,DSL,Yes,Yes,Yes,No,No,No,Month-to-month,No,Bank transfer (automatic),97.87,1900.65,No,13-24m
C02200,Male,0,No,Yes,40,Yes,Yes,DSL,No,No,No,No,No,No,Two year,Yes,Mailed check,86.9,3642.31,No,25-48m
C02201,Male,1,No,No,16,Yes,Yes,No,No internet service,No internet service,No internet service,No internet service,No internet service,No internet service,Month-to-month,Yes,Bank transfer (automatic),48.19,805.02,No,13-24m
C02202,Female,0,No,No,57,Yes,No,Fiber optic,Yes,No,No,Yes,No,Yes,Month-to-month,No,Credit card (automatic),118.51,7044.22,Yes,49m+
C02203,Female,0,Yes,No,32,Yes,No,DSL,No,No,No,Yes,Yes,No,One year,Yes,Credit card (automatic),88.6,2878.56,No,25-48m
C02204,Male,0,Yes,No,22,Yes,Yes,No,No internet service,No internet service,No internet service,No internet service,No internet service,No internet service,Month-to-month,Yes,Credit card (automatic),52.91,1194.32,Yes,13-24m
C02205,Female,0,Yes,No,23,Yes,No,No,No internet service,No internet service,No internet service,No internet service,No internet service,No internet service,Month-to-month,Yes,Electronic check,43.92,1019.02,Yes,13-24m
C02206,Female,0,No,No,57,Yes,No,DSL,No,No,No,No,No,No,One year,No,Credit card (automatic),76.5,4238.53,No,49m+
C02207,Male,0,Yes,Yes,61,Yes,No,Fiber optic,Yes,No,Yes,No,Yes,Yes,Month-to-month,Yes,Mailed check,144.29,8650.19,No,49m+
C02208,Female,0,Yes,No,43,Yes,No,No,No internet service,No internet service,No internet service,No internet service,No internet service,No internet service,Month-to-month,Yes,Electronic check,44.03,1811.75,Yes,25-48m
C02209,Female,0,No,No,16,Yes,No,DSL,Yes,No,No,No,Yes,Yes,Month-to-month,No,Credit card (automatic),95.46,1584.59,No,13-24m
C02210,Female,0,No,No,31,Yes,No,DSL,Yes,No,No,No,Yes,Yes,Month-to-month,Yes,Mailed check,111.69,3388.09,No,25-48m
C02211,Female,0,No,Yes,54,Yes,No,Fiber optic,No,No,No,No,No,Yes,Month-to-month,Yes,Mailed check,112.9,5889.9,No,49m+
C02212,Male,1,Yes,Yes,66,Yes,No,Fiber optic,No,Yes,No,Yes,No,Yes,Month-to-month,Yes,Credit card (automatic),127.57,8325.84,Yes,49m+
C02213,Male,0,Yes,No,63,No,No phone service,DSL,No,Yes,No,No,No,No,One year,Yes,Credit card (automatic),68.43,4317.79,No,49m+
C02214,Female,1,No,No,71,No,No phone service,DSL,No,No,No,Yes,No,No,One year,No,Mailed check,67.17,4804.81,Yes,49m+
C02215,Male,0,No,Yes,38,Yes,No,Fiber optic,No,No,No,No,Yes,Yes,Month-to-month,Yes,Credit card (automatic),128.78,5048.53,Yes,25-48m
C02216,Male,0,No,No,52,Yes,Yes,No,No internet service,No internet service,No internet service,No internet service,No internet service,No internet service,Two year,No,Mailed check,52.2,2655.6,No,49m+
C02217,Male,1,Yes,No,54,Yes,No,DSL,Yes,No,No,No,Yes,Yes,Month-to-month,Yes,Electronic check,99.18,5427.26,No,49m+
C02218,Male,1,No,Yes,49,Yes,Yes,Fiber optic,Yes,Yes,Yes,No,No,Yes,Month-to-month,Yes,Electronic check,133.59,6472.51,Yes,49m+
C02219,Male,0,Yes,No,9,Yes,Yes,No,No internet service,No internet service,No internet service,No internet service,No internet service,No internet service,One year,No,Mailed check,44.24,388.54,Yes,7-12m
C02220,Male,0,No,No,35,Yes,Yes,DSL,No,No,Yes,No,No,Yes,Two year,Yes,Credit card (automatic),103.95,3457.82,No,25-48m
C02221,Male,0,No,No,45,Yes,No,DSL,Yes,No,No,No,Yes,No,One year,Yes,Mailed check,88.25,3986.8,No,25-48m
C02222,Male,1,Yes,Yes,70,Yes,No,DSL,Yes,No,Yes,Yes,Yes,No,Two year,Yes,Bank transfer (automatic),102.58,7310.14,Yes,49m+
C02223,Female,0,No,No,42,Yes,No,Fiber optic,No,Yes,No,No,Yes,Yes,One year,Yes,Mailed check,114.2,4727.46,Yes,25-48m
C02224,Male,0,Yes,No,70,Yes,Yes,No,No internet service,No internet service,No internet service,No internet service,No internet service,No internet service,One year,No,Credit card (automatic),45.73,3178.01,No,49m+
C02225,Female,0,No,Yes,12,No,No phone service,Fiber optic,No,Yes,No,Yes,Yes,No,Month-to-month,Yes,Credit card (automatic),100.32,1215.23,Yes,7-12m
C02226,Female,0,No,No,68,Yes,No,Fiber optic,No,Yes,Yes,No,Yes,No,Two year,Yes,Bank transfer (automatic),112.99,8044.38,Yes,49m+
C02227,Male,0,Yes,No,19,Yes,Yes,Fiber optic,Yes,No,No,No,No,Yes,Month-to-month,No,Credit card (automatic),122.54,2431.42,No,13-24m
C02228,Male,0,No,No,71,Yes,No,DSL,No,No,No,No,No,Yes,Month-to-month,Yes,Bank transfer (automatic),83.32,5893.67,Yes,49m+
C02229,Male,0,Yes,No,29,No,No phone service,No,No internet service,No internet service,No internet service,No internet service,No internet service,No internet service,Month-to-month,Yes,Electronic check,23.34,689.99,No,25-48m
C02230,Male,1,No,No,58,Yes,Yes,Fiber optic,Yes,No,No,No,Yes,No,One year,Yes,Mailed check,128.26,7778.81,Yes,49m+
C02231,Female,0,No,Yes,21,Yes,No,DSL,Yes,No,Yes,Yes,No,Yes,Month-to-month,No,Credit card (automatic),121.63,2549.46,Yes,13-24m
C02232,Female,0,No,No,29,Yes,Yes,DSL,No,Yes,Yes,No,No,No,Month-to-month,Yes,Electronic check,101.95,2976.38,Yes,25-48m
C02233,Male,0,Yes,Yes,51,Yes,No,DSL,No,No,No,Yes,No,Yes,Month-to-month,Yes,Bank transfer (automatic),86.79,4385.91,Yes,49m+
C02234,Male,0,No,Yes,2,Yes,Yes,DSL,No,No,No,No,Yes,Yes,Month-to-month,Yes,Credit card (automatic),105.61,220.61,Yes,0-6m
C02235,Female,0,Yes,No,49,No,No phone service,Fiber optic,No,No,No,Yes,No,No,Month-to-month,Yes,Mailed check,93.0,4366.16,No,49m+
C02236,Female,1,Yes,Yes,32,Yes,Yes,Fiber optic,Yes,Yes,Yes,Yes,No,No,One year,Yes,Credit card (automatic),149.12,4941.01,No,25-48m
C02237,Female,0,No,No,56,Yes,Yes,Fiber optic,No,No,No,Yes,Yes,No,Two year,Yes,Electronic check,128.84,7134.94,No,49m+
C02238,Female,0,No,Yes,26,Yes,Yes,No,No internet service,No internet service,No internet service,No internet service,No internet service,No internet service,Two year,Yes,Electronic check,44.83,1174.32,Yes,25-48m
C02239,Female,1,No,Yes,17,Yes,Yes,DSL,No,Yes,No,No,No,No,Two year,Yes,Bank transfer (automatic),84.36,1362.56,Yes,13-24m
C02240,Male,0,Yes,No,50,Yes,No,Fiber optic,No,No,No,Yes,Yes,No,One year,No,Credit card (automatic),124.2,6511.57,No,49m+
C02241,Female,0,No,No,45,Yes,Yes,DSL,Yes,No,No,No,No,No,Two year,Yes,Bank transfer (automatic),85.52,4027.47,No,25-48m
C02242,Female,0,No,No,48,Yes,No,DSL,No,No,No,No,Yes,Yes,Two year,No,Electronic check,88.68,4340.46,Yes,25-48m
C02243,Female,0,No,No,2,No,No phone service,Fiber optic,No,Yes,Yes,Yes,Yes,No,Two year,No,Mailed check,122.68,246.67,Yes,0-6m
C02244,Male,0,No,No,32,Yes,No,Fiber optic,Yes,Yes,No,No,No,No,One year,Yes,Electronic check,119.17,3633.55,No,25-48m
C02245,Female,0,No,No,58,Yes,Yes,Fiber optic,Yes,No,No,Yes,No,No,One year,No,Credit card (automatic),134.27,7998.08,No,49m+
C02246,Female,0,No,No,52,Yes,Yes,Fiber optic,No,Yes,No,No,No,No,Two year,No,Electronic check,110.68,5963.97,Yes,49m+
C02247,Male,0,No,Yes,1,Yes,No,DSL,Yes,No,No,No,No,No,Two year,Yes,Mailed check,86.95,83.23,No,0-6m
C02248,Female,0,No,Yes,32,Yes,No,Fiber optic,No,Yes,No,Yes,No,Yes,Month-to-month,No,Credit card (automatic),129.87,4126.43,No,25-48m
C02249,Male,1,No,No,72,Yes,Yes,Fiber optic,No,No,No,No,No,Yes,One year,Yes,Credit card (automatic),124.34,9218.91,Yes,49m+
C02250,Female,0,No,No,64,Yes,No,DSL,Yes,Yes,Yes,No,No,Yes,Two year,Yes,Credit card (automatic),116.24,7668.78,No,49m+
C02251,Female,1,Yes,No,56,Yes,Yes,Fiber optic,No,No,No,No,No,No,Month-to-month,Yes,Bank transfer (automatic),95.24,5277.95,No,49m+
C02252,Female,0,Yes,Yes,43,Yes,Yes,DSL,No,No,Yes,Yes,Yes,Yes,Month-to-month,Yes,Mailed check,117.21,5208.14,No,25-48m
C02253,Male,1,Yes,No,25,Yes,No,Fiber optic,No,Yes,Yes,Yes,No,Yes,Two year,No,Mailed check,143.41,3416.2,Yes,25-48m
C02254,Female,0,Yes,No,23,Yes,No,DSL,Yes,No,No,No,No,No,One year,Yes,Mailed check,85.16,1966.75,No,13-24m
C02255,Male,0,Yes,No,11,Yes,Yes,DSL,Yes,No,No,Yes,Yes,Yes,Month-to-month,Yes,Mailed check,118.0,1300.19,Yes,7-12m
C02256,Female,0,No,Yes,21,Yes,Yes,DSL,No,No,Yes,No,No,No,Month-to-month,No,Mailed check,83.37,1781.68,No,13-24m
C02257,Male,1,Yes,No,64,Yes,No,No,No internet service,No internet service,No internet service,No internet service,No internet service,No internet service,Month-to-month,Yes,Electronic check,37.69,2370.6,No,49m+
C02258,Female,0,Yes,No,32,Yes,No,Fiber optic,No,Yes,No,No,No,No,Month-to-month,Yes,Electronic check,102.8,3405.55,Yes,25-48m
C02259,Male,0,No,Yes,44,Yes,No,Fiber optic,No,Yes,No,No,Yes,No,One year,Yes,Mailed check,120.73,5346.37,No,25-48m
C02260,Male,0,No,Yes,40,No,No phone service,Fiber optic,Yes,Yes,Yes,Yes,Yes,Yes,Month-to-month,Yes,Electronic check,146.28,6114.15,No,25-48m
C02261,Female,0,Yes,No,67,No,No phone service,No,No internet service,No internet service,No internet service,No internet service,No internet service,No internet service,Month-to-month,Yes,Credit card (automatic),26.79,1728.99,Yes,49m+
C02262,Male,0,No,No,3,Yes,Yes,Fiber optic,Yes,Yes,Yes,Yes,No,Yes,Month-to-month,Yes,Credit card (automatic),150.05,471.51,Yes,0-6m
C02263,Male,0,No,No,64,No,No phone service,Fiber optic,Yes,Yes,Yes,No,No,No,One year,Yes,Electronic check,114.42,7509.9,No,49m+
C02264,Male,1,Yes,Yes,47,Yes,Yes,Fiber optic,No,Yes,No,No,No,Yes,Two year,Yes,Bank transfer (automatic),133.01,6528.18,No,25-48m
C02265,Female,0,No,No,1,Yes,Yes,Fiber optic,Yes,No,Yes,No,No,No,Two year,No,Electronic check,118.29,120.55,Yes,0-6m
C02266,Male,0,Yes,No,48,Yes,Yes,Fiber optic,No,Yes,No,No,No,Yes,Month-to-month,No,Bank transfer (automatic),120.68,5709.2,Yes,25-48m
C02267,Female,0,No,No,6,Yes,Yes,No,No internet service,No internet service,No internet service,No internet service,No internet service,No internet service,Month-to-month,Yes,Credit card (automatic),47.26,276.57,Yes,0-6m
C02268,Male,0,Yes,No,48,Yes,No,Fiber optic,No,No,Yes,No,No,No,Month-to-month,Yes,Electronic check,114.08,5380.67,Yes,25-48m
C02269,Male,1,No,Yes,9,Yes,No,Fiber optic,No,No,Yes,Yes,Yes,No,One year,Yes,Electronic check,133.27,1165.1,Yes,7-12m
C02270,Male,0,Yes,No,16,Yes,Yes,Fiber optic,Yes,Yes,Yes,No,No,No,Month-to-month,Yes,Credit card (automatic),128.41,2135.75,Yes,13-24m
C02271,Male,0,Yes,No,71,Yes,Yes,No,No internet service,No internet service,No internet service,No internet service,No internet service,No internet service,One year,Yes,Electronic check,47.93,3307.94,No,49m+
C02272,Female,0,Yes,Yes,50,No,No phone service,DSL,Yes,No,No,No,No,No,Month-to-month,Yes,Bank transfer (automatic),62.79,3044.14,Yes,49m+
C02273,Male,0,No,No,64,No,No phone service,Fiber optic,Yes,Yes,No,No,Yes,No,Month-to-month,Yes,Bank transfer (automatic),108.55,6619.42,Yes,49m+
C02274,Male,0,No,Yes,43,Yes,Yes,No,No internet service,No internet service,No internet service,No internet service,No internet service,No internet service,Month-to-month,No,Credit card (automatic),51.68,2149.48,No,25-48m
C02275,Male,0,Yes,No,7,Yes,Yes,Fiber optic,No,Yes,No,No,No,No,One year,No,Credit card (automatic),103.47,693.47,No,7-12m
C02276,Male,0,Yes,No,38,Yes,Yes,Fiber optic,Yes,No,No,No,Yes,No,Month-to-month,Yes,Credit card (automatic),133.37,5016.48,No,25-48m
C02277,Female,1,Yes,Yes,15,Yes,Yes,DSL,No,No,No,Yes,No,No,Two year,No,Mailed check,102.86,1511.26,Yes,13-24m
C02278,Male,0,No,No,46,Yes,No,No,No internet service,No internet service,No internet service,No internet service,No internet service,No internet service,Two year,Yes,Bank transfer (automatic),42.9,2010.63,No,25-48m
C02279,Female,0,No,No,42,Yes,No,DSL,No,Yes,No,No,No,Yes,Two year,Yes,Mailed check,94.82,4177.87,Yes,25-48m
C02280,Male,0,Yes,No,28,Yes,No,DSL,No,No,No,No,No,No,Month-to-month,No,Credit card (automatic),69.36,1959.24,No,25-48m
C02281,Male,0,Yes,No,56,Yes,Yes,Fiber optic,No,Yes,No,No,Yes,No,Two year,Yes,Electronic check,120.35,6637.76,No,49m+
C02282,Male,1,Yes,No,62,Yes,No,Fiber optic,Yes,Yes,Yes,No,Yes,Yes,One year,Yes,Electronic check,144.12,9017.11,Yes,49m+
C02283,Male,0,No,No,16,Yes,Yes,No,No internet service,No internet service,No internet service,No internet service,No internet service,No internet service,One year,Yes,Electronic check,52.48,824.41,Yes,13-24m
C02284,Male,0,Yes,No,25,Yes,No,DSL,Yes,Yes,No,Yes,No,Yes,One year,No,Electronic check,115.85,2881.05,No,25-48m
C02285,Male,0,No,Yes,35,Yes,Yes,DSL,Yes,No,No,No,No,No,Month-to-month,Yes,Credit card (automatic),91.49,3168.52,Yes,25-48m
C02286,Male,1,No,No,3,No,No phone service,Fiber optic,No,No,No,Yes,No,Yes,One year,Yes,Electronic check,109.25,326.82,Yes,0-6m
C02287,Female,0,Yes,No,58,Yes,Yes,No,No internet service,No internet service,No internet service,No internet service,No internet service,No internet service,Month-to-month,Yes,Electronic check,44.96,2595.24,No,49m+
C02288,Male,0,No,No,62,Yes,Yes,DSL,Yes,Yes,No,Yes,Yes,No,One year,No,Electronic check,114.77,7280.76,No,49m+
C02289,Male,0,Yes,No,21,Yes,Yes,Fiber optic,Yes,No,Yes,No,No,No,Month-to-month,No,Electronic check,124.37,2689.61,Yes,13-24m
C02290,Male,0,No,No,52,Yes,Yes,Fiber optic,Yes,No,No,Yes,No,Yes,Month-to-month,Yes,Electronic check,142.1,7485.19,Yes,49m+
C02291,Male,0,Yes,Yes,49,Yes,Yes,DSL,No,No,No,No,Yes,No,One year,No,Bank transfer (automatic),88.47,4503.23,No,49m+
C02292,Female,0,No,No,14,Yes,No,DSL,No,No,No,Yes,No,No,Month-to-month,No,Credit card (automatic),90.33,1315.1,No,13-24m
C02293,Female,0,Yes,No,18,Yes,Yes,No,No internet service,No internet service,No internet service,No internet service,No internet service,No internet service,Two year,No,Bank transfer (automatic),52.48,970.95,No,13-24m
C02294,Female,0,Yes,No,30,Yes,Yes,Fiber optic,No,No,No,No,Yes,No,Two year,No,Bank transfer (automatic),105.43,3017.25,Yes,25-48m
C02295,Male,1,No,Yes,54,Yes,No,Fiber optic,No,No,Yes,Yes,Yes,Yes,One year,No,Credit card (automatic),143.0,7719.36,No,49m+
C02296,Female,0,No,No,58,No,No phone service,No,No internet service,No internet service,No internet service,No internet service,No internet service,No internet service,One year,Yes,Bank transfer (automatic),25.99,1551.01,Yes,49m+
C02297,Female,1,No,Yes,10,Yes,Yes,No,No internet service,No internet service,No internet service,No internet service,No internet service,No internet service,Month-to-month,No,Bank transfer (automatic),47.99,469.39,Yes,7-12m
C02298,Male,0,No,No,53,No,No phone service,DSL,No,Yes,No,No,Yes,Yes,One year,Yes,Mailed check,86.82,4757.06,Yes,49m+
C02299,Female,0,Yes,Yes,65,No,No phone service,Fiber optic,Yes,Yes,Yes,No,No,No,Two year,Yes,Electronic check,111.07,7258.35,No,49m+
C02300,Female,0,Yes,No,49,Yes,Yes,Fiber optic,Yes,Yes,No,Yes,No,Yes,Month-to-month,No,Electronic check,129.82,6154.84,No,49m+
C02301,Male,0,No,No,60,No,No phone service,Fiber optic,No,No,No,Yes,Yes,No,Two year,Yes,Bank transfer (automatic),98.66,5629.73,Yes,49m+
C02302,Female,0,Yes,Yes,7,No,No phone service,DSL,No,No,Yes,Yes,No,No,Month-to-month,Yes,Credit card (automatic),70.74,508.08,Yes,7-12m
C02303,Female,0,Yes,No,54,Yes,Yes,Fiber optic,Yes,No,No,No,No,No,Month-to-month,No,Mailed check,123.67,6990.84,No,49m+
C02304,Female,0,No,No,66,Yes,Yes,No,No internet service,No internet service,No internet service,No internet service,No internet service,No internet service,One year,Yes,Credit card (automatic),47.94,3212.74,No,49m+
C02305,Female,0,Yes,No,40,Yes,No,DSL,No,No,No,Yes,Yes,No,Month-to-month,No,Electronic check,103.42,4143.4,No,25-48m
C02306,Male,0,Yes,No,62,Yes,No,No,No internet service,No internet service,No internet service,No internet service,No internet service,No internet service,Month-to-month,Yes,Electronic check,43.58,2606.27,No,49m+
C02307,Male,1,Yes,Yes,22,Yes,Yes,DSL,No,No,No,No,No,No,Month-to-month,No,Electronic check,90.82,2076.02,Yes,13-24m
C02308,Male,1,No,No,27,Yes,No,Fiber optic,No,No,Yes,No,Yes,Yes,Two year,No,Credit card (automatic),120.19,3230.09,No,25-48m
C02309,Female,0,No,No,58,Yes,Yes,No,No internet service,No internet service,No internet service,No internet service,No internet service,No internet service,Month-to-month,Yes,Electronic check,47.76,2699.16,Yes,49m+
C02310,Female,1,Yes,No,28,Yes,No,DSL,Yes,Yes,No,No,Yes,No,Month-to-month,Yes,Bank transfer (automatic),103.13,2932.37,Yes,25-48m
C02311,Female,0,Yes,No,13,No,No phone service,Fiber optic,No,No,No,Yes,No,No,Month-to-month,Yes,Mailed check,96.82,1293.56,Yes,13-24m
C02312,Male,0,No,Yes,48,Yes,No,DSL,No,No,No,No,Yes,No,Month-to-month,Yes,Mailed check,82.28,3972.63,Yes,25-48m
C02313,Male,0,Yes,No,63,Yes,No,Fiber optic,No,Yes,Yes,Yes,Yes,Yes,Month-to-month,Yes,Mailed check,138.75,8863.0,Yes,49m+
C02314,Female,0,No,Yes,23,Yes,Yes,No,No internet service,No internet service,No internet service,No internet service,No internet service,No internet service,Two year,No,Mailed check,46.7,1118.78,No,13-24m
C02315,Female,0,No,Yes,61,Yes,No,DSL,No,No,No,No,No,Yes,Two year,No,Credit card (automatic),89.1,5369.54,No,49m+
C02316,Male,0,No,No,45,Yes,No,Fiber optic,No,No,Yes,Yes,No,No,Month-to-month,Yes,Electronic check,122.93,5368.54,Yes,25-48m
C02317,Female,1,Yes,No,46,Yes,Yes,Fiber optic,Yes,No,No,Yes,No,Yes,One year,No,Electronic check,122.7,5366.41,Yes,25-48m
C02318,Male,0,No,No,68,Yes,Yes,DSL,Yes,No,No,No,Yes,No,Month-to-month,Yes,Mailed check,97.44,6501.33,Yes,49m+
C02319,Female,0,Yes,Yes,63,Yes,Yes,No,No internet service,No internet service,No internet service,No internet service,No internet service,No internet service,Month-to-month,Yes,Electronic check,49.05,3002.43,No,49m+
C02320,Female,1,No,No,31,Yes,Yes,DSL,Yes,No,No,Yes,Yes,Yes,Month-to-month,Yes,Electronic check,111.19,3314.65,No,25-48m
C02321,Male,0,Yes,Yes,40,Yes,No,No,No internet service,No internet service,No internet service,No internet service,No internet service,No internet service,Month-to-month,No,Electronic check,37.42,1519.87,No,25-48m
C02322,Male,0,No,No,29,Yes,Yes,Fiber optic,Yes,No,Yes,Yes,No,No,Month-to-month,No,Bank transfer (automatic),125.12,3615.4,Yes,25-48m
C02323,Male,1,No,No,5,Yes,No,DSL,No,No,Yes,No,Yes,No,Two year,No,Electronic check,95.44,488.69,No,0-6m
C02324,Male,0,Yes,No,62,Yes,Yes,No,No internet service,No internet service,No internet service,No internet service,No internet service,No internet service,Two year,Yes,Electronic check,50.54,3118.56,No,49m+
C02325,Male,1,No,No,36,Yes,No,Fiber optic,No,No,No,No,No,No,One year,No,Mailed check,90.85,3358.27,No,25-48m
C02326,Male,0,No,No,6,Yes,No,No,No internet service,No internet service,No internet service,No internet service,No internet service,No internet service,Two year,No,Electronic check,37.78,234.07,No,0-6m
C02327,Female,0,Yes,No,69,Yes,Yes,DSL,No,Yes,No,No,No,Yes,Month-to-month,Yes,Credit card (automatic),104.3,6869.41,No,49m+
C02328,Female,0,No,No,41,Yes,Yes,Fiber optic,Yes,Yes,No,No,Yes,Yes,Month-to-month,No,Credit card (automatic),139.22,5891.48,No,25-48m
C02329,Male,1,No,Yes,13,Yes,No,DSL,Yes,Yes,No,No,Yes,No,Two year,Yes,Bank transfer (automatic),96.21,1208.32,No,13-24m
C02330,Female,1,No,No,47,Yes,Yes,DSL,No,No,No,No,No,Yes,Month-to-month,No,Mailed check,90.01,4355.75,No,25-48m
C02331,Female,0,No,No,54,Yes,No,DSL,No,No,Yes,Yes,Yes,Yes,Month-to-month,Yes,Mailed check,111.27,6038.32,Yes,49m+
C02332,Female,1,Yes,No,72,Yes,No,No,No internet service,No internet service,No internet service,No internet service,No internet service,No internet service,One year,Yes,Bank transfer (automatic),44.48,3336.48,No,49m+
C02333,Male,0,No,No,51,Yes,Yes,DSL,Yes,No,Yes,No,Yes,No,Month-to-month,Yes,Mailed check,117.0,5798.9,No,49m+
C02334,Female,0,Yes,No,26,No,No phone service,DSL,No,Yes,No,No,Yes,No,Two year,Yes,Electronic check,74.13,2021.75,No,25-48m
C02335,Male,0,No,No,29,Yes,Yes,No,No internet service,No internet service,No internet service,No internet service,No internet service,No internet service,One year,Yes,Bank transfer (automatic),48.19,1437.86,No,25-48m
C02336,Female,0,Yes,Yes,36,Yes,Yes,No,No internet service,No internet service,No internet service,No internet service,No internet service,No internet service,Two year,Yes,Bank transfer (automatic),51.32,1764.62,Yes,25-48m
C02337,Female,0,Yes,No,45,Yes,No,DSL,Yes,Yes,Yes,No,No,No,Month-to-month,Yes,Credit card (automatic),99.72,4677.52,No,25-48m
C02338,Male,0,Yes,No,19,No,No phone service,Fiber optic,No,No,No,No,Yes,No,Month-to-month,Yes,Mailed check,83.34,1596.52,No,13-24m
C02339,Female,0,Yes,No,30,Yes,No,DSL,Yes,No,Yes,No,Yes,Yes,Month-to-month,No,Credit card (automatic),120.65,3597.96,No,25-48m
C02340,Male,0,No,No,29,No,No phone service,DSL,Yes,Yes,Yes,No,No,Yes,Month-to-month,Yes,Credit card (automatic),96.31,2925.37,No,25-48m
C02341,Male,0,No,No,51,Yes,Yes,DSL,Yes,Yes,No,No,No,No,Month-to-month,Yes,Electronic check,109.22,5291.88,No,49m+
C02342,Female,0,No,Yes,39,Yes,No,No,No internet service,No internet service,No internet service,No internet service,No internet service,No internet service,Two year,Yes,Electronic check,43.61,1654.64,No,25-48m
C02343,Female,0,No,No,39,Yes,No,No,No internet service,No internet service,No internet service,No internet service,No internet service,No internet service,Month-to-month,Yes,Mailed check,44.09,1647.87,No,25-48m
C02344,Female,1,No,No,72,Yes,Yes,DSL,Yes,Yes,No,Yes,No,No,Month-to-month,No,Electronic check,101.65,7099.53,No,49m+
C02345,Female,1,Yes,No,28,Yes,No,No,No internet service,No internet service,No internet service,No internet service,No internet service,No internet service,Two year,No,Electronic check,41.66,1205.61,No,25-48m
C02346,Female,0,Yes,No,26,Yes,Yes,DSL,No,No,Yes,No,Yes,No,Month-to-month,Yes,Bank transfer (automatic),103.23,2758.13,No,25-48m
C02347,Male,0,Yes,No,27,Yes,Yes,Fiber optic,No,Yes,No,No,Yes,No,Month-to-month,No,Credit card (automatic),134.09,3590.9,Yes,25-48m
C02348,Female,0,No,No,39,Yes,Yes,Fiber optic,No,Yes,Yes,No,Yes,No,Month-to-month,No,Credit card (automatic),122.89,4946.64,No,25-48m
C02349,Female,0,No,No,9,Yes,Yes,Fiber optic,Yes,No,No,No,No,No,One year,Yes,Credit card (automatic),116.83,1087.13,No,7-12m
C02350,Male,0,No,No,63,No,No phone service,Fiber optic,Yes,No,No,No,Yes,No,One year,Yes,Credit card (automatic),103.21,6263.62,No,49m+
C02351,Female,1,Yes,No,25,Yes,Yes,DSL,No,No,No,No,No,No,Month-to-month,Yes,Bank transfer (automatic),89.02,2234.89,No,25-48m
C02352,Male,0,No,No,4,Yes,No,Fiber optic,Yes,Yes,No,No,No,Yes,Two year,Yes,Electronic check,127.54,522.36,Yes,0-6m
C02353,Male,0,Yes,Yes,44,Yes,No,Fiber optic,No,No,Yes,Yes,Yes,Yes,One year,No,Bank transfer (automatic),137.39,5929.0,No,25-48m
C02354,Male,0,No,Yes,14,Yes,No,No,No internet service,No internet service,No internet service,No internet service,No internet service,No internet service,Two year,No,Bank transfer (automatic),42.23,566.89,No,13-24m
C02355,Male,0,Yes,Yes,69,Yes,Yes,Fiber optic,Yes,Yes,Yes,No,No,No,One year,Yes,Credit card (automatic),139.36,9140.45,Yes,49m+
C02356,Female,1,No,No,57,Yes,No,DSL,No,Yes,No,Yes,No,Yes,Month-to-month,No,Electronic check,102.88,5748.72,Yes,49m+
C02357,Female,0,Yes,Yes,46,Yes,No,No,No internet service,No internet service,No internet service,No internet service,No internet service,No internet service,One year,No,Credit card (automatic),39.02,1735.71,No,25-48m
C02358,Male,0,No,No,58,Yes,No,Fiber optic,No,No,Yes,No,No,No,Month-to-month,No,Credit card (automatic),102.47,5816.51,No,49m+
C02359,Female,0,No,No,1,Yes,Yes,Fiber optic,No,No,No,No,No,No,Month-to-month,Yes,Electronic check,98.56,96.71,Yes,0-6m
C02360,Male,0,Yes,Yes,7,Yes,Yes,No,No internet service,No internet service,No internet service,No internet service,No internet service,No internet service,Month-to-month,No,Electronic check,50.1,341.85,No,7-12m
C02361,Female,1,Yes,Yes,51,Yes,No,No,No internet service,No internet service,No internet service,No internet service,No internet service,No internet service,Month-to-month,No,Bank transfer (automatic),41.37,2150.15,Yes,49m+
C02362,Female,0,Yes,No,64,Yes,No,DSL,Yes,Yes,No,Yes,Yes,Yes,Month-to-month,Yes,Electronic check,119.86,8029.14,No,49m+
C02363,Male,0,Yes,Yes,11,Yes,No,DSL,Yes,No,Yes,Yes,Yes,No,One year,No,Credit card (automatic),116.12,1340.09,No,7-12m
C02364,Female,1,Yes,No,6,Yes,No,Fiber optic,Yes,Yes,Yes,No,No,No,Two year,No,Electronic check,125.77,737.49,No,0-6m
C02365,Female,0,Yes,Yes,4,No,No phone service,No,No internet service,No internet service,No internet service,No internet service,No internet service,No internet service,Month-to-month,Yes,Electronic check,27.94,116.31,Yes,0-6m
C02366,Female,0,No,No,61,Yes,Yes,Fiber optic,No,No,No,No,No,No,Month-to-month,Yes,Electronic check,114.0,7237.24,Yes,49m+
C02367,Male,0,Yes,Yes,41,Yes,Yes,No,No internet service,No internet service,No internet service,No internet service,No internet service,No internet service,Month-to-month,Yes,Bank transfer (automatic),47.59,1993.24,No,25-48m
C02368,Male,1,No,No,38,Yes,No,DSL,No,No,No,No,No,No,Two year,No,Credit card (automatic),80.51,2940.48,No,25-48m
C02369,Female,0,Yes,No,33,Yes,No,Fiber optic,No,No,No,No,No,No,Two year,Yes,Credit card (automatic),93.19,2955.0,Yes,25-48m
C02370,Male,0,No,No,24,Yes,No,No,No internet service,No internet service,No internet service,No internet service,No internet service,No internet service,One year,Yes,Electronic check,39.43,950.8,No,13-24m
C02371,Female,0,No,No,12,Yes,No,No,No internet service,No internet service,No internet service,No internet service,No internet service,No internet service,Two year,Yes,Electronic check,41.49,516.15,No,7-12m
C02372,Female,0,No,No,35,Yes,Yes,DSL,No,No,No,Yes,Yes,Yes,Month-to-month,No,Electronic check,115.23,3879.34,Yes,25-48m
C02373,Male,0,No,No,27,Yes,No,Fiber optic,No,Yes,No,No,Yes,Yes,Month-to-month,Yes,Bank transfer (automatic),118.76,3203.22,Yes,25-48m
C02374,Male,0,No,No,63,Yes,Yes,Fiber optic,No,No,No,Yes,Yes,No,Month-to-month,No,Credit card (automatic),131.23,7876.27,Yes,49m+
C02375,Female,0,Yes,No,10,Yes,Yes,No,No internet service,No internet service,No internet service,No internet service,No internet service,No internet service,Two year,No,Credit card (automatic),46.19,467.53,No,7-12m
C02376,Female,0,Yes,No,69,No,No phone service,No,No internet service,No internet service,No internet service,No internet service,No internet service,No internet service,Month-to-month,Yes,Credit card (automatic),25.36,1758.12,No,49m+
C02377,Female,1,No,No,47,Yes,No,DSL,Yes,Yes,No,No,Yes,No,Month-to-month,Yes,Mailed check,103.2,4889.27,No,25-48m
C02378,Male,0,No,No,34,Yes,No,DSL,No,No,No,Yes,Yes,Yes,Month-to-month,Yes,Electronic check,114.88,3953.31,Yes,25-48m
C02379,Male,1,Yes,No,36,Yes,Yes,No,No internet service,No internet service,No internet service,No internet service,No internet service,No internet service,Month-to-month,Yes,Credit card (automatic),51.6,1912.66,No,25-48m
C02380,Female,0,No,No,25,Yes,No,DSL,Yes,Yes,Yes,Yes,Yes,No,Month-to-month,Yes,Credit card (automatic),128.42,3156.91,No,25-48m
C02381,Female,1,Yes,Yes,4,No,No phone service,No,No internet service,No internet service,No internet service,No internet service,No internet service,No internet service,One year,Yes,Mailed check,24.29,96.51,No,0-6m
C02382,Female,0,Yes,No,41,Yes,Yes,DSL,Yes,No,No,Yes,Yes,Yes,Month-to-month,No,Electronic check,133.78,5570.85,Yes,25-48m
C02383,Male,0,No,Yes,7,Yes,No,DSL,Yes,No,No,No,No,Yes,Month-to-month,No,Credit card (automatic),92.56,662.76,No,7-12m
C02384,Female,0,No,No,53,Yes,No,DSL,Yes,Yes,Yes,No,Yes,No,Month-to-month,Yes,Electronic check,110.45,5747.03,Yes,49m+
C02385,Male,0,No,No,61,Yes,Yes,No,No internet service,No internet service,No internet service,No internet service,No internet service,No internet service,Month-to-month,No,Bank transfer (automatic),49.6,3175.61,Yes,49m+
C02386,Female,0,No,No,50,Yes,Yes,Fiber optic,No,No,No,No,Yes,Yes,Two year,No,Bank transfer (automatic),130.11,6531.38,No,49m+
C02387,Female,0,Yes,No,37,Yes,Yes,Fiber optic,No,Yes,Yes,Yes,No,Yes,Two year,No,Mailed check,148.81,5524.24,Yes,25-48m
C02388,Male,0,Yes,No,35,Yes,Yes,Fiber optic,Yes,No,No,No,No,No,One year,No,Credit card (automatic),111.85,3973.89,Yes,25-48m
C02389,Male,0,No,No,12,Yes,No,No,No internet service,No internet service,No internet service,No internet service,No internet service,No internet service,Two year,Yes,Bank transfer (automatic),40.46,475.8,No,7-12m
C02390,Female,0,Yes,No,35,Yes,No,Fiber optic,Yes,No,Yes,No,No,No,Two year,Yes,Mailed check,108.48,3821.46,Yes,25-48m
C02391,Female,0,Yes,Yes,15,No,No phone service,No,No internet service,No internet service,No internet service,No internet service,No internet service,No internet service,One year,Yes,Credit card (automatic),24.23,346.16,No,13-24m
C02392,Female,0,Yes,No,30,Yes,No,No,No internet service,No internet service,No internet service,No internet service,No internet service,No internet service,One year,Yes,Credit card (automatic),37.97,1182.7,No,25-48m
C02393,Female,0,No,Yes,26,Yes,No,DSL,Yes,No,No,No,No,Yes,Two year,No,Electronic check,103.74,2686.0,No,25-48m
C02394,Male,0,Yes,No,66,Yes,No,Fiber optic,No,No,Yes,No,Yes,Yes,One year,No,Bank transfer (automatic),117.69,8015.43,Yes,49m+
C02395,Male,0,Yes,No,39,Yes,Yes,Fiber optic,No,No,Yes,No,No,Yes,One year,Yes,Bank transfer (automatic),133.87,5474.87,No,25-48m
C02396,Male,0,Yes,No,9,No,No phone service,DSL,No,Yes,No,No,No,Yes,Month-to-month,Yes,Bank transfer (automatic),71.91,679.23,No,7-12m
C02397,Male,0,No,Yes,15,Yes,Yes,Fiber optic,No,Yes,Yes,No,No,No,Two year,Yes,Electronic check,123.42,1823.9,Yes,13-24m
C02398,Female,1,Yes,Yes,21,Yes,No,No,No internet service,No internet service,No internet service,No internet service,No internet service,No internet service,One year,Yes,Mailed check,44.15,927.14,No,13-24m
C02399,Male,0,No,No,58,Yes,No,No,No internet service,No internet service,No internet service,No internet service,No internet service,No internet service,Month-to-month,No,Bank transfer (automatic),44.42,2644.51,Yes,49m+
C02400,Male,0,Yes,No,57,Yes,Yes,DSL,No,No,No,Yes,No,Yes,One year,No,Credit card (automatic),100.38,5497.92,No,49m+
C02401,Male,0,No,Yes,20,Yes,Yes,DSL,No,No,No,No,Yes,No,Two year,No,Credit card (automatic),91.79,1896.44,No,13-24m
C02402,Male,0,Yes,Yes,12,No,No phone service,Fiber optic,Yes,Yes,No,Yes,Yes,No,Month-to-month,Yes,Electronic check,114.8,1375.92,Yes,7-12m
C02403,Male,0,No,No,61,Yes,No,DSL,No,No,No,Yes,Yes,No,Month-to-month,Yes,Mailed check,89.74,5544.01,No,49m+
C02404,Female,0,No,Yes,62,No,No phone service,Fiber optic,No,No,No,No,Yes,No,Month-to-month,Yes,Credit card (automatic),89.09,5295.71,Yes,49m+
C02405,Female,1,No,Yes,12,Yes,No,DSL,No,No,No,No,Yes,No,Month-to-month,Yes,Mailed check,86.91,1018.66,No,7-12m
C02406,Male,1,No,No,7,No,No phone service,No,No internet service,No internet service,No internet service,No internet service,No internet service,No internet service,One year,No,Mailed check,24.94,180.94,No,7-12m
C02407,Male,0,Yes,No,13,No,No phone service,No,No internet service,No internet service,No internet service,No internet service,No internet service,No internet service,Month-to-month,No,Electronic check,27.27,344.3,No,13-24m
C02408,Female,1,Yes,No,8,Yes,Yes,No,No internet service,No internet service,No internet service,No internet service,No internet service,No internet service,One year,Yes,Electronic check,49.68,393.22,No,7-12m
C02409,Female,0,No,No,61,Yes,Yes,Fiber optic,Yes,Yes,No,No,No,No,Month-to-month,No,Credit card (automatic),127.04,7389.45,No,49m+
C02410,Female,1,No,Yes,30,Yes,Yes,DSL,Yes,No,Yes,No,No,No,One year,No,Mailed check,93.04,2828.89,No,25-48m
C02411,Female,0,Yes,No,54,No,No phone service,DSL,Yes,Yes,No,Yes,No,Yes,Month-to-month,No,Mailed check,102.14,5619.72,No,49m+
C02412,Female,1,No,No,49,Yes,Yes,No,No internet service,No internet service,No internet service,No internet service,No internet service,No internet service,Month-to-month,Yes,Mailed check,45.37,2243.93,Yes,49m+
C02413,Male,0,Yes,Yes,11,Yes,Yes,DSL,No,No,Yes,No,No,No,Month-to-month,Yes,Credit card (automatic),84.17,894.71,No,7-12m
C02414,Female,0,No,No,63,Yes,Yes,DSL,No,No,No,No,Yes,Yes,Two year,Yes,Mailed check,113.06,6871.85,Yes,49m+
C02415,Female,0,Yes,No,3,Yes,No,No,No internet service,No internet service,No internet service,No internet service,No internet service,No internet service,Two year,Yes,Mailed check,40.27,118.76,No,0-6m
C02416,Female,0,No,No,43,Yes,No,No,No internet service,No internet service,No internet service,No internet service,No internet service,No internet service,One year,Yes,Mailed check,42.43,1793.59,No,25-48m
C02417,Male,0,No,Yes,16,No,No phone service,Fiber optic,No,Yes,No,Yes,No,Yes,Two year,Yes,Electronic check,106.22,1747.06,Yes,13-24m
C02418,Female,0,Yes,No,67,Yes,No,Fiber optic,Yes,Yes,No,No,Yes,Yes,Month-to-month,Yes,Electronic check,139.73,9036.05,No,49m+
C02419,Male,0,Yes,No,27,Yes,No,DSL,Yes,Yes,No,Yes,Yes,Yes,One year,No,Bank transfer (automatic),130.94,3561.31,No,25-48m
C02420,Female,0,Yes,No,19,Yes,No,No,No internet service,No internet service,No internet service,No internet service,No internet service,No internet service,Month-to-month,No,Mailed check,37.79,723.93,No,13-24m
C02421,Male,0,No,No,72,Yes,Yes,DSL,No,No,No,No,No,Yes,One year,No,Electronic check,85.73,6290.75,Yes,49m+
C02422,Male,0,Yes,Yes,42,Yes,Yes,DSL,No,Yes,No,No,Yes,No,Month-to-month,No,Bank transfer (automatic),98.53,4008.06,No,25-48m
C02423,Male,0,Yes,No,42,Yes,No,Fiber optic,No,Yes,No,No,No,No,Two year,No,Electronic check,109.44,4586.88,Yes,25-48m
C02424,Male,0,No,No,63,Yes,No,DSL,No,No,No,Yes,No,Yes,Month-to-month,No,Bank transfer (automatic),100.67,6503.16,No,49m+
C02425,Male,0,No,No,1,Yes,Yes,DSL,Yes,No,No,Yes,No,No,Month-to-month,No,Credit card (automatic),110.5,110.52,Yes,0-6m
C02426,Female,0,Yes,No,66,Yes,Yes,Fiber optic,No,Yes,Yes,Yes,Yes,Yes,Month-to-month,Yes,Bank transfer (automatic),144.1,9052.02,No,49m+
C02427,Male,0,No,Yes,23,Yes,No,DSL,No,No,Yes,Yes,Yes,Yes,Two year,Yes,Electronic check,114.48,2556.15,Yes,13-24m
C02428,Male,0,Yes,No,4,Yes,No,Fiber optic,Yes,No,No,Yes,No,Yes,One year,Yes,Credit card (automatic),125.58,486.53,No,0-6m
C02429,Male,0,No,No,23,No,No phone service,DSL,Yes,No,No,No,No,Yes,One year,Yes,Electronic check,74.52,1768.23,No,13-24m
C02430,Male,0,No,Yes,67,No,No phone service,Fiber optic,Yes,Yes,Yes,Yes,Yes,No,Month-to-month,No,Credit card (automatic),126.21,8284.33,Yes,49m+
C02431,Female,0,Yes,Yes,30,Yes,No,Fiber optic,No,No,No,Yes,Yes,Yes,Two year,Yes,Bank transfer (automatic),137.86,4267.98,No,25-48m
C02432,Male,0,No,No,12,No,No phone service,DSL,Yes,No,No,Yes,Yes,No,Two year,Yes,Bank transfer (automatic),83.9,1031.16,Yes,7-12m
C02433,Female,0,Yes,No,43,No,No phone service,Fiber optic,No,Yes,No,No,No,Yes,One year,Yes,Electronic check,99.53,4097.73,No,25-48m
C02434,Male,1,No,Yes,68,Yes,Yes,Fiber optic,No,Yes,No,No,Yes,Yes,Month-to-month,Yes,Electronic check,129.09,8601.97,Yes,49m+
C02435,Male,0,No,Yes,54,Yes,No,Fiber optic,Yes,No,Yes,No,Yes,No,Month-to-month,Yes,Mailed check,110.45,5875.63,Yes,49m+
C02436,Female,1,Yes,No,57,Yes,Yes,DSL,Yes,Yes,No,No,No,No,One year,Yes,Bank transfer (automatic),105.57,6025.59,No,49m+
C02437,Female,0,No,No,28,Yes,No,Fiber optic,No,Yes,No,No,Yes,No,Month-to-month,Yes,Electronic check,111.23,3101.57,Yes,25-48m
C02438,Female,0,No,Yes,66,No,No phone service,Fiber optic,Yes,No,No,No,No,No,Two year,Yes,Mailed check,82.92,5524.76,No,49m+
C02439,Male,1,No,Yes,60,Yes,No,Fiber optic,No,No,No,No,Yes,No,Two year,No,Bank transfer (automatic),106.94,6309.86,Yes,49m+
C02440,Male,0,Yes,No,32,Yes,No,Fiber optic,No,Yes,No,No,No,No,Month-to-month,No,Bank transfer (automatic),99.53,3163.56,No,25-48m
C02441,Male,0,No,No,8,Yes,No,Fiber optic,No,No,No,No,No,Yes,Two year,Yes,Electronic check,97.51,798.05,Yes,7-12m
C02442,Female,0,No,No,3,Yes,No,No,No internet service,No internet service,No internet service,No internet service,No internet service,No internet service,Month-to-month,No,Electronic check,42.08,130.97,No,0-6m
C02443,Male,1,No,No,13,No,No phone service,DSL,No,No,No,Yes,No,No,Two year,Yes,Credit card (automatic),72.31,893.92,No,13-24m
C02444,Male,0,No,No,65,Yes,Yes,Fiber optic,No,No,Yes,No,Yes,No,Month-to-month,No,Bank transfer (automatic),123.99,8194.55,Yes,49m+
C02445,Male,0,No,No,69,Yes,Yes,Fiber optic,No,Yes,Yes,No,Yes,No,Month-to-month,Yes,Credit card (automatic),119.21,8526.36,No,49m+
C02446,Male,0,No,No,9,Yes,No,DSL,No,Yes,No,No,No,No,One year,No,Bank transfer (automatic),80.79,709.46,No,7-12m
C02447,Female,0,No,Yes,35,Yes,No,DSL,No,Yes,No,No,Yes,Yes,One year,No,Bank transfer (automatic),104.69,3706.08,No,25-48m
C02448,Male,0,No,Yes,40,Yes,No,Fiber optic,No,No,Yes,No,Yes,Yes,Month-to-month,No,Credit card (automatic),128.37,5103.71,Yes,25-48m
C02449,Female,1,No,No,70,Yes,Yes,DSL,No,Yes,Yes,No,No,No,Month-to-month,Yes,Bank transfer (automatic),109.0,7267.61,No,49m+
C02450,Female,0,Yes,No,25,Yes,No,Fiber optic,No,Yes,No,Yes,Yes,Yes,One year,Yes,Bank transfer (automatic),125.86,3252.8,Yes,25-48m
C02451,Female,0,No,No,22,Yes,No,DSL,Yes,Yes,Yes,No,No,No,One year,Yes,Electronic check,97.94,2166.96,Yes,13-24m
C02452,Female,0,Yes,Yes,67,No,No phone service,Fiber optic,No,No,No,Yes,No,Yes,Two year,Yes,Electronic check,93.14,6479.7,Yes,49m+
C02453,Female,0,No,No,39,Yes,No,No,No internet service,No internet service,No internet service,No internet service,No internet service,No internet service,Month-to-month,Yes,Bank transfer (automatic),40.69,1657.56,Yes,25-48m
C02454,Female,0,No,No,25,Yes,No,Fiber optic,No,No,Yes,No,No,Yes,Two year,Yes,Credit card (automatic),117.87,2964.3,No,25-48m
C02455,Female,1,No,No,21,Yes,No,DSL,No,No,No,No,No,Yes,Month-to-month,Yes,Credit card (automatic),88.14,1905.19,Yes,13-24m
C02456,Female,0,No,Yes,66,Yes,No,DSL,No,No,Yes,Yes,Yes,Yes,Two year,No,Credit card (automatic),115.2,7554.13,No,49m+
C02457,Female,0,Yes,No,47,Yes,No,Fiber optic,Yes,No,No,No,Yes,No,Month-to-month,No,Credit card (automatic),106.51,5228.78,No,25-48m
C02458,Female,0,No,No,39,Yes,No,DSL,No,No,Yes,No,Yes,Yes,Month-to-month,No,Mailed check,95.94,3874.94,Yes,25-48m
C02459,Female,0,No,No,16,Yes,Yes,DSL,No,Yes,No,Yes,No,No,Month-to-month,Yes,Electronic check,98.88,1597.95,Yes,13-24m
C02460,Female,1,No,Yes,64,Yes,Yes,DSL,Yes,No,No,No,Yes,No,Month-to-month,No,Mailed check,98.51,6503.3,Yes,49m+
C02461,Male,0,Yes,No,63,Yes,Yes,No,No internet service,No internet service,No internet service,No internet service,No internet service,No internet service,Two year,Yes,Bank transfer (automatic),47.1,3046.37,No,49m+
C02462,Male,0,No,No,26,Yes,No,Fiber optic,Yes,No,Yes,No,No,Yes,Month-to-month,No,Mailed check,125.9,3284.01,No,25-48m
C02463,Female,0,No,Yes,4,Yes,No,No,No internet service,No internet service,No internet service,No internet service,No internet service,No internet service,Month-to-month,Yes,Electronic check,39.56,163.68,No,0-6m
C02464,Female,0,Yes,No,39,Yes,No,DSL,Yes,No,No,No,No,No,Month-to-month,Yes,Bank transfer (automatic),91.98,3651.71,No,25-48m
C02465,Male,0,Yes,No,42,Yes,Yes,DSL,Yes,No,Yes,No,No,Yes,Month-to-month,No,Mailed check,110.62,4639.9,Yes,25-48m
C02466,Female,0,Yes,No,70,Yes,No,No,No internet service,No internet service,No internet service,No internet service,No internet service,No internet service,One year,No,Electronic check,41.35,3022.16,Yes,49m+
C02467,Male,0,No,Yes,69,Yes,No,DSL,No,Yes,Yes,Yes,No,No,Month-to-month,Yes,Credit card (automatic),103.94,6926.48,No,49m+
C02468,Female,0,Yes,Yes,35,Yes,Yes,No,No internet service,No internet service,No internet service,No internet service,No internet service,No internet service,One year,Yes,Electronic check,53.65,1875.88,No,25-48m
C02469,Female,0,Yes,No,4,Yes,Yes,DSL,No,No,No,No,No,Yes,Two year,Yes,Electronic check,95.92,375.59,Yes,0-6m
C02470,Female,1,No,Yes,47,Yes,Yes,DSL,No,No,No,No,No,No,Month-to-month,No,Credit card (automatic),92.59,4561.14,No,25-48m
C02471,Male,0,Yes,Yes,72,Yes,No,Fiber optic,No,No,Yes,No,Yes,Yes,Two year,No,Credit card (automatic),114.8,8519.79,No,49m+
C02472,Male,1,Yes,No,69,Yes,Yes,DSL,Yes,No,Yes,Yes,Yes,Yes,Month-to-month,Yes,Credit card (automatic),117.15,8304.71,No,49m+
C02473,Male,0,No,No,60,Yes,Yes,DSL,No,No,Yes,No,No,Yes,Month-to-month,No,Bank transfer (automatic),100.58,6224.18,No,49m+
C02474,Male,0,Yes,No,59,Yes,Yes,Fiber optic,No,Yes,No,No,No,No,Month-to-month,No,Bank transfer (automatic),115.45,6555.51,No,49m+
C02475,Male,0,No,No,39,Yes,No,DSL,No,Yes,Yes,No,No,No,Month-to-month,Yes,Electronic check,85.62,3230.49,Yes,25-48m
C02476,Male,0,No,No,20,Yes,No,Fiber optic,No,No,No,No,Yes,Yes,One year,Yes,Credit card (automatic),122.93,2403.64,Yes,13-24m
C02477,Male,0,Yes,No,69,Yes,Yes,Fiber optic,No,No,No,Yes,No,No,Month-to-month,Yes,Bank transfer (automatic),117.95,7750.26,Yes,49m+
C02478,Female,1,Yes,No,36,Yes,Yes,Fiber optic,No,No,No,No,No,No,One year,No,Mailed check,95.64,3473.79,Yes,25-48m
C02479,Female,0,No,Yes,10,Yes,No,No,No internet service,No internet service,No internet service,No internet service,No internet service,No internet service,Month-to-month,No,Mailed check,44.29,453.19,No,7-12m
C02480,Male,1,Yes,No,66,Yes,No,Fiber optic,No,Yes,No,No,No,No,Month-to-month,No,Electronic check,105.76,7176.45,Yes,49m+
C02481,Female,0,No,No,38,Yes,Yes,Fiber optic,No,Yes,No,No,No,Yes,One year,Yes,Bank transfer (automatic),111.72,4173.44,Yes,25-48m
C02482,Male,1,No,No,61,Yes,No,Fiber optic,No,No,No,No,No,No,Month-to-month,Yes,Electronic check,105.23,6729.62,No,49m+
C02483,Male,0,No,No,52,Yes,Yes,DSL,No,Yes,Yes,No,No,No,One year,Yes,Electronic check,100.29,5060.76,Yes,49m+
C02484,Male,1,Yes,No,59,Yes,Yes,Fiber optic,Yes,No,No,No,Yes,Yes,Two year,Yes,Electronic check,122.93,7264.84,Yes,49m+
C02485,Female,0,No,No,56,Yes,No,DSL,No,No,No,Yes,Yes,No,One year,No,Electronic check,95.43,5438.23,No,49m+
C02486,Female,0,Yes,No,68,Yes,No,DSL,No,Yes,Yes,Yes,Yes,Yes,Two year,Yes,Electronic check,127.8,8615.88,No,49m+
C02487,Female,1,No,No,48,Yes,No,Fiber optic,Yes,No,Yes,Yes,Yes,Yes,Month-to-month,No,Credit card (automatic),140.35,6821.72,No,25-48m
C02488,Male,0,Yes,No,44,Yes,No,DSL,No,Yes,No,No,Yes,Yes,Month-to-month,No,Electronic check,110.69,4863.07,Yes,25-48m
C02489,Male,1,No,Yes,34,Yes,No,DSL,No,Yes,Yes,No,No,No,Month-to-month,Yes,Mailed check,88.53,3043.79,Yes,25-48m
C02490,Male,0,Yes,No,25,Yes,Yes,Fiber optic,Yes,No,Yes,No,No,Yes,Two year,Yes,Electronic check,140.83,3646.91,No,25-48m
C02491,Male,0,No,Yes,3,Yes,No,Fiber optic,No,No,No,No,Yes,No,Month-to-month,No,Bank transfer (automatic),99.79,298.7,Yes,0-6m
C02492,Male,0,Yes,No,22,No,No phone service,No,No internet service,No internet service,No internet service,No internet service,No internet service,No internet service,Month-to-month,No,Credit card (automatic),25.85,552.44,No,13-24m
C02493,Female,0,Yes,Yes,7,Yes,No,Fiber optic,Yes,Yes,No,Yes,No,Yes,One year,No,Electronic check,143.52,1033.49,No,7-12m
C02494,Male,0,Yes,No,62,Yes,No,DSL,Yes,No,Yes,No,No,Yes,Month-to-month,Yes,Bank transfer (automatic),111.8,6811.31,No,49m+
C02495,Female,0,No,No,50,No,No phone service,Fiber optic,Yes,No,Yes,No,Yes,No,Month-to-month,No,Electronic check,105.18,5332.51,No,49m+
C02496,Female,0,Yes,No,7,Yes,No,Fiber optic,Yes,No,No,No,Yes,Yes,One year,Yes,Credit card (automatic),128.34,892.66,No,7-12m
C02497,Male,0,No,No,59,Yes,No,Fiber optic,Yes,No,Yes,No,Yes,No,Two year,No,Mailed check,115.81,7169.25,No,49m+
C02498,Male,0,Yes,No,9,Yes,Yes,Fiber optic,No,No,No,Yes,No,No,Month-to-month,No,Mailed check,112.09,1042.99,Yes,7-12m
C02499,Female,0,No,No,22,Yes,No,Fiber optic,No,No,Yes,No,No,Yes,One year,No,Credit card (automatic),122.73,2716.75,Yes,13-24m
C02500,Female,0,No,No,34,No,No phone service,DSL,No,No,No,Yes,Yes,Yes,Two year,No,Electronic check,83.7,2761.91,Yes,25-48m
C02501,Male,0,Yes,No,72,Yes,Yes,No,No internet service,No internet service,No internet service,No internet service,No internet service,No internet service,Two year,Yes,Electronic check,46.46,3211.94,No,49m+
C02502,Female,0,No,No,31,Yes,Yes,Fiber optic,Yes,No,No,No,Yes,No,One year,Yes,Electronic check,133.69,3939.45,No,25-48m
C02503,Male,0,Yes,No,10,No,No phone service,No,No internet service,No internet service,No internet service,No internet service,No internet service,No internet service,Month-to-month,Yes,Electronic check,24.39,255.63,No,7-12m
C02504,Female,0,No,No,20,Yes,Yes,Fiber optic,Yes,Yes,Yes,No,No,Yes,Month-to-month,Yes,Mailed check,146.64,2807.12,No,13-24m
C02505,Male,0,No,No,22,Yes,No,No,No internet service,No internet service,No internet service,No internet service,No internet service,No internet service,Month-to-month,No,Bank transfer (automatic),43.88,1009.73,Yes,13-24m
C02506,Male,0,No,No,5,Yes,No,Fiber optic,No,Yes,No,Yes,No,Yes,Month-to-month,Yes,Electronic check,115.52,595.47,Yes,0-6m
C02507,Male,0,Yes,No,62,Yes,No,Fiber optic,Yes,Yes,No,No,No,Yes,Month-to-month,Yes,Credit card (automatic),117.99,7301.43,No,49m+
C02508,Male,0,Yes,No,72,Yes,No,DSL,No,No,No,No,Yes,Yes,Two year,Yes,Electronic check,91.06,6734.25,No,49m+
C02509,Male,0,No,No,22,Yes,No,No,No internet service,No internet service,No internet service,No internet service,No internet service,No internet service,Month-to-month,No,Bank transfer (automatic),40.58,885.75,No,13-24m
C02510,Female,0,No,No,31,No,No phone service,Fiber optic,Yes,No,Yes,No,No,No,One year,No,Mailed check,97.86,3148.82,No,25-48m
C02511,Male,0,No,No,19,Yes,No,DSL,No,No,Yes,No,No,No,Two year,Yes,Bank transfer (automatic),87.87,1732.09,No,13-24m
C02512,Male,0,Yes,Yes,11,Yes,No,Fiber optic,No,No,Yes,No,No,No,Month-to-month,Yes,Mailed check,111.31,1175.67,No,7-12m
C02513,Female,0,No,Yes,56,No,No phone service,No,No internet service,No internet service,No internet service,No internet service,No internet service,No internet service,Month-to-month,Yes,Electronic check,25.64,1442.69,No,49m+
C02514,Male,0,No,No,18,Yes,Yes,DSL,Yes,Yes,No,Yes,No,Yes,One year,Yes,Electronic check,115.34,2033.75,No,13-24m
C02515,Female,1,Yes,No,31,Yes,Yes,DSL,Yes,No,No,Yes,No,Yes,Month-to-month,No,Electronic check,106.66,3441.96,Yes,25-48m
C02516,Female,0,No,No,22,Yes,Yes,DSL,No,Yes,No,Yes,No,No,Month-to-month,Yes,Bank transfer (automatic),102.57,2286.32,No,13-24m
C02517,Male,0,Yes,No,3,Yes,No,Fiber optic,No,No,Yes,No,No,No,Month-to-month,Yes,Credit card (automatic),105.18,320.63,Yes,0-6m
C02518,Female,0,No,No,46,No,No phone service,No,No internet service,No internet service,No internet service,No internet service,No internet service,No internet service,Two year,No,Credit card (automatic),26.53,1276.58,No,25-48m
C02519,Female,0,No,No,52,Yes,Yes,Fiber optic,No,No,No,Yes,No,No,Month-to-month,No,Mailed check,110.04,5929.84,No,49m+
C02520,Female,0,Yes,No,10,Yes,No,DSL,Yes,No,Yes,No,No,Yes,Month-to-month,Yes,Bank transfer (automatic),108.35,1088.56,Yes,7-12m
C02521,Female,0,Yes,No,15,No,No phone service,No,No internet service,No internet service,No internet service,No internet service,No internet service,No internet service,One year,No,Credit card (automatic),26.76,406.49,No,13-24m
C02522,Male,0,No,No,45,Yes,No,Fiber optic,No,Yes,No,No,No,No,Two year,Yes,Electronic check,101.89,4639.76,Yes,25-48m
C02523,Female,0,No,Yes,28,No,No phone service,Fiber optic,Yes,No,Yes,No,Yes,No,Two year,Yes,Electronic check,101.21,2859.37,Yes,25-48m
C02524,Female,0,Yes,No,18,Yes,Yes,Fiber optic,Yes,No,No,No,No,No,One year,Yes,Credit card (automatic),116.42,2118.74,No,13-24m
C02525,Female,1,No,No,57,No,No phone service,DSL,Yes,No,Yes,Yes,No,No,Month-to-month,Yes,Credit card (automatic),90.0,5228.29,No,49m+
C02526,Female,0,Yes,Yes,19,Yes,Yes,Fiber optic,Yes,Yes,Yes,No,Yes,No,One year,Yes,Mailed check,145.68,2631.8,Yes,13-24m
C02527,Female,1,No,Yes,68,Yes,Yes,Fiber optic,No,No,No,No,Yes,Yes,One year,No,Mailed check,120.65,8297.04,No,49m+
C02528,Female,0,Yes,No,56,No,No phone service,Fiber optic,No,No,No,Yes,Yes,No,Month-to-month,Yes,Electronic check,98.13,5731.14,Yes,49m+
C02529,Male,0,No,No,72,Yes,Yes,DSL,Yes,Yes,Yes,No,Yes,Yes,Two year,No,Credit card (automatic),138.88,9562.8,No,49m+
C02530,Male,0,No,No,14,No,No phone service,DSL,No,No,No,No,Yes,No,One year,Yes,Electronic check,65.52,900.7,Yes,13-24m
C02531,Male,0,Yes,No,9,Yes,No,Fiber optic,No,No,Yes,Yes,No,Yes,Month-to-month,No,Credit card (automatic),125.41,1172.14,Yes,7-12m
C02532,Female,0,No,No,2,Yes,No,No,No internet service,No internet service,No internet service,No internet service,No internet service,No internet service,Month-to-month,Yes,Mailed check,37.14,73.66,Yes,0-6m
C02533,Female,0,Yes,No,23,Yes,No,No,No internet service,No internet service,No internet service,No internet service,No internet service,No internet service,Month-to-month,Yes,Bank transfer (automatic),39.33,902.46,No,13-24m
C02534,Female,0,No,Yes,46,Yes,No,No,No internet service,No internet service,No internet service,No internet service,No internet service,No internet service,Month-to-month,Yes,Electronic check,39.7,1742.99,Yes,25-48m
C02535,Male,0,Yes,No,29,No,No phone service,Fiber optic,No,No,No,Yes,No,No,One year,Yes,Credit card (automatic),86.13,2531.28,No,25-48m
C02536,Male,0,No,No,58,Yes,Yes,Fiber optic,No,No,No,No,No,No,Month-to-month,Yes,Credit card (automatic),99.08,5980.48,Yes,49m+
C02537,Male,0,No,No,9,Yes,No,Fiber optic,No,Yes,No,Yes,No,Yes,One year,Yes,Electronic check,131.34,1129.05,No,7-12m
C02538,Male,0,No,No,18,Yes,Yes,DSL,No,No,Yes,Yes,Yes,No,One year,No,Mailed check,118.3,2030.15,No,13-24m
C02539,Female,1,Yes,No,63,Yes,No,No,No internet service,No internet service,No internet service,No internet service,No internet service,No internet service,Month-to-month,No,Bank transfer (automatic),43.61,2864.55,Yes,49m+
C02540,Male,0,No,No,38,Yes,No,Fiber optic,No,No,Yes,No,No,No,Two year,No,Mailed check,96.03,3817.8,Yes,25-48m
C02541,Female,0,No,Yes,64,Yes,No,Fiber optic,No,No,No,Yes,Yes,No,One year,Yes,Bank transfer (automatic),108.52,7279.85,Yes,49m+
C02542,Male,0,Yes,Yes,48,No,No phone service,DSL,No,Yes,Yes,No,No,No,Two year,No,Bank transfer (automatic),72.28,3475.86,No,25-48m
C02543,Female,1,No,No,43,Yes,No,DSL,No,No,No,No,Yes,No,One year,Yes,Electronic check,89.14,3889.14,Yes,25-48m
C02544,Male,0,Yes,No,29,Yes,Yes,Fiber optic,Yes,Yes,No,No,Yes,Yes,Two year,Yes,Electronic check,136.87,3859.07,No,25-48m
C02545,Female,0,No,Yes,1,Yes,No,DSL,No,No,No,Yes,Yes,Yes,Month-to-month,No,Electronic check,109.53,107.85,No,0-6m
C02546,Female,0,Yes,No,71,Yes,Yes,Fiber optic,No,Yes,No,Yes,No,No,Month-to-month,No,Credit card (automatic),123.4,9007.89,Yes,49m+
C02547,Male,0,No,No,29,Yes,No,DSL,No,Yes,No,No,No,No,Month-to-month,Yes,Mailed check,91.83,2633.96,No,25-48m
C02548,Female,0,No,No,13,Yes,No,No,No internet service,No internet service,No internet service,No internet service,No internet service,No internet service,Month-to-month,No,Bank transfer (automatic),41.62,516.11,No,13-24m
C02549,Female,1,No,No,63,Yes,No,No,No internet service,No internet service,No internet service,No internet service,No internet service,No internet service,Two year,No,Credit card (automatic),38.72,2348.54,No,49m+
C02550,Male,0,No,Yes,23,Yes,Yes,DSL,No,No,No,No,Yes,No,Two year,No,Electronic check,101.34,2439.06,Yes,13-24m
C02551,Male,0,Yes,No,48,No,No phone service,Fiber optic,No,No,No,No,No,No,Month-to-month,Yes,Mailed check,85.63,4110.81,Yes,25-48m
C02552,Male,0,No,No,54,Yes,No,No,No internet service,No internet service,No internet service,No internet service,No internet service,No internet service,One year,No,Credit card (automatic),38.15,2093.94,Yes,49m+
C02553,Female,0,Yes,Yes,8,Yes,Yes,Fiber optic,Yes,Yes,No,No,No,Yes,One year,No,Mailed check,128.51,992.71,No,7-12m
C02554,Male,0,Yes,No,55,Yes,No,No,No internet service,No internet service,No internet service,No internet service,No internet service,No internet service,Month-to-month,Yes,Credit card (automatic),42.47,2253.88,No,49m+
C02555,Female,0,Yes,Yes,58,No,No phone service,DSL,Yes,Yes,No,Yes,No,Yes,One year,No,Electronic check,89.73,5097.71,No,49m+
C02556,Male,0,Yes,No,59,Yes,Yes,DSL,Yes,Yes,No,No,No,Yes,Month-to-month,No,Credit card (automatic),100.96,6201.1,Yes,49m+
C02557,Male,0,No,No,41,Yes,Yes,No,No internet service,No internet service,No internet service,No internet service,No internet service,No internet service,Two year,No,Bank transfer (automatic),47.25,1938.29,No,25-48m
C02558,Male,1,No,No,59,Yes,Yes,Fiber optic,Yes,No,No,Yes,No,Yes,Two year,Yes,Bank transfer (automatic),123.91,7353.64,Yes,49m+
C02559,Female,0,Yes,No,14,Yes,Yes,No,No internet service,No internet service,No internet service,No internet service,No internet service,No internet service,One year,Yes,Electronic check,48.9,684.86,No,13-24m
C02560,Female,0,Yes,No,37,Yes,No,No,No internet service,No internet service,No internet service,No internet service,No internet service,No internet service,Month-to-month,Yes,Credit card (automatic),44.27,1558.47,No,25-48m
C02561,Male,0,No,No,4,Yes,Yes,DSL,No,No,Yes,No,No,Yes,Two year,Yes,Credit card (automatic),108.3,411.94,Yes,0-6m
C02562,Male,0,Yes,No,36,Yes,Yes,DSL,No,No,No,Yes,Yes,Yes,One year,Yes,Credit card (automatic),106.68,4005.68,No,25-48m
C02563,Male,0,No,No,11,No,No phone service,Fiber optic,No,No,No,No,Yes,No,Month-to-month,Yes,Electronic check,88.43,983.81,Yes,7-12m
C02564,Male,1,Yes,Yes,16,Yes,Yes,DSL,No,Yes,No,Yes,No,No,One year,No,Electronic check,99.87,1546.9,No,13-24m
C02565,Female,0,No,Yes,68,Yes,No,Fiber optic,Yes,Yes,No,No,No,No,Month-to-month,No,Electronic check,114.61,7836.42,No,49m+
C02566,Male,0,Yes,Yes,51,Yes,No,Fiber optic,Yes,Yes,Yes,No,No,No,Two year,Yes,Credit card (automatic),122.23,6156.93,No,49m+
C02567,Male,1,Yes,No,59,Yes,No,Fiber optic,Yes,Yes,No,No,No,No,One year,Yes,Electronic check,111.99,6736.59,Yes,49m+
C02568,Male,0,Yes,No,37,No,No phone service,Fiber optic,No,No,Yes,No,No,No,Two year,No,Electronic check,92.6,3478.05,No,25-48m
C02569,Male,0,Yes,No,69,Yes,No,Fiber optic,No,No,No,Yes,No,No,Two year,No,Mailed check,105.6,7101.29,No,49m+
C02570,Female,1,No,No,28,Yes,No,DSL,No,No,No,No,No,No,One year,Yes,Mailed check,81.14,2340.6,No,25-48m
C02571,Female,0,No,No,59,Yes,Yes,Fiber optic,No,Yes,No,Yes,Yes,No,One year,Yes,Electronic check,126.4,7310.47,Yes,49m+
C02572,Female,0,Yes,No,5,Yes,Yes,DSL,Yes,No,Yes,No,Yes,No,Two year,No,Mailed check,101.95,510.93,No,0-6m
C02573,Female,0,Yes,No,10,Yes,Yes,Fiber optic,Yes,No,No,No,No,No,Month-to-month,No,Bank transfer (automatic),105.58,1003.69,No,7-12m
C02574,Female,0,No,Yes,13,Yes,No,DSL,Yes,No,No,No,No,No,Month-to-month,No,Mailed check,78.71,1000.16,No,13-24m
C02575,Female,0,No,No,13,Yes,Yes,Fiber optic,No,Yes,Yes,Yes,Yes,Yes,Month-to-month,Yes,Bank transfer (automatic),136.79,1789.19,Yes,13-24m
C02576,Female,0,No,Yes,29,Yes,Yes,Fiber optic,Yes,No,No,Yes,Yes,No,One year,Yes,Credit card (automatic),124.76,3439.12,No,25-48m
C02577,Female,0,No,No,25,Yes,Yes,DSL,No,Yes,No,No,Yes,No,Two year,Yes,Credit card (automatic),110.75,2676.29,Yes,25-48m
C02578,Female,0,No,No,20,Yes,No,DSL,No,No,Yes,No,Yes,Yes,One year,Yes,Credit card (automatic),95.02,1891.64,Yes,13-24m
C02579,Female,0,Yes,Yes,8,Yes,No,Fiber optic,No,Yes,No,No,No,No,Month-to-month,Yes,Mailed check,103.85,841.94,Yes,7-12m
C02580,Female,0,Yes,No,46,Yes,No,DSL,No,No,Yes,Yes,No,No,Month-to-month,No,Bank transfer (automatic),87.92,4147.78,No,25-48m
C02581,Male,0,No,Yes,18,Yes,Yes,DSL,Yes,No,Yes,No,Yes,No,One year,Yes,Credit card (automatic),115.45,2102.2,No,13-24m
C02582,Female,0,No,No,19,No,No phone service,Fiber optic,No,No,Yes,Yes,Yes,Yes,Month-to-month,No,Credit card (automatic),128.93,2435.19,Yes,13-24m
C02583,Female,0,Yes,No,12,Yes,Yes,Fiber optic,Yes,No,No,No,No,No,Two year,Yes,Bank transfer (automatic),111.68,1369.27,Yes,7-12m
C02584,Male,0,No,Yes,26,Yes,Yes,No,No internet service,No internet service,No internet service,No internet service,No internet service,No internet service,Month-to-month,No,Credit card (automatic),51.68,1378.67,No,25-48m
C02585,Female,0,Yes,Yes,65,Yes,Yes,Fiber optic,Yes,No,No,No,Yes,Yes,Month-to-month,No,Electronic check,121.67,7723.19,Yes,49m+
C02586,Male,0,No,No,43,Yes,No,Fiber optic,Yes,No,No,No,Yes,No,Month-to-month,Yes,Credit card (automatic),114.39,4922.64,No,25-48m
C02587,Female,0,Yes,Yes,62,Yes,No,Fiber optic,Yes,No,Yes,No,No,No,Month-to-month,Yes,Mailed check,120.16,7468.1,No,49m+
C02588,Female,0,Yes,No,36,Yes,No,No,No internet service,No internet service,No internet service,No internet service,No internet service,No internet service,Month-to-month,Yes,Electronic check,37.54,1288.12,No,25-48m
C02589,Male,1,No,No,44,Yes,No,DSL,No,No,Yes,Yes,Yes,Yes,Month-to-month,Yes,Credit card (automatic),121.22,5571.57,Yes,25-48m
C02590,Male,0,No,Yes,13,Yes,Yes,DSL,Yes,No,Yes,Yes,Yes,No,Month-to-month,No,Mailed check,112.3,1465.18,No,13-24m
C02591,Female,0,No,No,33,Yes,Yes,DSL,No,No,Yes,Yes,No,No,One year,No,Mailed check,106.64,3590.51,No,25-48m
C02592,Male,0,No,No,15,Yes,No,Fiber optic,No,No,No,Yes,No,No,Month-to-month,Yes,Electronic check,95.88,1390.68,Yes,13-24m
C02593,Male,1,No,No,15,Yes,No,No,No internet service,No internet service,No internet service,No internet service,No internet service,No internet service,One year,Yes,Mailed check,36.89,541.21,No,13-24m
C02594,Male,0,Yes,No,20,Yes,Yes,Fiber optic,Yes,No,Yes,No,Yes,Yes,Month-to-month,No,Bank transfer (automatic),129.18,2465.65,No,13-24m
C02595,Female,0,No,No,53,Yes,No,No,No internet service,No internet service,No internet service,No internet service,No internet service,No internet service,Month-to-month,Yes,Bank transfer (automatic),41.06,2215.71,Yes,49m+
C02596,Male,0,No,No,4,Yes,Yes,DSL,Yes,Yes,Yes,No,No,Yes,One year,Yes,Electronic check,123.88,475.01,Yes,0-6m
C02597,Female,0,Yes,No,9,Yes,No,Fiber optic,No,No,No,No,No,Yes,Month-to-month,Yes,Electronic check,103.81,890.27,Yes,7-12m
C02598,Male,1,Yes,Yes,62,Yes,No,Fiber optic,No,No,No,Yes,No,No,Month-to-month,Yes,Mailed check,103.75,6683.88,No,49m+
C02599,Female,0,No,No,5,No,No phone service,No,No internet service,No internet service,No internet service,No internet service,No internet service,No internet service,One year,Yes,Electronic check,23.22,112.98,No,0-6m
C02600,Female,0,Yes,No,64,Yes,No,DSL,No,No,Yes,No,No,Yes,Month-to-month,No,Bank transfer (automatic),89.92,6008.38,No,49m+
C02601,Female,1,No,Yes,17,Yes,No,DSL,Yes,Yes,Yes,Yes,No,No,Month-to-month,No,Bank transfer (automatic),104.35,1725.59,Yes,13-24m
C02602,Male,0,Yes,Yes,1,No,No phone service,Fiber optic,No,No,Yes,No,Yes,Yes,Two year,No,Electronic check,100.18,98.75,No,0-6m
C02603,Female,0,No,Yes,1,Yes,Yes,Fiber optic,No,No,Yes,No,Yes,No,Month-to-month,Yes,Bank transfer (automatic),123.23,119.58,No,0-6m
C02604,Female,0,Yes,No,14,Yes,No,Fiber optic,Yes,No,No,No,No,Yes,One year,No,Bank transfer (automatic),124.14,1691.62,No,13-24m
C02605,Female,0,No,No,46,Yes,No,DSL,Yes,Yes,No,No,Yes,No,Two year,Yes,Bank transfer (automatic),105.54,5060.89,No,25-48m
C02606,Female,0,Yes,No,36,Yes,Yes,DSL,Yes,Yes,No,No,Yes,Yes,Two year,No,Credit card (automatic),112.9,4186.64,No,25-48m
C02607,Female,0,Yes,Yes,44,No,No phone service,Fiber optic,No,No,No,No,Yes,No,Two year,Yes,Mailed check,97.03,4339.94,No,25-48m
C02608,Female,0,Yes,No,50,Yes,Yes,Fiber optic,No,No,Yes,No,Yes,No,Month-to-month,No,Bank transfer (automatic),121.72,5902.64,Yes,49m+
C02609,Male,1,No,Yes,64,Yes,Yes,No,No internet service,No internet service,No internet service,No internet service,No internet service,No internet service,Month-to-month,No,Credit card (automatic),46.19,3040.69,No,49m+
C02610,Male,0,No,Yes,64,Yes,Yes,DSL,No,Yes,No,Yes,Yes,No,One year,Yes,Mailed check,102.92,6744.07,No,49m+
C02611,Female,1,Yes,Yes,34,Yes,No,Fiber optic,Yes,No,No,No,No,No,Month-to-month,Yes,Bank transfer (automatic),96.52,3190.58,Yes,25-48m
C02612,Male,1,No,No,43,Yes,No,Fiber optic,No,No,No,No,No,No,Month-to-month,No,Electronic check,87.84,3723.78,No,25-48m
C02613,Female,1,No,No,1,Yes,No,DSL,No,No,Yes,No,No,No,Two year,Yes,Credit card (automatic),77.07,78.62,Yes,0-6m
C02614,Male,1,Yes,No,68,Yes,No,DSL,No,No,No,No,No,No,Two year,No,Mailed check,80.14,5720.96,No,49m+
C02615,Male,0,No,No,53,No,No phone service,Fiber optic,No,Yes,Yes,No,No,Yes,One year,Yes,Credit card (automatic),116.63,6239.21,No,49m+
C02616,Female,0,Yes,Yes,12,No,No phone service,DSL,Yes,Yes,No,No,No,Yes,Month-to-month,Yes,Mailed check,89.65,1051.12,Yes,7-12m
C02617,Female,1,Yes,No,24,Yes,Yes,No,No internet service,No internet service,No internet service,No internet service,No internet service,No internet service,Month-to-month,Yes,Mailed check,52.38,1293.41,No,13-24m
C02618,Female,0,Yes,Yes,29,Yes,No,DSL,No,No,Yes,No,No,No,Two year,Yes,Mailed check,91.09,2606.26,Yes,25-48m
C02619,Male,0,Yes,No,32,Yes,No,DSL,Yes,Yes,No,No,No,Yes,Two year,Yes,Electronic check,110.08,3432.53,No,25-48m
C02620,Female,0,No,Yes,24,Yes,No,DSL,No,No,No,Yes,No,No,Month-to-month,Yes,Credit card (automatic),84.1,2043.56,Yes,13-24m
C02621,Female,0,No,Yes,37,Yes,Yes,Fiber optic,No,Yes,Yes,No,Yes,No,Month-to-month,No,Electronic check,136.12,4947.7,Yes,25-48m
C02622,Female,0,Yes,Yes,20,Yes,No,No,No internet service,No internet service,No internet service,No internet service,No internet service,No internet service,One year,Yes,Bank transfer (automatic),37.35,754.48,No,13-24m
C02623,Female,0,No,No,16,Yes,No,DSL,No,No,No,No,Yes,Yes,Month-to-month,No,Credit card (automatic),89.93,1417.84,Yes,13-24m
C02624,Male,0,Yes,No,52,Yes,Yes,Fiber optic,No,Yes,No,No,No,Yes,Month-to-month,No,Electronic check,128.39,6569.92,No,49m+
C02625,Male,0,No,No,12,Yes,Yes,DSL,No,No,Yes,No,No,Yes,Month-to-month,Yes,Credit card (automatic),110.88,1300.63,No,7-12m
C02626,Male,0,No,Yes,51,Yes,No,DSL,No,No,No,No,No,No,Month-to-month,No,Bank transfer (automatic),76.94,3865.21,Yes,49m+
C02627,Female,0,Yes,Yes,44,Yes,Yes,Fiber optic,No,No,No,No,Yes,Yes,One year,No,Mailed check,126.22,5604.34,No,25-48m
C02628,Female,0,No,No,11,Yes,No,DSL,No,No,No,Yes,Yes,Yes,One year,Yes,Bank transfer (automatic),109.63,1214.72,No,7-12m
C02629,Male,1,Yes,No,41,Yes,No,Fiber optic,Yes,No,Yes,Yes,No,No,Month-to-month,Yes,Credit card (automatic),117.55,5042.41,Yes,25-48m
C02630,Male,0,No,No,57,Yes,Yes,No,No internet service,No internet service,No internet service,No internet service,No internet service,No internet service,Two year,Yes,Bank transfer (automatic),53.69,3032.71,Yes,49m+
C02631,Female,0,No,No,68,Yes,No,Fiber optic,Yes,No,Yes,No,No,No,One year,Yes,Bank transfer (automatic),113.16,7894.64,No,49m+
C02632,Female,0,Yes,No,41,No,No phone service,No,No internet service,No internet service,No internet service,No internet service,No internet service,No internet service,Month-to-month,No,Mailed check,23.62,1005.67,No,25-48m
C02633,Male,0,No,No,59,Yes,No,DSL,Yes,No,Yes,No,No,No,Month-to-month,No,Bank transfer (automatic),95.42,5698.03,No,49m+
C02634,Male,0,Yes,No,53,Yes,Yes,DSL,No,Yes,No,No,No,Yes,Month-to-month,No,Bank transfer (automatic),107.8,5793.68,Yes,49m+
C02635,Female,1,Yes,No,6,Yes,Yes,Fiber optic,Yes,No,No,Yes,No,Yes,Month-to-month,No,Bank transfer (automatic),140.22,877.61,No,0-6m
C02636,Female,0,Yes,No,14,Yes,No,Fiber optic,No,No,No,No,Yes,No,One year,No,Electronic check,112.92,1567.91,No,13-24m
C02637,Female,0,Yes,No,1,Yes,No,Fiber optic,No,No,Yes,No,Yes,No,Month-to-month,No,Mailed check,124.79,120.69,Yes,0-6m
C02638,Female,0,No,No,31,Yes,No,No,No internet service,No internet service,No internet service,No internet service,No internet service,No internet service,Month-to-month,Yes,Mailed check,41.45,1253.16,No,25-48m
C02639,Female,0,Yes,No,3,Yes,Yes,DSL,No,No,Yes,No,No,Yes,One year,Yes,Bank transfer (automatic),97.59,287.38,No,0-6m
C02640,Male,0,No,Yes,57,Yes,Yes,DSL,No,Yes,Yes,No,No,No,Month-to-month,Yes,Electronic check,109.6,6032.88,Yes,49m+
C02641,Male,0,No,Yes,24,Yes,Yes,No,No internet service,No internet service,No internet service,No internet service,No internet service,No internet service,Month-to-month,Yes,Credit card (automatic),50.47,1209.84,No,13-24m
C02642,Male,0,No,Yes,16,Yes,No,DSL,No,No,No,Yes,No,Yes,Month-to-month,No,Electronic check,99.81,1592.13,No,13-24m
C02643,Female,0,No,No,49,Yes,No,DSL,Yes,No,Yes,Yes,No,Yes,Month-to-month,Yes,Mailed check,106.96,5224.68,No,49m+
C02644,Female,0,No,No,51,Yes,Yes,DSL,Yes,No,No,No,Yes,Yes,Two year,No,Credit card (automatic),109.44,5616.47,No,49m+
C02645,Female,0,No,No,8,Yes,Yes,Fiber optic,No,Yes,Yes,No,No,No,Two year,Yes,Bank transfer (automatic),116.83,943.95,Yes,7-12m
C02646,Female,0,No,No,57,Yes,Yes,No,No internet service,No internet service,No internet service,No internet service,No internet service,No internet service,Two year,No,Bank transfer (automatic),46.49,2577.6,No,49m+
C02647,Female,1,No,No,53,Yes,Yes,No,No internet service,No internet service,No internet service,No internet service,No internet service,No internet service,One year,Yes,Credit card (automatic),47.51,2467.24,No,49m+
C02648,Female,0,No,No,34,Yes,Yes,DSL,No,No,No,No,No,No,Month-to-month,Yes,Electronic check,85.69,2816.39,Yes,25-48m
C02649,Male,1,No,No,13,Yes,Yes,DSL,No,Yes,No,Yes,No,Yes,Month-to-month,No,Electronic check,112.17,1394.44,Yes,13-24m
C02650,Male,0,Yes,No,20,Yes,Yes,DSL,No,No,Yes,No,Yes,Yes,Month-to-month,No,Credit card (automatic),118.36,2314.51,Yes,13-24m
C02651,Female,0,Yes,Yes,61,Yes,No,Fiber optic,Yes,No,No,Yes,Yes,No,Month-to-month,No,Electronic check,124.42,7346.44,No,49m+
C02652,Female,0,No,No,52,Yes,No,Fiber optic,No,No,No,No,No,No,Month-to-month,Yes,Mailed check,97.2,5220.03,Yes,49m+
C02653,Female,0,No,No,5,Yes,No,DSL,No,Yes,No,No,Yes,No,Month-to-month,Yes,Bank transfer (automatic),94.88,465.08,Yes,0-6m
C02654,Female,0,No,No,44,Yes,No,Fiber optic,No,No,No,No,No,Yes,Month-to-month,Yes,Electronic check,101.98,4704.5,No,25-48m
C02655,Female,0,No,Yes,41,Yes,Yes,Fiber optic,No,Yes,Yes,No,No,No,One year,No,Bank transfer (automatic),119.2,4810.54,No,25-48m
C02656,Female,0,No,No,70,Yes,No,No,No internet service,No internet service,No internet service,No internet service,No internet service,No internet service,Two year,Yes,Mailed check,41.56,3021.43,No,49m+
C02657,Male,1,Yes,No,23,Yes,No,No,No internet service,No internet service,No internet service,No internet service,No internet service,No internet service,Month-to-month,Yes,Mailed check,43.63,1037.22,Yes,13-24m
C02658,Female,0,Yes,Yes,47,Yes,Yes,Fiber optic,Yes,No,No,No,No,Yes,Two year,No,Credit card (automatic),115.03,5145.68,No,25-48m
C02659,Male,0,Yes,No,59,Yes,No,No,No internet service,No internet service,No internet service,No internet service,No internet service,No internet service,Two year,Yes,Mailed check,39.78,2455.99,No,49m+
C02660,Male,0,Yes,No,26,Yes,No,Fiber optic,No,Yes,No,Yes,No,No,One year,Yes,Credit card (automatic),109.77,2876.07,No,25-48m
C02661,Female,0,No,Yes,44,Yes,No,Fiber optic,Yes,Yes,No,No,Yes,Yes,Two year,Yes,Mailed check,132.61,5782.82,No,25-48m
C02662,Female,0,Yes,No,23,Yes,Yes,Fiber optic,No,No,No,No,Yes,Yes,Month-to-month,Yes,Credit card (automatic),132.5,3018.51,Yes,13-24m
C02663,Female,0,Yes,No,41,Yes,No,No,No internet service,No internet service,No internet service,No internet service,No internet service,No internet service,Month-to-month,No,Bank transfer (automatic),43.46,1752.45,No,25-48m
C02664,Female,0,Yes,No,17,Yes,No,Fiber optic,No,No,No,No,Yes,No,Month-to-month,Yes,Bank transfer (automatic),103.38,1729.07,Yes,13-24m
C02665,Female,0,Yes,No,19,Yes,No,No,No internet service,No internet service,No internet service,No internet service,No internet service,No internet service,One year,Yes,Electronic check,38.66,714.09,No,13-24m
C02666,Female,1,No,No,58,Yes,No,DSL,Yes,Yes,No,No,Yes,Yes,Two year,Yes,Electronic check,112.93,6246.56,No,49m+
C02667,Male,0,Yes,No,24,Yes,Yes,Fiber optic,No,Yes,Yes,No,No,Yes,Two year,Yes,Mailed check,129.22,3163.52,No,13-24m
C02668,Male,0,Yes,Yes,23,Yes,Yes,Fiber optic,Yes,Yes,No,No,Yes,No,Two year,No,Mailed check,126.93,2844.12,Yes,13-24m
C02669,Male,0,No,Yes,2,Yes,Yes,Fiber optic,No,No,Yes,Yes,Yes,No,Month-to-month,Yes,Electronic check,127.38,259.52,Yes,0-6m
C02670,Female,0,No,Yes,36,Yes,No,Fiber optic,Yes,No,Yes,No,Yes,Yes,Month-to-month,No,Credit card (automatic),129.6,4455.23,No,25-48m
C02671,Female,0,No,Yes,65,Yes,Yes,Fiber optic,No,No,No,Yes,No,Yes,Two year,Yes,Electronic check,132.79,8818.57,No,49m+
C02672,Male,0,No,No,4,Yes,Yes,Fiber optic,No,Yes,Yes,Yes,Yes,No,One year,Yes,Credit card (automatic),129.75,512.47,Yes,0-6m
C02673,Female,0,Yes,No,45,Yes,Yes,Fiber optic,No,No,Yes,Yes,Yes,No,Month-to-month,Yes,Credit card (automatic),121.25,5549.01,Yes,25-48m
C02674,Male,0,Yes,Yes,28,No,No phone service,No,No internet service,No internet service,No internet service,No internet service,No internet service,No internet service,One year,Yes,Bank transfer (automatic),23.63,650.65,Yes,25-48m
C02675,Female,1,No,No,10,Yes,No,No,No internet service,No internet service,No internet service,No internet service,No internet service,No internet service,One year,Yes,Credit card (automatic),42.45,408.46,No,7-12m
C02676,Female,0,Yes,No,36,No,No phone service,No,No internet service,No internet service,No internet service,No internet service,No internet service,No internet service,One year,No,Bank transfer (automatic),27.05,1011.39,No,25-48m
C02677,Male,0,No,No,45,Yes,No,DSL,No,No,No,No,Yes,Yes,Month-to-month,Yes,Electronic check,105.75,4952.26,Yes,25-48m
C02678,Female,0,Yes,Yes,16,Yes,Yes,DSL,No,Yes,No,No,No,No,Month-to-month,Yes,Electronic check,91.31,1450.72,No,13-24m
C02679,Female,1,Yes,Yes,63,No,No phone service,DSL,No,Yes,Yes,Yes,No,No,Month-to-month,Yes,Electronic check,81.59,5356.85,Yes,49m+
C02680,Male,0,Yes,No,65,Yes,No,Fiber optic,Yes,Yes,No,Yes,No,No,Two year,Yes,Credit card (automatic),117.46,7637.24,Yes,49m+
C02681,Female,0,No,No,59,Yes,Yes,No,No internet service,No internet service,No internet service,No internet service,No internet service,No internet service,Month-to-month,No,Mailed check,52.01,3057.87,No,49m+
C02682,Female,0,Yes,No,45,Yes,No,DSL,Yes,No,No,No,No,Yes,Month-to-month,Yes,Electronic check,91.66,4205.96,Yes,25-48m
C02683,Male,0,Yes,Yes,63,Yes,No,Fiber optic,No,No,Yes,No,Yes,Yes,Two year,Yes,Bank transfer (automatic),133.55,8264.04,No,49m+
C02684,Male,0,Yes,No,52,Yes,No,DSL,No,No,No,No,Yes,Yes,Month-to-month,Yes,Mailed check,97.79,4869.89,No,49m+
C02685,Male,1,Yes,No,70,Yes,Yes,Fiber optic,No,No,Yes,No,No,Yes,One year,Yes,Credit card (automatic),118.29,8021.83,Yes,49m+
C02686,Male,1,No,Yes,7,Yes,No,DSL,Yes,Yes,Yes,No,Yes,Yes,Month-to-month,Yes,Bank transfer (automatic),131.53,898.04,Yes,7-12m
C02687,Female,0,No,No,46,Yes,Yes,DSL,Yes,Yes,Yes,No,Yes,Yes,One year,Yes,Mailed check,128.92,6073.86,No,25-48m
C02688,Male,0,No,Yes,59,Yes,Yes,Fiber optic,No,Yes,No,No,Yes,Yes,Month-to-month,Yes,Electronic check,145.99,8636.74,No,49m+
C02689,Male,1,No,No,52,Yes,No,Fiber optic,Yes,No,No,Yes,Yes,No,One year,Yes,Mailed check,130.15,6715.18,No,49m+
C02690,Male,0,Yes,No,45,Yes,No,No,No internet service,No internet service,No internet service,No internet service,No internet service,No internet service,Month-to-month,No,Bank transfer (automatic),38.37,1767.49,Yes,25-48m
C02691,Male,1,No,Yes,35,Yes,No,No,No internet service,No internet service,No internet service,No internet service,No internet service,No internet service,One year,No,Bank transfer (automatic),41.71,1505.51,Yes,25-48m
C02692,Male,0,Yes,No,50,No,No phone service,No,No internet service,No internet service,No internet service,No internet service,No internet service,No internet service,Month-to-month,Yes,Electronic check,25.05,1210.4,No,49m+
C02693,Female,0,Yes,No,56,Yes,No,Fiber optic,No,No,No,Yes,No,Yes,Month-to-month,No,Electronic check,113.94,6243.23,Yes,49m+
C02694,Male,0,No,Yes,61,No,No phone service,No,No internet service,No internet service,No internet service,No internet service,No internet service,No internet service,Month-to-month,Yes,Electronic check,27.52,1693.3,No,49m+
C02695,Female,1,No,No,37,Yes,No,Fiber optic,No,No,No,No,No,Yes,Two year,Yes,Credit card (automatic),102.93,3676.15,No,25-48m
C02696,Male,1,Yes,No,12,Yes,Yes,No,No internet service,No internet service,No internet service,No internet service,No internet service,No internet service,Month-to-month,No,Credit card (automatic),44.95,536.44,Yes,7-12m
C02697,Male,0,Yes,No,30,Yes,No,No,No internet service,No internet service,No internet service,No internet service,No internet service,No internet service,One year,Yes,Credit card (automatic),37.54,1092.42,No,25-48m
C02698,Female,0,Yes,No,60,Yes,Yes,Fiber optic,No,Yes,Yes,No,No,Yes,Month-to-month,Yes,Bank transfer (automatic),127.13,7407.51,Yes,49m+
C02699,Female,0,Yes,Yes,35,Yes,No,Fiber optic,No,Yes,No,Yes,Yes,No,Month-to-month,No,Credit card (automatic),135.78,4811.09,Yes,25-48m
C02700,Female,0,Yes,No,44,Yes,Yes,DSL,No,No,Yes,Yes,No,Yes,Month-to-month,Yes,Electronic check,113.33,5195.23,No,25-48m
C02701,Female,0,No,Yes,58,Yes,Yes,No,No internet service,No internet service,No internet service,No internet service,No internet service,No internet service,One year,Yes,Mailed check,52.27,3161.29,No,49m+
C02702,Male,0,Yes,Yes,27,Yes,Yes,Fiber optic,No,No,No,Yes,Yes,No,Month-to-month,Yes,Electronic check,117.68,3097.03,Yes,25-48m
C02703,Female,0,Yes,Yes,56,Yes,Yes,DSL,No,Yes,Yes,No,No,No,Month-to-month,Yes,Electronic check,106.08,5733.47,Yes,49m+
C02704,Female,0,No,No,48,Yes,Yes,Fiber optic,No,No,Yes,Yes,Yes,No,Two year,No,Electronic check,141.35,6657.15,No,25-48m
C02705,Male,0,No,Yes,6,No,No phone service,Fiber optic,No,No,Yes,No,No,No,Two year,Yes,Electronic check,94.62,561.59,Yes,0-6m
C02706,Male,0,Yes,No,5,Yes,No,No,No internet service,No internet service,No internet service,No internet service,No internet service,No internet service,Month-to-month,No,Credit card (automatic),37.07,190.1,No,0-6m
C02707,Female,0,Yes,No,31,Yes,No,Fiber optic,Yes,No,Yes,No,No,No,Month-to-month,No,Mailed check,104.06,3383.86,Yes,25-48m
C02708,Female,0,Yes,No,24,Yes,No,Fiber optic,Yes,Yes,Yes,Yes,Yes,No,Two year,No,Electronic check,146.97,3356.34,Yes,13-24m
C02709,Male,0,Yes,No,6,Yes,Yes,Fiber optic,Yes,No,No,Yes,No,No,One year,Yes,Mailed check,111.58,668.36,Yes,0-6m
C02710,Female,0,Yes,Yes,43,No,No phone service,DSL,Yes,Yes,No,Yes,No,No,Two year,No,Mailed check,94.95,3889.39,No,25-48m
C02711,Male,0,No,No,41,Yes,No,No,No internet service,No internet service,No internet service,No internet service,No internet service,No internet service,Two year,Yes,Credit card (automatic),43.63,1805.93,No,25-48m
C02712,Female,0,No,No,71,Yes,No,No,No internet service,No internet service,No internet service,No internet service,No internet service,No internet service,One year,Yes,Electronic check,39.58,2715.78,Yes,49m+
C02713,Male,0,Yes,No,60,No,No phone service,No,No internet service,No internet service,No internet service,No internet service,No internet service,No internet service,One year,Yes,Bank transfer (automatic),25.49,1548.34,No,49m+
C02714,Female,1,Yes,Yes,45,Yes,No,DSL,No,No,No,No,No,No,Month-to-month,Yes,Electronic check,82.21,3717.39,No,25-48m
C02715,Male,0,Yes,No,49,Yes,No,DSL,No,Yes,Yes,Yes,No,Yes,One year,No,Credit card (automatic),119.89,5913.85,No,49m+
C02716,Male,0,Yes,No,63,Yes,Yes,Fiber optic,No,No,Yes,No,No,Yes,Two year,No,Mailed check,126.07,8332.44,No,49m+
C02717,Male,1,Yes,Yes,66,Yes,Yes,Fiber optic,No,No,Yes,No,Yes,Yes,Month-to-month,Yes,Credit card (automatic),133.46,8774.93,Yes,49m+
C02718,Female,0,No,No,21,Yes,Yes,Fiber optic,Yes,No,Yes,No,No,Yes,Month-to-month,Yes,Bank transfer (automatic),134.47,2802.77,Yes,13-24m
C02719,Male,0,Yes,Yes,66,Yes,No,Fiber optic,Yes,Yes,Yes,No,No,Yes,One year,Yes,Bank transfer (automatic),134.15,8946.64,No,49m+
C02720,Female,0,Yes,No,36,Yes,No,Fiber optic,No,Yes,No,Yes,Yes,Yes,Month-to-month,No,Mailed check,128.51,4531.24,No,25-48m
C02721,Female,1,No,No,27,Yes,Yes,Fiber optic,No,No,No,No,No,No,Month-to-month,Yes,Mailed check,111.92,2911.18,No,25-48m
C02722,Female,0,Yes,No,59,Yes,Yes,DSL,Yes,Yes,No,No,No,Yes,Two year,Yes,Mailed check,116.25,6629.78,No,49m+
C02723,Male,0,Yes,No,62,Yes,Yes,DSL,No,Yes,No,No,Yes,No,Two year,No,Bank transfer (automatic),103.27,6287.06,No,49m+
C02724,Male,0,Yes,No,4,Yes,No,DSL,No,Yes,No,No,No,Yes,Month-to-month,No,Electronic check,97.79,382.89,Yes,0-6m
C02725,Male,0,Yes,No,72,Yes,No,No,No internet service,No internet service,No internet service,No internet service,No internet service,No internet service,Month-to-month,Yes,Credit card (automatic),40.21,2998.53,No,49m+
C02726,Male,0,Yes,No,27,Yes,Yes,DSL,No,No,No,No,No,No,One year,No,Electronic check,78.77,2038.05,No,25-48m
C02727,Male,1,Yes,No,71,Yes,Yes,DSL,Yes,No,Yes,No,No,Yes,One year,Yes,Credit card (automatic),104.37,7401.65,No,49m+
C02728,Female,0,Yes,No,41,Yes,Yes,No,No internet service,No internet service,No internet service,No internet service,No internet service,No internet service,Two year,Yes,Bank transfer (automatic),44.45,1767.28,No,25-48m
C02729,Female,1,No,No,71,No,No phone service,DSL,No,Yes,No,No,No,No,Month-to-month,Yes,Electronic check,72.94,5205.63,Yes,49m+
C02730,Male,0,No,No,51,Yes,No,DSL,No,No,Yes,No,No,No,Month-to-month,Yes,Credit card (automatic),78.32,3818.04,No,49m+
C02731,Female,0,No,No,52,No,No phone service,Fiber optic,Yes,No,Yes,No,No,No,Month-to-month,No,Bank transfer (automatic),88.96,4805.93,No,49m+
C02732,Male,0,Yes,No,29,Yes,No,DSL,Yes,No,No,No,Yes,Yes,Month-to-month,Yes,Electronic check,111.85,3244.95,Yes,25-48m
C02733,Male,0,Yes,No,31,Yes,No,Fiber optic,Yes,No,Yes,No,No,No,Month-to-month,Yes,Electronic check,113.8,3579.43,Yes,25-48m
C02734,Female,0,No,No,61,Yes,No,Fiber optic,No,No,No,Yes,Yes,No,Two year,Yes,Bank transfer (automatic),105.1,6248.38,Yes,49m+
C02735,Male,0,Yes,Yes,40,Yes,Yes,DSL,No,No,No,No,Yes,No,Two year,Yes,Credit card (automatic),97.78,4105.05,No,25-48m
C02736,Female,0,Yes,No,30,Yes,No,DSL,No,Yes,No,No,No,No,Two year,No,Mailed check,77.21,2207.04,No,25-48m
C02737,Male,0,Yes,Yes,32,Yes,Yes,Fiber optic,No,No,No,No,Yes,No,Month-to-month,No,Electronic check,122.16,4074.79,Yes,25-48m
C02738,Male,0,No,No,57,Yes,No,DSL,No,Yes,No,No,No,Yes,Two year,Yes,Mailed check,103.89,5693.09,No,49m+
C02739,Female,0,No,No,44,Yes,No,Fiber optic,No,No,No,Yes,Yes,No,Month-to-month,Yes,Mailed check,111.41,4897.9,Yes,25-48m
C02740,Male,0,No,No,66,Yes,No,DSL,No,Yes,No,Yes,No,No,One year,Yes,Bank transfer (automatic),100.99,6512.06,Yes,49m+
C02741,Male,0,No,No,4,Yes,No,Fiber optic,No,Yes,Yes,No,No,No,Month-to-month,Yes,Credit card (automatic),110.22,428.53,Yes,0-6m
C02742,Male,0,Yes,No,34,No,No phone service,DSL,Yes,Yes,No,No,Yes,Yes,One year,No,Electronic check,90.95,3100.9,Yes,25-48m
C02743,Female,0,Yes,No,12,Yes,Yes,Fiber optic,No,Yes,Yes,No,No,No,Month-to-month,No,Bank transfer (automatic),123.22,1499.88,Yes,7-12m
C02744,Male,0,Yes,Yes,66,Yes,No,No,No internet service,No internet service,No internet service,No internet service,No internet service,No internet service,Month-to-month,No,Electronic check,37.39,2504.28,Yes,49m+
C02745,Male,0,Yes,No,11,Yes,No,No,No internet service,No internet service,No internet service,No internet service,No internet service,No internet service,Month-to-month,Yes,Bank transfer (automatic),39.41,445.57,No,7-12m
C02746,Male,0,Yes,No,45,Yes,Yes,Fiber optic,No,No,Yes,No,No,No,Month-to-month,Yes,Electronic check,105.28,4634.4,Yes,25-48m
C02747,Female,0,Yes,No,5,Yes,Yes,DSL,No,No,No,No,No,Yes,One year,Yes,Bank transfer (automatic),91.3,435.87,No,0-6m
C02748,Male,0,Yes,No,65,Yes,No,No,No internet service,No internet service,No internet service,No internet service,No internet service,No internet service,Month-to-month,No,Bank transfer (automatic),41.93,2632.99,No,49m+
C02749,Male,0,No,Yes,60,Yes,Yes,Fiber optic,Yes,No,Yes,Yes,Yes,Yes,Month-to-month,Yes,Bank transfer (automatic),148.83,9259.78,Yes,49m+
C02750,Female,1,Yes,No,49,Yes,Yes,DSL,No,No,Yes,No,No,Yes,Month-to-month,No,Mailed check,104.58,4996.86,Yes,49m+
C02751,Male,0,No,Yes,22,Yes,No,Fiber optic,No,Yes,No,Yes,Yes,No,Month-to-month,No,Mailed check,129.2,2953.71,Yes,13-24m
C02752,Male,0,No,No,48,Yes,No,DSL,No,Yes,Yes,Yes,Yes,No,Month-to-month,Yes,Credit card (automatic),110.76,5190.08,No,25-48m
C02753,Male,1,Yes,No,35,Yes,No,Fiber optic,No,Yes,No,No,Yes,No,Month-to-month,Yes,Electronic check,113.79,3791.62,No,25-48m
C02754,Male,0,No,No,57,Yes,No,Fiber optic,No,No,No,No,No,Yes,One year,Yes,Bank transfer (automatic),107.76,5917.7,No,49m+
C02755,Female,1,No,No,23,Yes,Yes,DSL,No,Yes,No,No,No,Yes,Month-to-month,No,Credit card (automatic),111.52,2436.84,No,13-24m
C02756,Female,0,No,No,14,Yes,Yes,No,No internet service,No internet service,No internet service,No internet service,No internet service,No internet service,Two year,No,Mailed check,44.81,614.86,No,13-24m
C02757,Male,1,No,No,57,Yes,No,Fiber optic,Yes,No,No,No,No,No,Month-to-month,Yes,Mailed check,100.0,5557.53,No,49m+
C02758,Female,0,Yes,No,37,No,No phone service,Fiber optic,No,Yes,No,No,Yes,No,Month-to-month,No,Credit card (automatic),103.9,3777.86,Yes,25-48m
C02759,Male,0,No,No,44,No,No phone service,DSL,No,No,Yes,No,No,Yes,One year,Yes,Bank transfer (automatic),80.75,3611.71,Yes,25-48m
C02760,Male,0,Yes,No,34,Yes,Yes,No,No internet service,No internet service,No internet service,No internet service,No internet service,No internet service,Two year,Yes,Credit card (automatic),52.71,1816.22,No,25-48m
C02761,Female,0,Yes,No,43,Yes,Yes,No,No internet service,No internet service,No internet service,No internet service,No internet service,No internet service,Month-to-month,No,Mailed check,51.45,2159.46,No,25-48m
C02762,Male,0,No,No,6,Yes,Yes,Fiber optic,No,No,No,No,Yes,No,Month-to-month,No,Mailed check,110.61,662.73,No,0-6m
C02763,Female,0,No,No,67,Yes,Yes,Fiber optic,Yes,No,No,Yes,Yes,No,Two year,Yes,Bank transfer (automatic),123.64,8143.89,No,49m+
C02764,Female,0,Yes,No,72,Yes,No,Fiber optic,Yes,Yes,Yes,Yes,Yes,No,Month-to-month,No,Mailed check,150.06,10595.51,No,49m+
C02765,Female,0,No,Yes,35,Yes,No,Fiber optic,No,No,No,No,Yes,Yes,Month-to-month,Yes,Bank transfer (automatic),125.13,4290.59,Yes,25-48m
C02766,Male,0,Yes,No,72,Yes,No,DSL,Yes,No,No,No,No,Yes,Month-to-month,Yes,Bank transfer (automatic),92.46,6622.71,No,49m+
C02767,Male,0,Yes,No,69,No,No phone service,Fiber optic,No,Yes,Yes,Yes,Yes,No,Month-to-month,No,Credit card (automatic),120.04,8583.05,No,49m+
C02768,Female,0,No,No,23,Yes,Yes,Fiber optic,No,Yes,No,Yes,No,No,One year,No,Electronic check,118.82,2797.42,Yes,13-24m
C02769,Female,1,Yes,Yes,63,Yes,No,DSL,Yes,Yes,No,No,No,No,Month-to-month,Yes,Credit card (automatic),93.44,5997.86,Yes,49m+
C02770,Male,0,Yes,No,54,Yes,No,No,No internet service,No internet service,No internet service,No internet service,No internet service,No internet service,Month-to-month,Yes,Electronic check,38.37,2093.13,No,49m+
C02771,Male,0,Yes,Yes,43,Yes,No,No,No internet service,No internet service,No internet service,No internet service,No internet service,No internet service,Month-to-month,No,Electronic check,44.51,1994.65,No,25-48m
C02772,Male,0,Yes,No,63,Yes,No,DSL,Yes,Yes,Yes,No,Yes,No,One year,Yes,Electronic check,111.6,7324.97,No,49m+
C02773,Male,0,No,No,46,Yes,No,DSL,No,No,No,No,Yes,No,Month-to-month,Yes,Bank transfer (automatic),93.67,4334.41,No,25-48m
C02774,Female,0,Yes,Yes,56,No,No phone service,No,No internet service,No internet service,No internet service,No internet service,No internet service,No internet service,Two year,Yes,Mailed check,27.68,1623.39,No,49m+
C02775,Male,0,No,No,45,No,No phone service,DSL,Yes,Yes,Yes,No,No,Yes,Month-to-month,Yes,Bank transfer (automatic),97.92,4428.34,Yes,25-48m
C02776,Male,0,Yes,Yes,48,Yes,Yes,DSL,No,Yes,No,Yes,No,No,One year,Yes,Bank transfer (automatic),99.36,4971.58,No,25-48m
C02777,Male,0,Yes,No,28,Yes,No,DSL,Yes,No,Yes,No,No,No,Month-to-month,No,Credit card (automatic),87.37,2508.53,Yes,25-48m
C02778,Male,0,No,Yes,36,Yes,No,Fiber optic,No,Yes,Yes,No,No,No,One year,No,Electronic check,114.32,4179.41,No,25-48m
C02779,Male,0,Yes,No,42,Yes,Yes,Fiber optic,Yes,No,No,No,No,Yes,Month-to-month,Yes,Bank transfer (automatic),116.79,5012.29,No,25-48m
C02780,Male,0,No,No,51,Yes,No,DSL,No,No,Yes,Yes,No,No,Two year,Yes,Mailed check,89.97,4539.89,No,49m+
C02781,Male,0,No,No,10,Yes,No,DSL,No,No,Yes,No,No,Yes,Month-to-month,Yes,Credit card (automatic),89.25,908.85,Yes,7-12m
C02782,Male,1,No,No,24,Yes,Yes,No,No internet service,No internet service,No internet service,No internet service,No internet service,No internet service,Month-to-month,No,Bank transfer (automatic),45.25,1131.56,No,13-24m
C02783,Female,0,No,No,65,Yes,No,DSL,Yes,Yes,Yes,No,Yes,No,Month-to-month,Yes,Credit card (automatic),118.71,8065.77,No,49m+
C02784,Male,1,Yes,No,34,Yes,No,Fiber optic,No,No,Yes,No,No,No,Month-to-month,No,Mailed check,104.77,3559.83,Yes,25-48m
C02785,Female,1,Yes,Yes,45,Yes,No,Fiber optic,No,Yes,No,No,No,No,Month-to-month,No,Credit card (automatic),104.46,4771.76,Yes,25-48m
C02786,Male,0,No,No,31,Yes,Yes,DSL,Yes,No,Yes,No,No,Yes,Two year,Yes,Credit card (automatic),108.86,3271.67,No,25-48m
C02787,Male,1,No,No,40,Yes,No,DSL,No,Yes,No,Yes,No,No,Month-to-month,No,Electronic check,93.29,3832.44,Yes,25-48m
C02788,Male,1,Yes,Yes,66,Yes,Yes,Fiber optic,Yes,No,No,Yes,Yes,No,Month-to-month,No,Electronic check,128.9,8427.05,Yes,49m+
C02789,Female,1,Yes,Yes,71,Yes,Yes,Fiber optic,No,Yes,Yes,Yes,No,No,One year,No,Electronic check,138.73,9976.74,No,49m+
C02790,Female,0,No,No,45,Yes,Yes,Fiber optic,No,No,No,No,No,No,Two year,No,Mailed check,105.59,4715.44,No,25-48m
C02791,Female,0,Yes,No,42,Yes,No,No,No internet service,No internet service,No internet service,No internet service,No internet service,No internet service,Two year,Yes,Bank transfer (automatic),43.45,1904.42,No,25-48m
C02792,Male,0,Yes,No,53,Yes,Yes,DSL,Yes,No,No,Yes,Yes,No,Month-to-month,Yes,Electronic check,106.73,5620.06,No,49m+
C02793,Female,0,No,No,9,Yes,Yes,No,No internet service,No internet service,No internet service,No internet service,No internet service,No internet service,Month-to-month,No,Electronic check,53.33,480.11,No,7-12m
C02794,Male,0,Yes,Yes,50,Yes,No,DSL,Yes,No,Yes,No,Yes,No,Month-to-month,No,Electronic check,96.93,5032.25,Yes,49m+
C02795,Male,0,Yes,No,35,Yes,No,Fiber optic,No,No,No,Yes,Yes,No,Month-to-month,No,Bank transfer (automatic),117.73,4080.17,No,25-48m
C02796,Male,0,No,Yes,52,Yes,Yes,No,No internet service,No internet service,No internet service,No internet service,No internet service,No internet service,Month-to-month,Yes,Bank transfer (automatic),45.38,2375.17,No,49m+
C02797,Female,0,Yes,Yes,29,Yes,No,No,No internet service,No internet service,No internet service,No internet service,No internet service,No internet service,Month-to-month,No,Mailed check,38.69,1173.93,Yes,25-48m
C02798,Male,0,Yes,Yes,21,Yes,No,DSL,No,No,Yes,Yes,Yes,Yes,One year,Yes,Mailed check,103.17,2193.42,No,13-24m
C02799,Female,0,No,No,48,Yes,Yes,DSL,No,No,No,No,Yes,No,Month-to-month,No,Electronic check,85.91,3994.51,Yes,25-48m
C02800,Female,0,Yes,Yes,31,Yes,Yes,Fiber optic,No,No,Yes,Yes,No,Yes,Month-to-month,Yes,Bank transfer (automatic),141.51,4547.91,No,25-48m
C02801,Male,1,No,Yes,40,Yes,Yes,Fiber optic,Yes,Yes,No,No,No,Yes,Month-to-month,Yes,Electronic check,134.32,5210.26,Yes,25-48m
C02802,Female,0,No,No,34,Yes,No,Fiber optic,No,No,No,No,Yes,No,Two year,No,Credit card (automatic),103.44,3397.92,No,25-48m
C02803,Male,0,No,No,64,No,No phone service,Fiber optic,No,No,No,No,Yes,No,Two year,No,Electronic check,89.23,5908.52,Yes,49m+
C02804,Male,0,Yes,No,22,Yes,Yes,Fiber optic,No,Yes,No,No,Yes,Yes,Month-to-month,Yes,Electronic check,121.21,2780.73,No,13-24m
C02805,Male,0,Yes,Yes,41,Yes,No,DSL,Yes,No,No,No,No,No,Month-to-month,Yes,Electronic check,76.44,3266.88,Yes,25-48m
C02806,Female,0,Yes,No,17,Yes,No,Fiber optic,Yes,No,Yes,Yes,Yes,Yes,Month-to-month,No,Bank transfer (automatic),132.85,2299.99,Yes,13-24m
C02807,Female,0,No,No,69,Yes,No,DSL,No,Yes,No,No,No,No,Month-to-month,No,Mailed check,90.42,6411.17,Yes,49m+
C02808,Female,0,No,No,31,Yes,No,Fiber optic,No,No,Yes,Yes,Yes,No,Two year,No,Credit card (automatic),112.29,3558.27,Yes,25-48m
C02809,Female,0,Yes,Yes,38,Yes,No,Fiber optic,Yes,Yes,Yes,Yes,No,No,Two year,No,Credit card (automatic),137.57,5467.12,No,25-48m
C02810,Male,0,Yes,Yes,28,Yes,Yes,Fiber optic,No,No,No,No,No,No,Month-to-month,No,Electronic check,112.69,3121.32,Yes,25-48m
C02811,Female,0,No,Yes,25,Yes,No,DSL,No,No,Yes,No,Yes,No,Month-to-month,No,Electronic check,99.19,2473.15,Yes,25-48m
C02812,Female,0,No,Yes,46,No,No phone service,Fiber optic,No,Yes,No,No,No,No,Two year,No,Credit card (automatic),93.82,4453.91,Yes,25-48m
C02813,Female,1,No,No,23,Yes,Yes,Fiber optic,No,No,No,Yes,Yes,No,Two year,Yes,Electronic check,128.22,2888.35,Yes,13-24m
C02814,Male,0,No,No,30,Yes,Yes,Fiber optic,No,Yes,No,Yes,No,No,One year,No,Credit card (automatic),129.84,4042.73,Yes,25-48m
C02815,Female,0,Yes,No,9,Yes,No,Fiber optic,No,No,No,Yes,No,Yes,Two year,Yes,Bank transfer (automatic),127.34,1158.64,No,7-12m
C02816,Male,0,Yes,Yes,49,No,No phone service,No,No internet service,No internet service,No internet service,No internet service,No internet service,No internet service,Month-to-month,No,Electronic check,24.0,1207.46,Yes,49m+
C02817,Male,1,No,Yes,27,Yes,No,Fiber optic,No,No,No,No,No,No,One year,Yes,Mailed check,91.36,2565.17,Yes,25-48m
C02818,Male,0,No,Yes,21,Yes,Yes,Fiber optic,Yes,No,No,No,Yes,No,Two year,No,Electronic check,119.2,2517.36,Yes,13-24m
C02819,Female,0,Yes,No,16,Yes,Yes,DSL,No,Yes,No,No,No,No,One year,No,Electronic check,84.22,1331.97,No,13-24m
C02820,Male,0,No,No,35,Yes,No,Fiber optic,No,No,No,No,No,No,One year,No,Bank transfer (automatic),89.8,3090.18,Yes,25-48m
C02821,Female,0,Yes,Yes,39,Yes,Yes,Fiber optic,Yes,Yes,No,Yes,No,No,Two year,Yes,Credit card (automatic),136.99,5158.28,No,25-48m
C02822,Male,0,Yes,No,50,Yes,Yes,Fiber optic,No,No,No,No,No,No,One year,Yes,Credit card (automatic),103.42,5396.0,No,49m+
C02823,Male,0,No,Yes,18,Yes,No,No,No internet service,No internet service,No internet service,No internet service,No internet service,No internet service,One year,Yes,Credit card (automatic),42.94,746.14,No,13-24m
C02824,Male,0,Yes,No,14,Yes,No,Fiber optic,No,No,No,Yes,No,No,Month-to-month,No,Electronic check,105.7,1468.93,No,13-24m
C02825,Male,0,Yes,No,21,Yes,Yes,Fiber optic,Yes,Yes,No,Yes,Yes,No,Month-to-month,Yes,Electronic check,145.52,2950.97,No,13-24m
C02826,Female,0,Yes,No,24,Yes,No,No,No internet service,No internet service,No internet service,No internet service,No internet service,No internet service,Month-to-month,Yes,Electronic check,44.52,1033.77,No,13-24m
C02827,Male,0,No,Yes,71,Yes,No,No,No internet service,No internet service,No internet service,No internet service,No internet service,No internet service,Two year,Yes,Electronic check,43.56,2938.31,No,49m+
C02828,Female,0,No,No,70,No,No phone service,Fiber optic,No,Yes,Yes,No,No,No,Month-to-month,Yes,Bank transfer (automatic),100.94,7177.52,No,49m+
C02829,Female,0,No,No,40,Yes,Yes,Fiber optic,No,No,No,Yes,No,No,Month-to-month,Yes,Electronic check,107.02,4411.91,Yes,25-48m
C02830,Male,0,Yes,Yes,22,Yes,No,Fiber optic,No,No,No,No,No,No,Month-to-month,Yes,Bank transfer (automatic),102.96,2245.7,Yes,13-24m
C02831,Male,0,Yes,No,13,Yes,Yes,No,No internet service,No internet service,No internet service,No internet service,No internet service,No internet service,Month-to-month,No,Bank transfer (automatic),50.54,681.73,No,13-24m
C02832,Female,0,Yes,No,6,No,No phone service,DSL,Yes,No,Yes,No,No,No,Month-to-month,Yes,Credit card (automatic),83.36,510.53,Yes,0-6m
C02833,Female,1,No,No,54,Yes,Yes,Fiber optic,No,No,Yes,No,No,Yes,Month-to-month,No,Mailed check,131.3,7036.1,Yes,49m+
C02834,Male,0,No,No,54,Yes,Yes,DSL,No,Yes,Yes,No,No,No,Month-to-month,Yes,Credit card (automatic),102.7,5460.2,Yes,49m+
C02835,Female,0,Yes,No,53,Yes,No,Fiber optic,No,No,Yes,No,No,Yes,Month-to-month,No,Mailed check,118.61,6287.79,No,49m+
C02836,Male,0,Yes,Yes,36,Yes,No,No,No internet service,No internet service,No internet service,No internet service,No internet service,No internet service,Two year,Yes,Credit card (automatic),40.82,1426.34,No,25-48m
C02837,Male,0,No,No,52,Yes,Yes,DSL,No,No,No,No,No,Yes,One year,No,Electronic check,102.76,5470.23,Yes,49m+
C02838,Female,1,No,No,65,No,No phone service,DSL,No,Yes,No,No,No,No,Month-to-month,No,Mailed check,63.1,4158.02,Yes,49m+
C02839,Female,0,Yes,Yes,35,Yes,Yes,Fiber optic,No,No,No,No,Yes,No,Month-to-month,Yes,Bank transfer (automatic),117.56,3961.77,No,25-48m
C02840,Female,0,No,Yes,34,Yes,No,DSL,No,No,No,No,Yes,No,One year,Yes,Credit card (automatic),91.15,3024.74,No,25-48m
C02841,Male,1,Yes,Yes,65,Yes,Yes,No,No internet service,No internet service,No internet service,No internet service,No internet service,No internet service,Month-to-month,Yes,Mailed check,45.86,2846.61,Yes,49m+
C02842,Male,0,No,Yes,4,Yes,No,Fiber optic,No,Yes,No,No,No,No,Month-to-month,Yes,Mailed check,108.29,431.85,Yes,0-6m
C02843,Female,1,No,No,33,Yes,No,Fiber optic,Yes,No,No,No,No,No,Month-to-month,Yes,Credit card (automatic),102.36,3374.66,Yes,25-48m
C02844,Female,0,No,No,17,Yes,No,Fiber optic,No,No,Yes,No,No,No,Two year,Yes,Bank transfer (automatic),111.62,1875.66,Yes,13-24m
C02845,Female,0,No,Yes,27,Yes,No,Fiber optic,No,No,No,Yes,No,No,One year,Yes,Credit card (automatic),106.13,2916.8,No,25-48m
C02846,Male,0,Yes,No,13,No,No phone service,DSL,No,No,Yes,Yes,No,No,Month-to-month,No,Credit card (automatic),82.95,1065.15,No,13-24m
C02847,Female,0,No,Yes,45,Yes,Yes,Fiber optic,No,Yes,No,Yes,Yes,No,One year,Yes,Electronic check,130.2,6118.91,Yes,25-48m
C02848,Male,0,No,No,52,Yes,Yes,Fiber optic,No,Yes,No,Yes,No,No,One year,Yes,Bank transfer (automatic),124.84,6421.08,Yes,49m+
C02849,Female,0,No,No,71,Yes,Yes,DSL,No,Yes,Yes,Yes,No,No,Two year,No,Electronic check,114.52,7871.76,No,49m+
C02850,Female,0,No,Yes,41,No,No phone service,DSL,No,No,No,Yes,Yes,Yes,Two year,Yes,Bank transfer (automatic),95.72,3909.07,No,25-48m
C02851,Female,0,No,No,7,Yes,Yes,No,No internet service,No internet service,No internet service,No internet service,No internet service,No internet service,Month-to-month,Yes,Bank transfer (automatic),52.4,352.03,Yes,7-12m
C02852,Female,0,No,No,63,Yes,Yes,No,No internet service,No internet service,No internet service,No internet service,No internet service,No internet service,Month-to-month,No,Electronic check,49.32,3131.33,Yes,49m+
C02853,Male,1,No,No,41,Yes,Yes,Fiber optic,No,Yes,Yes,No,Yes,No,One year,Yes,Bank transfer (automatic),121.94,4947.01,No,25-48m
C02854,Male,0,No,No,21,Yes,No,No,No internet service,No internet service,No internet service,No internet service,No internet service,No internet service,Month-to-month,Yes,Electronic check,39.34,834.98,No,13-24m
C02855,Female,0,Yes,Yes,18,Yes,No,DSL,No,Yes,Yes,Yes,No,Yes,Month-to-month,No,Electronic check,105.52,1824.07,No,13-24m
C02856,Male,0,No,No,72,Yes,No,No,No internet service,No internet service,No internet service,No internet service,No internet service,No internet service,Month-to-month,Yes,Bank transfer (automatic),39.07,2908.13,No,49m+
C02857,Male,0,Yes,No,17,Yes,No,DSL,No,Yes,No,No,No,No,Two year,No,Credit card (automatic),80.05,1313.06,No,13-24m
C02858,Female,0,Yes,No,45,Yes,No,Fiber optic,No,No,No,No,Yes,No,Month-to-month,No,Mailed check,115.51,5035.61,Yes,25-48m
C02859,Female,1,No,Yes,47,Yes,No,Fiber optic,No,Yes,Yes,No,Yes,No,Month-to-month,No,Mailed check,131.0,6096.86,Yes,25-48m
C02860,Female,0,Yes,No,38,Yes,Yes,DSL,No,No,No,No,Yes,No,One year,No,Electronic check,98.44,3774.72,No,25-48m
C02861,Male,0,Yes,No,39,Yes,No,DSL,No,No,Yes,No,Yes,Yes,Two year,No,Electronic check,112.96,4481.18,Yes,25-48m
C02862,Female,0,No,Yes,24,Yes,No,No,No internet service,No internet service,No internet service,No internet service,No internet service,No internet service,Month-to-month,Yes,Electronic check,40.39,955.78,No,13-24m
C02863,Female,0,No,Yes,38,Yes,No,Fiber optic,No,Yes,No,No,Yes,No,Two year,No,Electronic check,109.11,4126.3,No,25-48m
C02864,Female,0,No,No,68,Yes,Yes,No,No internet service,No internet service,No internet service,No internet service,No internet service,No internet service,One year,No,Bank transfer (automatic),52.17,3428.9,No,49m+
C02865,Male,0,Yes,No,53,Yes,No,No,No internet service,No internet service,No internet service,No internet service,No internet service,No internet service,Month-to-month,No,Mailed check,38.5,2112.52,No,49m+
C02866,Male,0,No,Yes,47,Yes,No,No,No internet service,No internet service,No internet service,No internet service,No internet service,No internet service,One year,Yes,Mailed check,42.73,1938.54,No,25-48m
C02867,Male,0,Yes,No,42,Yes,Yes,No,No internet service,No internet service,No internet service,No internet service,No internet service,No internet service,Two year,Yes,Mailed check,51.38,2230.26,Yes,25-48m
C02868,Female,1,No,No,53,Yes,No,No,No internet service,No internet service,No internet service,No internet service,No internet service,No internet service,Two year,Yes,Electronic check,39.46,2029.24,Yes,49m+
C02869,Male,0,Yes,No,7,No,No phone service,No,No internet service,No internet service,No internet service,No internet service,No internet service,No internet service,Two year,Yes,Bank transfer (automatic),23.42,167.44,Yes,7-12m
C02870,Male,0,No,Yes,56,Yes,No,DSL,Yes,Yes,No,No,No,No,Month-to-month,No,Electronic check,96.54,5266.62,Yes,49m+
C02871,Male,1,No,Yes,27,No,No phone service,DSL,No,No,No,Yes,No,No,Month-to-month,Yes,Credit card (automatic),71.0,1859.04,No,25-48m
C02872,Female,0,Yes,No,64,Yes,Yes,No,No internet service,No internet service,No internet service,No internet service,No internet service,No internet service,Two year,Yes,Bank transfer (automatic),44.79,2829.21,Yes,49m+
C02873,Male,0,Yes,No,24,Yes,No,Fiber optic,Yes,Yes,Yes,No,Yes,No,Two year,Yes,Mailed check,131.05,3297.74,Yes,13-24m
C02874,Male,0,No,Yes,59,Yes,Yes,DSL,Yes,No,No,No,Yes,Yes,Two year,Yes,Credit card (automatic),121.53,6922.84,No,49m+
C02875,Female,0,No,No,66,Yes,No,Fiber optic,No,Yes,Yes,No,Yes,No,Month-to-month,Yes,Electronic check,117.28,7712.09,No,49m+
C02876,Female,0,Yes,Yes,32,Yes,Yes,Fiber optic,No,No,Yes,No,No,Yes,Two year,No,Bank transfer (automatic),124.71,4051.21,No,25-48m
C02877,Male,0,No,No,57,Yes,Yes,Fiber optic,No,No,No,Yes,Yes,No,Month-to-month,No,Credit card (automatic),133.47,7658.69,Yes,49m+
C02878,Female,0,No,Yes,69,Yes,No,DSL,No,No,Yes,Yes,No,No,Two year,Yes,Electronic check,84.2,5841.67,No,49m+
C02879,Female,1,No,Yes,61,Yes,No,Fiber optic,No,No,No,Yes,No,No,Month-to-month,No,Mailed check,105.33,6652.29,Yes,49m+
C02880,Female,0,No,No,42,Yes,Yes,Fiber optic,No,No,No,No,No,No,Month-to-month,No,Bank transfer (automatic),112.84,4840.31,No,25-48m
C02881,Female,1,Yes,No,22,Yes,No,DSL,No,Yes,No,No,No,Yes,One year,Yes,Electronic check,93.03,2002.7,Yes,13-24m
C02882,Male,0,No,No,5,No,No phone service,Fiber optic,Yes,Yes,Yes,Yes,No,No,Two year,No,Mailed check,108.24,532.68,Yes,0-6m
C02883,Female,0,No,Yes,37,Yes,Yes,DSL,No,Yes,No,Yes,No,No,Month-to-month,No,Credit card (automatic),97.35,3641.49,Yes,25-48m
C02884,Female,0,Yes,No,54,Yes,No,No,No internet service,No internet service,No internet service,No internet service,No internet service,No internet service,Two year,No,Electronic check,43.27,2438.3,No,49m+
C02885,Female,1,Yes,No,47,Yes,No,Fiber optic,No,Yes,Yes,Yes,Yes,Yes,Month-to-month,No,Mailed check,147.46,6787.61,Yes,25-48m
C02886,Male,0,Yes,Yes,41,Yes,Yes,Fiber optic,Yes,No,Yes,No,Yes,No,Month-to-month,Yes,Bank transfer (automatic),133.04,5224.53,Yes,25-48m
C02887,Male,0,Yes,Yes,54,Yes,Yes,DSL,No,No,No,Yes,No,Yes,One year,Yes,Bank transfer (automatic),100.74,5475.07,No,49m+
C02888,Male,0,Yes,No,3,Yes,No,DSL,Yes,No,Yes,No,Yes,No,One year,Yes,Credit card (automatic),94.61,293.96,No,0-6m
C02889,Female,0,No,Yes,53,Yes,Yes,DSL,Yes,Yes,No,No,No,No,One year,No,Credit card (automatic),108.58,5828.23,No,49m+
C02890,Female,0,Yes,No,63,Yes,No,Fiber optic,Yes,Yes,No,No,No,No,One year,Yes,Electronic check,104.67,6419.62,No,49m+
C02891,Male,1,Yes,No,46,Yes,No,No,No internet service,No internet service,No internet service,No internet service,No internet service,No internet service,Two year,Yes,Credit card (automatic),37.81,1679.26,Yes,25-48m
C02892,Female,0,Yes,Yes,21,No,No phone service,Fiber optic,No,No,Yes,No,No,Yes,Month-to-month,No,Electronic check,107.12,2158.66,No,13-24m
C02893,Male,0,Yes,Yes,37,Yes,Yes,DSL,No,Yes,No,No,Yes,No,Month-to-month,No,Electronic check,94.7,3609.19,No,25-48m
C02894,Female,0,No,Yes,72,Yes,Yes,DSL,Yes,Yes,Yes,Yes,No,No,Month-to-month,Yes,Electronic check,126.38,9128.76,Yes,49m+
C02895,Male,0,No,Yes,52,Yes,Yes,DSL,No,Yes,No,No,Yes,No,One year,No,Mailed check,111.24,5972.8,No,49m+
C02896,Female,0,Yes,No,5,Yes,No,No,No internet service,No internet service,No internet service,No internet service,No internet service,No internet service,Month-to-month,Yes,Mailed check,39.26,194.73,No,0-6m
C02897,Male,0,Yes,No,31,Yes,No,DSL,No,Yes,No,No,Yes,No,One year,Yes,Credit card (automatic),97.01,2977.49,No,25-48m
C02898,Male,0,No,No,37,Yes,No,DSL,No,No,Yes,No,No,Yes,Month-to-month,No,Electronic check,93.18,3393.57,No,25-48m
C02899,Male,0,No,No,57,Yes,Yes,Fiber optic,Yes,No,Yes,No,Yes,No,Month-to-month,No,Credit card (automatic),118.09,6899.38,Yes,49m+
C02900,Male,0,No,No,27,Yes,Yes,No,No internet service,No internet service,No internet service,No internet service,No internet service,No internet service,One year,No,Credit card (automatic),52.51,1431.64,Yes,25-48m
C02901,Male,0,Yes,No,72,Yes,Yes,No,No internet service,No internet service,No internet service,No internet service,No internet service,No internet service,One year,Yes,Electronic check,50.08,3709.15,No,49m+
C02902,Male,1,No,No,13,Yes,No,No,No internet service,No internet service,No internet service,No internet service,No internet service,No internet service,Month-to-month,Yes,Credit card (automatic),39.13,510.82,Yes,13-24m
C02903,Female,0,Yes,Yes,44,Yes,No,DSL,Yes,No,Yes,No,Yes,Yes,Month-to-month,Yes,Mailed check,102.42,4374.38,Yes,25-48m
C02904,Male,0,No,No,67,Yes,No,Fiber optic,Yes,Yes,No,No,No,No,Two year,Yes,Mailed check,103.49,6872.36,Yes,49m+
C02905,Male,0,No,No,48,Yes,No,DSL,Yes,Yes,No,No,No,No,One year,No,Electronic check,90.72,4340.18,Yes,25-48m
C02906,Male,0,No,No,1,Yes,Yes,DSL,Yes,No,No,Yes,Yes,No,One year,No,Electronic check,108.12,109.38,No,0-6m
C02907,Male,0,Yes,No,18,Yes,Yes,Fiber optic,No,Yes,Yes,No,Yes,No,Month-to-month,Yes,Electronic check,130.63,2406.63,Yes,13-24m
C02908,Female,0,Yes,No,59,Yes,No,Fiber optic,No,No,No,No,No,No,Two year,Yes,Mailed check,102.2,5813.99,No,49m+
C02909,Female,1,No,No,55,Yes,No,DSL,No,No,No,Yes,Yes,No,Month-to-month,Yes,Electronic check,104.51,5892.48,No,49m+
C02910,Male,0,Yes,Yes,40,No,No phone service,Fiber optic,No,No,No,No,No,No,One year,Yes,Credit card (automatic),79.98,3332.49,Yes,25-48m
C02911,Female,0,Yes,No,59,Yes,No,DSL,No,Yes,No,No,Yes,No,Month-to-month,No,Credit card (automatic),89.02,5018.19,No,49m+
C02912,Female,0,No,No,22,Yes,Yes,Fiber optic,No,No,Yes,Yes,No,Yes,Two year,No,Electronic check,141.78,3181.38,No,13-24m
C02913,Female,0,No,No,16,Yes,Yes,DSL,No,No,No,Yes,Yes,No,One year,No,Credit card (automatic),107.03,1783.74,Yes,13-24m
C02914,Male,1,Yes,No,9,Yes,No,Fiber optic,No,Yes,No,Yes,Yes,Yes,One year,Yes,Credit card (automatic),141.21,1252.78,Yes,7-12m
C02915,Male,0,Yes,Yes,63,Yes,Yes,Fiber optic,No,Yes,No,Yes,Yes,No,Month-to-month,No,Credit card (automatic),135.63,8405.74,Yes,49m+
C02916,Female,0,Yes,No,12,Yes,No,No,No internet service,No internet service,No internet service,No internet service,No internet service,No internet service,Two year,Yes,Mailed check,41.39,497.75,No,7-12m
C02917,Male,0,Yes,No,2,Yes,Yes,Fiber optic,No,Yes,No,No,No,No,Two year,Yes,Mailed check,120.72,250.12,Yes,0-6m
C02918,Female,0,Yes,No,59,No,No phone service,No,No internet service,No internet service,No internet service,No internet service,No internet service,No internet service,Month-to-month,Yes,Bank transfer (automatic),23.97,1420.85,No,49m+
C02919,Male,1,No,No,31,Yes,No,DSL,No,No,No,Yes,Yes,No,Two year,Yes,Electronic check,95.84,2978.17,No,25-48m
C02920,Female,0,No,Yes,55,Yes,No,Fiber optic,Yes,No,No,No,Yes,No,Two year,No,Electronic check,111.98,5976.07,No,49m+
C02921,Female,0,No,No,52,Yes,No,No,No internet service,No internet service,No internet service,No internet service,No internet service,No internet service,Month-to-month,Yes,Electronic check,37.64,1944.49,No,49m+
C02922,Female,0,Yes,No,37,Yes,No,DSL,Yes,No,No,No,No,No,Month-to-month,No,Mailed check,76.54,2879.58,No,25-48m
C02923,Male,1,No,No,30,Yes,Yes,No,No internet service,No internet service,No internet service,No internet service,No internet service,No internet service,One year,Yes,Bank transfer (automatic),52.23,1588.17,Yes,25-48m
C02924,Female,0,No,No,69,Yes,Yes,Fiber optic,No,Yes,No,No,Yes,No,Month-to-month,Yes,Electronic check,126.6,9148.9,No,49m+
C02925,Female,0,Yes,No,4,Yes,No,DSL,Yes,Yes,Yes,Yes,No,Yes,One year,No,Credit card (automatic),117.22,474.55,No,0-6m
C02926,Male,1,No,Yes,18,Yes,No,No,No internet service,No internet service,No internet service,No internet service,No internet service,No internet service,Month-to-month,Yes,Electronic check,44.04,766.26,Yes,13-24m
C02927,Female,0,No,No,50,Yes,No,Fiber optic,Yes,Yes,No,No,No,Yes,Two year,Yes,Bank transfer (automatic),112.35,5523.03,No,49m+
C02928,Male,0,No,No,40,Yes,Yes,DSL,No,No,No,No,No,No,One year,Yes,Credit card (automatic),90.25,3777.47,No,25-48m
C02929,Female,1,Yes,No,55,Yes,Yes,DSL,No,Yes,Yes,No,No,No,Month-to-month,Yes,Electronic check,100.71,5464.77,Yes,49m+
C02930,Female,0,Yes,Yes,62,Yes,No,No,No internet service,No internet service,No internet service,No internet service,No internet service,No internet service,Month-to-month,Yes,Mailed check,41.9,2580.01,No,49m+
C02931,Male,0,Yes,No,40,Yes,No,Fiber optic,No,No,No,No,No,No,Month-to-month,Yes,Electronic check,105.24,4141.14,Yes,25-48m
C02932,Female,0,No,No,48,Yes,No,Fiber optic,Yes,No,Yes,No,No,No,Month-to-month,No,Credit card (automatic),113.59,5608.89,No,25-48m
C02933,Female,0,Yes,No,63,Yes,No,No,No internet service,No internet service,No internet service,No internet service,No internet service,No internet service,Month-to-month,No,Electronic check,43.62,2639.97,Yes,49m+
C02934,Male,0,No,No,20,Yes,No,Fiber optic,No,No,No,No,Yes,Yes,Month-to-month,No,Bank transfer (automatic),117.18,2353.57,No,13-24m
C02935,Male,0,Yes,Yes,51,Yes,Yes,Fiber optic,Yes,No,No,Yes,No,No,Two year,Yes,Mailed check,129.02,6576.42,No,49m+
C02936,Female,0,No,Yes,61,Yes,Yes,Fiber optic,No,No,Yes,Yes,Yes,No,Two year,Yes,Bank transfer (automatic),119.56,7140.62,No,49m+
C02937,Female,0,No,Yes,29,Yes,No,DSL,No,Yes,Yes,Yes,Yes,Yes,Month-to-month,Yes,Electronic check,131.67,3931.29,Yes,25-48m
C02938,Male,1,Yes,No,62,No,No phone service,Fiber optic,Yes,No,No,No,No,No,One year,Yes,Credit card (automatic),81.41,4856.81,No,49m+
C02939,Female,1,Yes,No,71,Yes,No,No,No internet service,No internet service,No internet service,No internet service,No internet service,No internet service,Two year,Yes,Bank transfer (automatic),44.47,3117.52,No,49m+
C02940,Female,0,Yes,Yes,25,Yes,No,No,No internet service,No internet service,No internet service,No internet service,No internet service,No internet service,Two year,Yes,Mailed check,41.76,1052.35,No,25-48m
C02941,Female,0,No,Yes,31,Yes,Yes,Fiber optic,Yes,No,Yes,No,Yes,Yes,Month-to-month,No,Bank transfer (automatic),133.77,4064.35,Yes,25-48m
C02942,Female,0,No,No,17,Yes,No,Fiber optic,Yes,No,No,Yes,Yes,Yes,Month-to-month,Yes,Bank transfer (automatic),123.9,2123.41,Yes,13-24m
C02943,Male,0,No,No,32,Yes,No,Fiber optic,No,Yes,No,No,No,No,Two year,No,Credit card (automatic),97.91,2989.95,No,25-48m
C02944,Female,0,Yes,No,43,Yes,No,DSL,Yes,Yes,No,No,Yes,No,One year,No,Credit card (automatic),92.95,3884.42,Yes,25-48m
C02945,Male,0,Yes,No,21,Yes,Yes,Fiber optic,No,No,No,Yes,No,Yes,Month-to-month,No,Electronic check,114.88,2313.87,Yes,13-24m
C02946,Female,1,Yes,Yes,16,Yes,Yes,DSL,No,No,No,Yes,Yes,No,Month-to-month,No,Mailed check,94.25,1475.51,No,13-24m
C02947,Male,0,Yes,No,24,Yes,No,No,No internet service,No internet service,No internet service,No internet service,No internet service,No internet service,One year,Yes,Bank transfer (automatic),40.83,984.46,No,13-24m
C02948,Female,0,No,Yes,62,Yes,No,DSL,Yes,Yes,No,No,No,Yes,One year,Yes,Electronic check,108.64,6718.21,No,49m+
C02949,Male,0,No,Yes,46,Yes,No,DSL,No,Yes,No,No,Yes,No,One year,Yes,Electronic check,96.56,4273.05,No,25-48m
C02950,Male,1,No,Yes,48,Yes,No,Fiber optic,No,No,No,Yes,No,No,Month-to-month,Yes,Electronic check,106.59,4916.11,No,25-48m
C02951,Female,0,No,No,48,Yes,Yes,Fiber optic,No,No,No,No,Yes,No,Month-to-month,Yes,Electronic check,123.69,5903.99,Yes,25-48m
C02952,Male,0,Yes,No,54,Yes,No,Fiber optic,No,No,Yes,No,No,No,Month-to-month,No,Credit card (automatic),107.81,5605.09,Yes,49m+
C02953,Male,0,Yes,Yes,35,Yes,No,Fiber optic,Yes,No,No,No,No,Yes,Two year,No,Electronic check,117.07,4089.31,No,25-48m
C02954,Male,0,Yes,Yes,20,Yes,Yes,Fiber optic,No,No,No,Yes,Yes,Yes,Two year,Yes,Electronic check,132.74,2769.86,Yes,13-24m
C02955,Female,0,No,No,26,Yes,Yes,Fiber optic,Yes,No,Yes,No,No,No,Month-to-month,Yes,Credit card (automatic),130.78,3531.76,Yes,25-48m
C02956,Male,1,Yes,Yes,23,Yes,No,Fiber optic,No,Yes,No,Yes,Yes,No,Month-to-month,No,Credit card (automatic),113.53,2530.67,No,13-24m
C02957,Female,0,Yes,No,10,Yes,Yes,Fiber optic,No,No,No,No,No,No,Month-to-month,Yes,Credit card (automatic),107.48,1099.56,No,7-12m
C02958,Female,0,No,No,53,Yes,No,Fiber optic,No,Yes,No,No,No,No,Month-to-month,Yes,Credit card (automatic),105.75,5657.68,Yes,49m+
C02959,Male,0,No,No,59,Yes,No,Fiber optic,No,No,No,No,Yes,No,One year,Yes,Electronic check,113.45,6863.38,Yes,49m+
C02960,Female,0,Yes,No,19,Yes,No,Fiber optic,Yes,No,No,No,No,Yes,One year,Yes,Credit card (automatic),104.4,1931.7,No,13-24m
C02961,Male,0,No,No,70,Yes,No,Fiber optic,No,Yes,Yes,No,Yes,Yes,Two year,Yes,Electronic check,139.79,9365.18,No,49m+
C02962,Female,0,Yes,No,21,Yes,No,DSL,No,No,No,No,No,Yes,Month-to-month,No,Credit card (automatic),85.57,1789.03,Yes,13-24m
C02963,Male,0,No,Yes,6,Yes,No,Fiber optic,No,No,No,No,Yes,Yes,Two year,Yes,Bank transfer (automatic),116.06,689.87,No,0-6m
C02964,Female,0,No,No,13,Yes,No,Fiber optic,Yes,No,No,Yes,No,Yes,One year,No,Mailed check,130.51,1659.43,No,13-24m
C02965,Female,1,Yes,Yes,68,Yes,Yes,Fiber optic,No,Yes,No,Yes,No,No,Month-to-month,Yes,Credit card (automatic),132.22,8609.12,Yes,49m+
C02966,Female,0,No,Yes,33,Yes,Yes,Fiber optic,No,No,Yes,No,No,No,Month-to-month,Yes,Mailed check,112.88,3634.18,Yes,25-48m
C02967,Female,0,Yes,No,30,Yes,Yes,DSL,No,No,No,Yes,Yes,No,Month-to-month,Yes,Mailed check,102.52,3097.78,Yes,25-48m
C02968,Female,0,Yes,No,60,Yes,Yes,No,No internet service,No internet service,No internet service,No internet service,No internet service,No internet service,Month-to-month,Yes,Bank transfer (automatic),47.48,2861.56,No,49m+
C02969,Male,0,Yes,Yes,30,Yes,No,Fiber optic,No,Yes,Yes,Yes,Yes,Yes,Month-to-month,Yes,Credit card (automatic),154.75,4579.74,No,25-48m
C02970,Male,0,Yes,No,4,Yes,No,No,No internet service,No internet service,No internet service,No internet service,No internet service,No internet service,Month-to-month,Yes,Electronic check,40.6,154.54,Yes,0-6m
C02971,Female,0,No,Yes,56,Yes,Yes,No,No internet service,No internet service,No internet service,No internet service,No internet service,No internet service,Two year,Yes,Credit card (automatic),44.48,2481.59,No,49m+
C02972,Male,0,No,No,1,Yes,No,No,No internet service,No internet service,No internet service,No internet service,No internet service,No internet service,Month-to-month,Yes,Bank transfer (automatic),37.15,37.14,No,0-6m
C02973,Male,1,No,No,31,No,No phone service,DSL,No,No,Yes,Yes,No,No,Two year,Yes,Mailed check,81.35,2539.73,No,25-48m
C02974,Female,0,No,No,69,Yes,No,Fiber optic,No,Yes,No,Yes,No,Yes,Month-to-month,Yes,Electronic check,115.02,7979.17,Yes,49m+
C02975,Female,0,No,No,46,Yes,Yes,Fiber optic,No,No,No,Yes,No,No,Two year,Yes,Mailed check,123.7,5693.83,No,25-48m
C02976,Male,1,No,No,5,Yes,No,Fiber optic,Yes,No,Yes,No,Yes,No,One year,Yes,Credit card (automatic),129.1,645.29,No,0-6m
C02977,Male,0,Yes,No,31,Yes,No,Fiber optic,No,Yes,Yes,No,Yes,Yes,Two year,No,Bank transfer (automatic),136.68,4159.81,No,25-48m
C02978,Female,0,No,No,62,Yes,Yes,Fiber optic,No,No,Yes,Yes,No,Yes,Month-to-month,No,Credit card (automatic),140.63,9018.94,Yes,49m+
C02979,Male,0,Yes,No,44,Yes,Yes,DSL,No,No,No,Yes,Yes,No,One year,No,Electronic check,102.36,4718.61,Yes,25-48m
C02980,Male,0,Yes,No,27,Yes,Yes,Fiber optic,No,Yes,Yes,No,No,No,One year,Yes,Credit card (automatic),120.17,3173.41,Yes,25-48m
C02981,Female,0,Yes,Yes,8,Yes,Yes,DSL,Yes,Yes,Yes,No,No,Yes,Month-to-month,No,Mailed check,123.93,1010.72,Yes,7-12m
C02982,Female,0,No,No,60,Yes,Yes,Fiber optic,Yes,Yes,No,Yes,No,No,Month-to-month,Yes,Electronic check,137.95,8185.74,Yes,49m+
C02983,Male,0,Yes,No,44,Yes,No,No,No internet service,No internet service,No internet service,No internet service,No internet service,No internet service,Month-to-month,No,Mailed check,43.82,1891.11,No,25-48m
C02984,Male,0,Yes,Yes,19,Yes,Yes,Fiber optic,No,No,No,No,Yes,No,Month-to-month,Yes,Bank transfer (automatic),105.83,1941.41,No,13-24m
C02985,Male,0,No,No,57,Yes,Yes,Fiber optic,Yes,No,Yes,Yes,No,No,Month-to-month,Yes,Mailed check,136.12,7384.58,Yes,49m+
C02986,Male,0,No,Yes,3,Yes,No,Fiber optic,No,No,No,Yes,No,No,Two year,Yes,Electronic check,115.95,331.36,Yes,0-6m
C02987,Female,0,No,No,72,Yes,Yes,Fiber optic,Yes,Yes,No,Yes,No,No,Month-to-month,Yes,Mailed check,125.3,9255.29,Yes,49m+
C02988,Female,1,Yes,Yes,27,Yes,No,DSL,No,No,No,No,No,Yes,Month-to-month,Yes,Bank transfer (automatic),82.82,2304.6,No,25-48m
C02989,Female,1,No,Yes,15,Yes,No,No,No internet service,No internet service,No internet service,No internet service,No internet service,No internet service,Month-to-month,Yes,Credit card (automatic),44.09,647.14,Yes,13-24m
C02990,Male,0,Yes,No,50,Yes,Yes,No,No internet service,No internet service,No internet service,No internet service,No internet service,No internet service,Month-to-month,Yes,Mailed check,48.14,2391.07,No,49m+
C02991,Female,1,No,No,56,Yes,Yes,DSL,No,Yes,No,No,No,Yes,Month-to-month,No,Electronic check,100.24,5455.36,No,49m+
C02992,Female,0,No,No,24,Yes,No,Fiber optic,Yes,Yes,No,Yes,No,Yes,Month-to-month,Yes,Electronic check,126.74,3062.5,No,13-24m
C02993,Female,0,Yes,Yes,15,Yes,Yes,No,No internet service,No internet service,No internet service,No internet service,No internet service,No internet service,Month-to-month,No,Mailed check,52.26,756.49,No,13-24m
C02994,Female,0,Yes,No,11,Yes,No,Fiber optic,No,Yes,No,No,No,Yes,Two year,Yes,Credit card (automatic),109.94,1218.79,Yes,7-12m
C02995,Female,0,No,No,31,Yes,No,Fiber optic,No,Yes,No,No,No,Yes,Month-to-month,No,Credit card (automatic),104.76,3115.52,No,25-48m
C02996,Female,0,No,No,3,Yes,No,DSL,No,No,Yes,No,No,Yes,One year,Yes,Electronic check,95.36,279.08,No,0-6m
C02997,Female,0,No,No,42,Yes,Yes,No,No internet service,No internet service,No internet service,No internet service,No internet service,No internet service,Month-to-month,Yes,Mailed check,51.94,2107.76,Yes,25-48m
C02998,Female,0,No,Yes,36,Yes,No,DSL,No,No,No,No,Yes,No,Month-to-month,Yes,Electronic check,89.73,3153.3,Yes,25-48m
C02999,Female,0,No,Yes,17,Yes,No,DSL,No,Yes,No,No,No,No,Two year,Yes,Mailed check,83.66,1427.66,No,13-24m
C03000,Male,0,Yes,No,63,Yes,No,DSL,Yes,Yes,Yes,No,No,No,Month-to-month,Yes,Bank transfer (automatic),91.8,5960.79,No,49m+
C03001,Female,0,Yes,Yes,16,Yes,Yes,Fiber optic,Yes,Yes,No,Yes,No,No,Two year,No,Credit card (automatic),120.52,1993.02,No,13-24m
C03002,Female,0,Yes,Yes,24,Yes,No,DSL,No,No,Yes,No,Yes,No,Two year,No,Bank transfer (automatic),101.26,2374.13,Yes,13-24m
C03003,Male,0,No,Yes,4,Yes,No,DSL,No,Yes,Yes,No,No,No,Two year,No,Credit card (automatic),91.71,361.01,Yes,0-6m
C03004,Female,0,Yes,No,27,No,No phone service,Fiber optic,Yes,No,Yes,No,Yes,Yes,One year,No,Bank transfer (automatic),106.03,2795.22,No,25-48m
C03005,Male,0,No,No,41,Yes,No,Fiber optic,Yes,Yes,No,No,No,Yes,Month-to-month,Yes,Mailed check,129.74,5342.22,Yes,25-48m
C03006,Male,0,No,No,71,Yes,No,Fiber optic,No,Yes,No,Yes,No,No,Month-to-month,No,Electronic check,118.16,8644.45,Yes,49m+
C03007,Male,1,No,No,54,Yes,No,DSL,No,Yes,Yes,Yes,No,No,One year,No,Bank transfer (automatic),93.54,5110.53,No,49m+
C03008,Female,0,Yes,Yes,15,Yes,Yes,Fiber optic,No,Yes,No,No,Yes,No,Month-to-month,Yes,Electronic check,111.34,1668.7,Yes,13-24m
C03009,Male,0,Yes,No,20,Yes,Yes,DSL,Yes,No,Yes,No,No,Yes,Month-to-month,No,Electronic check,118.22,2362.31,No,13-24m
C03010,Male,1,No,No,9,Yes,No,DSL,No,No,No,No,Yes,No,Two year,No,Credit card (automatic),88.95,769.83,No,7-12m
C03011,Male,0,Yes,Yes,5,Yes,No,DSL,No,No,No,No,No,No,One year,No,Mailed check,77.0,398.56,Yes,0-6m
C03012,Female,0,Yes,No,59,Yes,No,Fiber optic,No,Yes,No,No,Yes,Yes,Month-to-month,Yes,Credit card (automatic),128.97,7607.69,Yes,49m+
C03013,Female,0,Yes,Yes,16,Yes,Yes,No,No internet service,No internet service,No internet service,No internet service,No internet service,No internet service,Month-to-month,No,Electronic check,44.28,708.37,No,13-24m
C03014,Female,0,Yes,No,65,Yes,Yes,No,No internet service,No internet service,No internet service,No internet service,No internet service,No internet service,Month-to-month,Yes,Electronic check,46.68,2885.98,No,49m+
C03015,Male,0,Yes,No,11,Yes,No,Fiber optic,Yes,Yes,No,Yes,No,No,Month-to-month,Yes,Electronic check,123.12,1375.56,No,7-12m
C03016,Female,0,Yes,Yes,44,Yes,No,Fiber optic,No,Yes,No,No,Yes,No,Month-to-month,No,Credit card (automatic),122.5,5135.42,No,25-48m
C03017,Female,0,No,Yes,18,Yes,No,Fiber optic,No,No,No,No,No,No,One year,Yes,Electronic check,95.34,1742.34,Yes,13-24m
C03018,Female,0,Yes,No,58,Yes,Yes,DSL,Yes,No,No,No,No,No,One year,No,Mailed check,98.37,5869.0,Yes,49m+
C03019,Female,0,Yes,Yes,46,Yes,Yes,DSL,Yes,Yes,No,No,Yes,No,One year,No,Mailed check,105.15,5026.27,No,25-48m
C03020,Male,0,Yes,Yes,45,Yes,Yes,DSL,Yes,No,No,Yes,No,No,Month-to-month,Yes,Electronic check,106.64,4672.25,Yes,25-48m
C03021,Male,0,Yes,No,66,Yes,Yes,Fiber optic,No,No,Yes,Yes,Yes,Yes,Month-to-month,Yes,Mailed check,133.81,9177.78,No,49m+
C03022,Male,0,No,No,19,Yes,No,No,No internet service,No internet service,No internet service,No internet service,No internet service,No internet service,Month-to-month,Yes,Electronic check,41.37,788.41,Yes,13-24m
C03023,Male,1,No,No,38,No,No phone service,Fiber optic,No,No,No,No,Yes,No,Month-to-month,Yes,Bank transfer (automatic),91.0,3540.16,Yes,25-48m
C03024,Female,0,No,Yes,40,Yes,No,Fiber optic,Yes,Yes,No,Yes,Yes,No,Month-to-month,No,Mailed check,140.68,5737.46,Yes,25-48m
C03025,Female,0,Yes,No,17,Yes,Yes,Fiber optic,No,No,No,No,No,Yes,Month-to-month,No,Electronic check,117.59,2016.69,Yes,13-24m
C03026,Male,0,Yes,No,30,Yes,No,DSL,Yes,No,No,No,No,No,Month-to-month,No,Electronic check,90.64,2803.88,Yes,25-48m
C03027,Female,1,No,Yes,21,Yes,No,Fiber optic,No,No,No,No,No,Yes,Month-to-month,Yes,Credit card (automatic),116.4,2356.78,No,13-24m
C03028,Male,1,Yes,No,29,Yes,No,Fiber optic,No,No,Yes,Yes,No,Yes,Month-to-month,Yes,Mailed check,120.66,3600.02,No,25-48m
C03029,Male,0,No,No,65,Yes,Yes,Fiber optic,Yes,No,No,No,No,Yes,Month-to-month,No,Credit card (automatic),112.22,7371.0,No,49m+
C03030,Female,0,No,No,44,Yes,No,Fiber optic,Yes,No,No,No,Yes,Yes,Month-to-month,No,Credit card (automatic),122.9,5486.4,No,25-48m
C03031,Male,0,No,No,61,No,No phone service,DSL,Yes,No,No,No,No,No,One year,Yes,Mailed check,74.05,4389.24,Yes,49m+
C03032,Female,1,No,No,17,Yes,No,No,No internet service,No internet service,No internet service,No internet service,No internet service,No internet service,One year,Yes,Bank transfer (automatic),44.52,760.83,No,13-24m
C03033,Female,0,Yes,No,24,Yes,No,DSL,No,No,No,No,Yes,Yes,Month-to-month,Yes,Bank transfer (automatic),94.98,2343.58,No,13-24m
C03034,Male,0,No,Yes,63,Yes,Yes,Fiber optic,No,No,No,Yes,Yes,No,Month-to-month,Yes,Mailed check,124.41,7729.96,Yes,49m+
C03035,Female,0,Yes,No,66,Yes,Yes,Fiber optic,Yes,Yes,No,No,No,Yes,Month-to-month,Yes,Mailed check,141.47,8901.4,No,49m+
C03036,Female,0,No,No,63,Yes,Yes,DSL,No,Yes,No,No,No,Yes,One year,No,Mailed check,111.07,6951.79,Yes,49m+
C03037,Male,1,Yes,No,72,Yes,No,No,No internet service,No internet service,No internet service,No internet service,No internet service,No internet service,Month-to-month,No,Mailed check,44.28,3203.14,Yes,49m+
C03038,Male,1,No,Yes,25,Yes,Yes,Fiber optic,No,No,Yes,No,No,No,One year,Yes,Bank transfer (automatic),114.71,2819.29,No,25-48m
C03039,Female,0,Yes,Yes,54,No,No phone service,Fiber optic,Yes,No,Yes,No,Yes,No,Month-to-month,No,Bank transfer (automatic),97.5,5204.09,Yes,49m+
C03040,Male,0,No,Yes,62,Yes,No,Fiber optic,Yes,Yes,No,No,No,No,Month-to-month,No,Bank transfer (automatic),122.83,7737.77,No,49m+
C03041,Male,0,No,Yes,45,Yes,No,Fiber optic,Yes,No,No,No,Yes,Yes,Month-to-month,Yes,Credit card (automatic),124.97,5404.9,Yes,25-48m
C03042,Male,0,Yes,No,3,Yes,No,DSL,No,No,No,No,No,Yes,Two year,No,Mailed check,83.6,244.25,No,0-6m
C03043,Female,0,Yes,No,33,Yes,No,DSL,Yes,Yes,No,No,No,No,One year,No,Bank transfer (automatic),97.28,3244.97,No,25-48m
C03044,Male,0,Yes,No,38,Yes,No,DSL,No,No,No,No,No,Yes,Month-to-month,No,Mailed check,94.96,3606.86,Yes,25-48m
C03045,Female,0,Yes,Yes,62,Yes,No,DSL,Yes,No,Yes,No,No,No,Month-to-month,No,Electronic check,82.95,5223.48,No,49m+
C03046,Male,0,Yes,Yes,55,Yes,No,Fiber optic,Yes,No,No,No,Yes,No,Month-to-month,Yes,Credit card (automatic),121.91,6989.4,No,49m+
C03047,Female,0,Yes,No,48,Yes,No,Fiber optic,Yes,No,No,Yes,Yes,Yes,Two year,Yes,Electronic check,125.77,5942.96,No,25-48m
C03048,Female,0,No,No,2,Yes,No,DSL,No,No,Yes,No,Yes,No,Two year,Yes,Mailed check,86.63,175.8,Yes,0-6m
C03049,Female,1,Yes,No,69,Yes,Yes,DSL,No,No,No,No,Yes,Yes,Month-to-month,No,Bank transfer (automatic),99.53,6641.1,No,49m+
C03050,Male,1,Yes,Yes,66,Yes,No,DSL,No,Yes,Yes,No,Yes,No,Month-to-month,Yes,Credit card (automatic),105.0,7184.68,No,49m+
C03051,Female,0,Yes,No,67,Yes,No,No,No internet service,No internet service,No internet service,No internet service,No internet service,No internet service,Two year,No,Bank transfer (automatic),42.49,2802.15,No,49m+
C03052,Female,1,Yes,No,56,Yes,No,No,No internet service,No internet service,No internet service,No internet service,No internet service,No internet service,Month-to-month,No,Bank transfer (automatic),44.52,2536.64,No,49m+
C03053,Male,0,No,Yes,44,Yes,Yes,DSL,No,Yes,No,No,No,No,One year,Yes,Credit card (automatic),94.35,4054.88,No,25-48m
C03054,Male,1,No,Yes,64,Yes,No,DSL,No,Yes,No,No,No,No,Month-to-month,No,Bank transfer (automatic),84.3,5587.69,Yes,49m+
C03055,Male,0,No,No,12,Yes,No,DSL,No,No,No,No,No,No,Month-to-month,No,Credit card (automatic),73.77,865.35,No,7-12m
C03056,Male,0,No,No,24,Yes,No,Fiber optic,No,Yes,No,No,No,Yes,Two year,No,Credit card (automatic),119.34,2774.18,Yes,13-24m
C03057,Male,1,No,No,62,Yes,Yes,DSL,No,Yes,Yes,No,Yes,No,Month-to-month,Yes,Electronic check,116.15,7190.33,Yes,49m+
C03058,Male,0,No,No,50,Yes,No,No,No internet service,No internet service,No internet service,No internet service,No internet service,No internet service,Month-to-month,No,Credit card (automatic),40.69,2029.68,No,49m+
C03059,Male,0,No,No,1,Yes,No,Fiber optic,No,No,No,No,No,No,Month-to-month,No,Bank transfer (automatic),104.22,105.59,No,0-6m
C03060,Male,0,Yes,No,53,Yes,Yes,Fiber optic,No,No,Yes,No,Yes,No,Month-to-month,Yes,Credit card (automatic),128.39,6630.51,Yes,49m+
C03061,Male,0,No,No,70,Yes,Yes,DSL,No,Yes,No,No,Yes,No,One year,No,Credit card (automatic),112.46,8024.25,Yes,49m+
C03062,Male,0,Yes,No,11,Yes,No,Fiber optic,No,Yes,No,Yes,No,No,Two year,Yes,Credit card (automatic),119.12,1332.08,Yes,7-12m
C03063,Male,0,No,No,54,No,No phone service,Fiber optic,No,Yes,No,No,No,No,Month-to-month,Yes,Electronic check,87.0,4604.61,Yes,49m+
C03064,Female,0,Yes,No,11,Yes,Yes,Fiber optic,No,No,Yes,No,Yes,Yes,Month-to-month,No,Electronic check,122.64,1285.86,Yes,7-12m
C03065,Male,0,No,Yes,3,Yes,No,DSL,No,Yes,No,No,Yes,Yes,Month-to-month,No,Electronic check,114.98,355.96,Yes,0-6m
C03066,Male,0,No,No,13,Yes,No,Fiber optic,No,No,No,No,No,No,Month-to-month,Yes,Mailed check,100.1,1320.84,No,13-24m
C03067,Female,0,Yes,No,42,Yes,Yes,No,No internet service,No internet service,No internet service,No internet service,No internet service,No internet service,Month-to-month,Yes,Mailed check,52.85,2307.0,Yes,25-48m
C03068,Male,1,Yes,Yes,2,Yes,No,No,No internet service,No internet service,No internet service,No internet service,No internet service,No internet service,One year,Yes,Credit card (automatic),39.84,80.46,No,0-6m
C03069,Male,0,Yes,Yes,57,Yes,No,Fiber optic,Yes,Yes,No,No,Yes,No,Month-to-month,Yes,Credit card (automatic),120.16,6920.82,No,49m+
C03070,Female,1,No,Yes,47,Yes,No,Fiber optic,No,Yes,No,No,No,Yes,Month-to-month,No,Credit card (automatic),117.09,5337.39,Yes,25-48m
C03071,Male,0,Yes,No,63,Yes,No,DSL,Yes,No,Yes,No,No,No,Month-to-month,Yes,Bank transfer (automatic),90.98,5548.98,No,49m+
C03072,Male,0,No,Yes,29,No,No phone service,No,No internet service,No internet service,No internet service,No internet service,No internet service,No internet service,One year,No,Bank transfer (automatic),26.33,758.88,No,25-48m
C03073,Female,0,Yes,Yes,34,Yes,Yes,Fiber optic,Yes,No,No,No,No,No,Month-to-month,Yes,Electronic check,115.05,3992.66,Yes,25-48m
C03074,Male,0,Yes,Yes,72,Yes,Yes,Fiber optic,No,Yes,No,No,No,Yes,Two year,No,Credit card (automatic),130.33,8999.31,Yes,49m+
C03075,Male,0,Yes,Yes,35,Yes,No,No,No internet service,No internet service,No internet service,No internet service,No internet service,No internet service,Two year,Yes,Bank transfer (automatic),40.11,1352.25,No,25-48m
C03076,Female,0,Yes,No,8,Yes,No,DSL,No,No,No,No,No,No,One year,Yes,Electronic check,79.52,641.27,Yes,7-12m
C03077,Female,0,No,Yes,37,Yes,No,Fiber optic,No,Yes,Yes,No,No,No,Two year,Yes,Electronic check,111.64,4013.35,No,25-48m
C03078,Female,0,No,Yes,59,Yes,No,Fiber optic,No,No,No,Yes,No,No,Two year,Yes,Electronic check,102.49,6105.09,Yes,49m+
C03079,Male,1,No,No,3,Yes,No,Fiber optic,Yes,Yes,No,No,No,No,One year,Yes,Bank transfer (automatic),115.55,337.05,No,0-6m
C03080,Male,0,No,Yes,67,Yes,Yes,Fiber optic,No,No,No,No,No,Yes,Month-to-month,Yes,Electronic check,111.62,7648.94,Yes,49m+
C03081,Female,0,No,No,69,Yes,No,Fiber optic,No,No,No,No,No,Yes,Month-to-month,Yes,Credit card (automatic),100.61,6896.32,No,49m+
C03082,Female,0,Yes,No,61,Yes,No,Fiber optic,Yes,No,Yes,No,No,No,Month-to-month,No,Electronic check,122.07,7468.23,No,49m+
C03083,Male,0,No,No,48,Yes,No,No,No internet service,No internet service,No internet service,No internet service,No internet service,No internet service,Month-to-month,Yes,Credit card (automatic),37.1,1805.59,No,25-48m
C03084,Female,0,No,Yes,12,Yes,Yes,Fiber optic,No,No,Yes,No,No,Yes,Month-to-month,Yes,Electronic check,131.58,1516.73,Yes,7-12m
C03085,Female,0,Yes,Yes,33,Yes,No,Fiber optic,Yes,Yes,Yes,No,No,No,One year,No,Bank transfer (automatic),122.85,4075.98,No,25-48m
C03086,Female,0,No,No,41,Yes,Yes,Fiber optic,No,Yes,No,No,Yes,Yes,Month-to-month,No,Credit card (automatic),130.46,5114.42,No,25-48m
C03087,Male,1,No,No,31,Yes,Yes,DSL,No,No,Yes,No,No,Yes,One year,Yes,Credit card (automatic),93.74,2868.9,No,25-48m
C03088,Male,0,Yes,No,68,Yes,No,DSL,Yes,No,No,Yes,No,Yes,Two year,Yes,Mailed check,106.0,7462.08,No,49m+
C03089,Male,1,No,No,56,Yes,Yes,Fiber optic,No,Yes,No,No,Yes,No,Month-to-month,No,Mailed check,113.77,6623.01,Yes,49m+
C03090,Female,1,Yes,No,27,Yes,Yes,No,No internet service,No internet service,No internet service,No internet service,No internet service,No internet service,Month-to-month,Yes,Electronic check,51.14,1347.9,No,25-48m
C03091,Female,0,Yes,No,3,Yes,No,Fiber optic,Yes,No,Yes,No,No,Yes,Month-to-month,No,Credit card (automatic),124.44,387.81,No,0-6m
C03092,Female,0,Yes,No,34,Yes,No,No,No internet service,No internet service,No internet service,No internet service,No internet service,No internet service,Month-to-month,Yes,Electronic check,40.76,1395.54,Yes,25-48m
C03093,Male,0,Yes,No,51,Yes,No,No,No internet service,No internet service,No internet service,No internet service,No internet service,No internet service,Two year,Yes,Electronic check,38.61,2001.94,No,49m+
C03094,Female,0,Yes,No,63,Yes,No,Fiber optic,No,Yes,No,Yes,No,No,Month-to-month,Yes,Electronic check,110.27,7271.33,Yes,49m+
C03095,Female,0,No,No,57,Yes,No,Fiber optic,No,Yes,Yes,No,No,No,Month-to-month,Yes,Mailed check,104.34,5875.2,Yes,49m+
C03096,Male,1,Yes,Yes,61,No,No phone service,DSL,No,No,Yes,No,No,Yes,Two year,No,Bank transfer (automatic),78.6,4686.6,No,49m+
C03097,Female,0,No,No,69,Yes,Yes,No,No internet service,No internet service,No internet service,No internet service,No internet service,No internet service,Two year,No,Electronic check,45.24,3258.75,No,49m+
C03098,Female,0,No,No,47,Yes,No,DSL,No,No,No,No,No,No,Two year,Yes,Mailed check,82.1,3676.24,No,25-48m
C03099,Male,0,Yes,No,6,Yes,Yes,No,No internet service,No internet service,No internet service,No internet service,No internet service,No internet service,Month-to-month,Yes,Electronic check,50.52,311.68,No,0-6m
C03100,Male,0,No,Yes,23,Yes,No,Fiber optic,Yes,No,Yes,Yes,No,Yes,One year,No,Electronic check,125.22,2884.75,No,13-24m
C03101,Male,0,Yes,No,12,Yes,Yes,No,No internet service,No internet service,No internet service,No internet service,No internet service,No internet service,Month-to-month,Yes,Bank transfer (automatic),47.87,582.92,No,7-12m
C03102,Male,0,Yes,No,57,Yes,Yes,No,No internet service,No internet service,No internet service,No internet service,No internet service,No internet service,One year,Yes,Credit card (automatic),47.25,2687.91,No,49m+
C03103,Male,0,No,Yes,18,Yes,No,No,No internet service,No internet service,No internet service,No internet service,No internet service,No internet service,Two year,Yes,Bank transfer (automatic),37.58,662.5,No,13-24m
C03104,Female,0,No,No,52,Yes,No,DSL,Yes,No,Yes,Yes,Yes,Yes,Month-to-month,Yes,Mailed check,118.98,6264.26,No,49m+
C03105,Female,0,Yes,Yes,59,Yes,No,DSL,Yes,Yes,No,No,Yes,Yes,Month-to-month,No,Mailed check,104.69,5891.68,Yes,49m+
C03106,Female,0,Yes,No,43,Yes,Yes,Fiber optic,Yes,Yes,No,No,Yes,Yes,Month-to-month,Yes,Electronic check,134.69,5897.67,No,25-48m
C03107,Female,0,Yes,Yes,4,Yes,No,DSL,No,No,No,Yes,Yes,No,Month-to-month,Yes,Mailed check,95.69,372.68,No,0-6m
C03108,Female,0,Yes,Yes,25,Yes,No,DSL,Yes,No,No,No,No,No,Two year,Yes,Credit card (automatic),92.49,2360.64,No,25-48m
C03109,Female,1,Yes,No,24,Yes,No,DSL,Yes,No,Yes,No,Yes,Yes,Two year,No,Bank transfer (automatic),104.42,2573.65,No,13-24m
C03110,Female,1,Yes,No,27,Yes,No,DSL,No,No,No,No,No,Yes,Month-to-month,No,Credit card (automatic),80.97,2200.79,Yes,25-48m
C03111,Male,0,Yes,No,12,Yes,Yes,Fiber optic,No,No,No,No,No,Yes,Two year,No,Mailed check,112.77,1297.82,Yes,7-12m
C03112,Female,1,No,No,29,Yes,No,DSL,No,No,No,No,No,No,Month-to-month,No,Bank transfer (automatic),75.76,2118.86,No,25-48m
C03113,Male,0,Yes,Yes,9,Yes,No,No,No internet service,No internet service,No internet service,No internet service,No internet service,No internet service,Month-to-month,Yes,Mailed check,36.94,321.72,No,7-12m
C03114,Female,0,Yes,No,4,Yes,No,Fiber optic,No,No,No,No,Yes,Yes,Month-to-month,Yes,Mailed check,112.09,461.36,No,0-6m
C03115,Female,0,No,No,27,Yes,No,Fiber optic,No,No,No,No,No,No,Month-to-month,No,Bank transfer (automatic),94.14,2636.85,No,25-48m
C03116,Male,1,No,No,6,Yes,No,Fiber optic,No,No,No,No,No,No,Two year,No,Credit card (automatic),95.27,587.97,Yes,0-6m
C03117,Male,0,Yes,No,56,No,No phone service,DSL,No,No,No,No,No,No,One year,Yes,Bank transfer (automatic),62.96,3616.89,Yes,49m+
C03118,Female,0,No,Yes,8,Yes,No,DSL,No,Yes,Yes,No,No,Yes,Month-to-month,Yes,Credit card (automatic),103.65,832.63,Yes,7-12m
C03119,Female,0,No,No,18,Yes,Yes,No,No internet service,No internet service,No internet service,No internet service,No internet service,No internet service,Month-to-month,Yes,Electronic check,51.08,919.46,Yes,13-24m
C03120,Male,1,No,Yes,45,Yes,Yes,Fiber optic,No,Yes,Yes,No,No,No,One year,No,Bank transfer (automatic),113.09,5331.88,No,25-48m
C03121,Female,0,No,No,13,Yes,No,Fiber optic,No,Yes,No,No,Yes,Yes,One year,Yes,Credit card (automatic),128.44,1751.58,Yes,13-24m
C03122,Female,1,Yes,Yes,56,Yes,Yes,DSL,Yes,No,No,No,No,No,Two year,No,Credit card (automatic),88.38,4883.12,No,49m+
C03123,Female,0,No,No,35,Yes,Yes,DSL,Yes,Yes,Yes,No,Yes,No,One year,Yes,Bank transfer (automatic),113.45,4144.49,No,25-48m
C03124,Male,1,No,Yes,51,No,No phone service,Fiber optic,No,Yes,Yes,No,Yes,No,Month-to-month,Yes,Bank transfer (automatic),104.03,5558.06,Yes,49m+
C03125,Male,1,No,No,19,Yes,No,No,No internet service,No internet service,No internet service,No internet service,No internet service,No internet service,Month-to-month,No,Electronic check,38.49,725.09,Yes,13-24m
C03126,Male,0,No,No,8,Yes,Yes,Fiber optic,Yes,No,No,Yes,Yes,No,Month-to-month,Yes,Electronic check,132.11,1030.3,Yes,7-12m
C03127,Male,0,No,No,72,Yes,Yes,Fiber optic,No,No,Yes,No,No,Yes,One year,Yes,Mailed check,117.61,8115.7,No,49m+
C03128,Male,0,No,No,69,Yes,Yes,Fiber optic,No,No,No,Yes,No,No,Two year,Yes,Mailed check,122.02,8034.48,No,49m+
C03129,Female,0,No,Yes,72,Yes,Yes,Fiber optic,No,Yes,No,No,Yes,Yes,Month-to-month,Yes,Electronic check,136.72,9890.98,No,49m+
C03130,Female,0,No,Yes,68,Yes,No,Fiber optic,No,No,No,Yes,No,No,One year,Yes,Credit card (automatic),96.59,6297.61,No,49m+
C03131,Female,0,Yes,Yes,28,Yes,Yes,DSL,Yes,Yes,No,No,No,No,Month-to-month,Yes,Credit card (automatic),94.02,2755.47,Yes,25-48m
C03132,Female,0,Yes,No,26,No,No phone service,Fiber optic,No,Yes,No,No,Yes,No,Month-to-month,Yes,Credit card (automatic),102.5,2732.22,Yes,25-48m
C03133,Female,0,Yes,Yes,40,Yes,No,DSL,Yes,Yes,No,Yes,Yes,Yes,Month-to-month,Yes,Electronic check,117.84,4838.12,No,25-48m
C03134,Female,0,Yes,No,19,Yes,No,Fiber optic,No,No,No,No,No,No,Month-to-month,No,Bank transfer (automatic),99.05,1954.62,No,13-24m
C03135,Female,0,No,No,72,Yes,No,DSL,Yes,No,Yes,Yes,Yes,No,Two year,Yes,Electronic check,121.41,9075.14,No,49m+
C03136,Female,0,Yes,No,64,Yes,No,Fiber optic,No,Yes,Yes,No,No,Yes,Month-to-month,Yes,Mailed check,111.53,7384.6,Yes,49m+
C03137,Female,0,Yes,No,60,Yes,Yes,Fiber optic,No,Yes,No,Yes,Yes,No,Month-to-month,No,Mailed check,124.86,7657.87,No,49m+
C03138,Female,0,No,No,71,Yes,Yes,DSL,No,Yes,Yes,No,Yes,Yes,Month-to-month,Yes,Electronic check,120.29,8126.43,Yes,49m+
C03139,Female,0,Yes,No,9,Yes,Yes,DSL,No,No,Yes,Yes,No,No,Two year,Yes,Credit card (automatic),108.65,972.6,Yes,7-12m
C03140,Male,0,No,No,8,Yes,No,No,No internet service,No internet service,No internet service,No internet service,No internet service,No internet service,Month-to-month,Yes,Credit card (automatic),43.45,341.32,No,7-12m
C03141,Male,0,No,Yes,47,Yes,Yes,No,No internet service,No internet service,No internet service,No internet service,No internet service,No internet service,One year,Yes,Electronic check,50.84,2384.67,No,25-48m
C03142,Male,0,No,No,18,Yes,Yes,Fiber optic,No,Yes,No,No,No,Yes,Month-to-month,Yes,Bank transfer (automatic),133.4,2422.18,No,13-24m
C03143,Male,0,Yes,No,59,Yes,No,Fiber optic,No,No,No,No,No,No,Month-to-month,Yes,Bank transfer (automatic),99.31,5812.64,Yes,49m+
C03144,Male,0,Yes,Yes,4,Yes,No,DSL,No,Yes,Yes,No,No,No,One year,No,Electronic check,86.19,339.6,No,0-6m
C03145,Female,0,No,Yes,1,Yes,Yes,Fiber optic,Yes,No,No,No,Yes,No,Month-to-month,Yes,Bank transfer (automatic),130.45,129.67,Yes,0-6m
C03146,Male,1,No,No,22,Yes,Yes,Fiber optic,No,Yes,No,Yes,Yes,Yes,One year,No,Credit card (automatic),139.44,3155.48,No,13-24m
C03147,Male,0,No,Yes,71,Yes,Yes,DSL,No,No,No,Yes,No,Yes,Month-to-month,No,Bank transfer (automatic),106.53,7381.25,No,49m+
C03148,Female,0,No,No,29,Yes,No,DSL,Yes,Yes,No,Yes,Yes,No,One year,No,Credit card (automatic),111.8,3206.73,No,25-48m
C03149,Male,0,Yes,No,31,Yes,Yes,Fiber optic,Yes,No,No,No,No,No,Month-to-month,No,Electronic check,117.38,3473.15,No,25-48m
C03150,Female,0,No,No,12,Yes,No,Fiber optic,No,Yes,Yes,No,Yes,No,Month-to-month,Yes,Bank transfer (automatic),110.58,1280.45,Yes,7-12m
C03151,Male,0,Yes,Yes,69,Yes,No,No,No internet service,No internet service,No internet service,No internet service,No internet service,No internet service,Month-to-month,No,Electronic check,41.79,2808.27,Yes,49m+
C03152,Female,0,No,No,12,Yes,Yes,DSL,No,No,No,No,No,Yes,One year,No,Electronic check,95.82,1161.78,No,7-12m
C03153,Female,0,No,No,58,Yes,No,No,No internet service,No internet service,No internet service,No internet service,No internet service,No internet service,Two year,Yes,Electronic check,41.07,2273.54,No,49m+
C03154,Male,0,No,Yes,10,Yes,No,Fiber optic,No,Yes,Yes,Yes,No,No,Two year,No,Bank transfer (automatic),109.64,1102.55,No,7-12m
C03155,Male,0,No,No,43,Yes,Yes,Fiber optic,No,No,No,No,No,No,One year,Yes,Mailed check,99.92,4448.52,No,25-48m
C03156,Male,1,No,No,60,Yes,Yes,DSL,No,No,Yes,No,Yes,No,One year,No,Credit card (automatic),100.68,5927.12,Yes,49m+
C03157,Male,1,No,No,22,Yes,No,Fiber optic,No,Yes,Yes,No,Yes,No,One year,No,Electronic check,125.33,2790.64,Yes,13-24m
C03158,Female,0,Yes,Yes,54,Yes,No,No,No internet service,No internet service,No internet service,No internet service,No internet service,No internet service,Month-to-month,No,Electronic check,41.37,2302.46,No,49m+
C03159,Female,0,Yes,No,23,Yes,No,DSL,No,Yes,Yes,No,No,Yes,Month-to-month,No,Electronic check,92.32,2108.69,Yes,13-24m
C03160,Male,0,Yes,No,49,No,No phone service,Fiber optic,No,No,Yes,No,Yes,No,Month-to-month,Yes,Credit card (automatic),105.6,5385.24,No,49m+
C03161,Female,0,No,No,51,Yes,Yes,DSL,No,No,Yes,Yes,No,No,Month-to-month,No,Bank transfer (automatic),103.98,5490.49,Yes,49m+
C03162,Male,0,No,Yes,65,Yes,No,No,No internet service,No internet service,No internet service,No internet service,No internet service,No internet service,Two year,Yes,Electronic check,38.25,2476.73,No,49m+
C03163,Male,0,No,No,51,Yes,Yes,Fiber optic,Yes,No,No,Yes,Yes,Yes,Two year,Yes,Electronic check,147.8,7183.74,No,49m+
C03164,Male,1,Yes,No,11,Yes,Yes,DSL,No,No,No,No,No,Yes,Month-to-month,Yes,Electronic check,99.18,1052.32,Yes,7-12m
C03165,Male,0,Yes,Yes,57,Yes,No,No,No internet service,No internet service,No internet service,No internet service,No internet service,No internet service,Two year,No,Electronic check,44.0,2514.28,Yes,49m+
C03166,Female,0,Yes,No,28,Yes,Yes,Fiber optic,Yes,No,Yes,No,No,Yes,Two year,No,Electronic check,130.18,3766.82,No,25-48m
C03167,Male,0,Yes,Yes,20,Yes,No,No,No internet service,No internet service,No internet service,No internet service,No internet service,No internet service,One year,Yes,Electronic check,43.97,873.16,No,13-24m
C03168,Male,0,Yes,No,32,Yes,No,No,No internet service,No internet service,No internet service,No internet service,No internet service,No internet service,Month-to-month,Yes,Electronic check,40.19,1334.21,No,25-48m
C03169,Female,0,No,No,2,Yes,No,Fiber optic,No,Yes,No,No,Yes,No,Month-to-month,Yes,Electronic check,125.4,244.44,Yes,0-6m
C03170,Male,0,No,Yes,38,Yes,Yes,Fiber optic,No,No,No,No,No,Yes,Two year,No,Electronic check,125.18,4603.04,No,25-48m
C03171,Male,0,No,Yes,33,Yes,Yes,DSL,No,No,No,Yes,No,Yes,One year,Yes,Mailed check,105.9,3664.45,Yes,25-48m
C03172,Female,1,Yes,No,43,Yes,Yes,DSL,Yes,No,No,No,No,Yes,Month-to-month,No,Credit card (automatic),99.45,4202.77,No,25-48m
C03173,Female,0,Yes,Yes,44,Yes,Yes,DSL,Yes,Yes,Yes,Yes,Yes,No,Two year,Yes,Electronic check,124.06,5631.8,No,25-48m
C03174,Female,1,Yes,No,32,Yes,No,Fiber optic,Yes,No,Yes,No,Yes,Yes,Month-to-month,Yes,Mailed check,131.87,4323.19,Yes,25-48m
C03175,Male,0,No,No,41,No,No phone service,Fiber optic,Yes,No,Yes,No,Yes,No,One year,Yes,Bank transfer (automatic),113.19,4864.7,No,25-48m
C03176,Male,1,Yes,Yes,59,Yes,No,DSL,No,No,Yes,No,No,No,Month-to-month,Yes,Bank transfer (automatic),81.07,4785.98,Yes,49m+
C03177,Female,0,No,Yes,27,Yes,Yes,DSL,Yes,No,No,No,No,No,Month-to-month,No,Bank transfer (automatic),95.54,2659.3,No,25-48m
C03178,Male,0,No,No,19,Yes,Yes,Fiber optic,No,Yes,Yes,No,No,No,One year,Yes,Electronic check,113.94,2070.17,Yes,13-24m
C03179,Female,0,Yes,No,57,Yes,Yes,DSL,No,Yes,Yes,Yes,Yes,No,Two year,No,Electronic check,122.5,7096.9,Yes,49m+
C03180,Male,0,Yes,Yes,50,Yes,No,DSL,No,Yes,Yes,Yes,Yes,No,Two year,Yes,Credit card (automatic),109.56,5448.85,No,49m+
C03181,Male,0,Yes,No,59,Yes,Yes,DSL,No,Yes,No,No,No,Yes,Month-to-month,Yes,Mailed check,94.41,5685.03,Yes,49m+
C03182,Male,0,No,Yes,51,No,No phone service,Fiber optic,Yes,Yes,Yes,No,Yes,No,Month-to-month,No,Mailed check,123.13,6556.78,No,49m+
C03183,Female,0,Yes,No,32,Yes,Yes,Fiber optic,No,Yes,No,Yes,No,No,One year,No,Electronic check,122.23,3936.72,No,25-48m
C03184,Female,1,No,No,16,Yes,No,DSL,No,Yes,No,No,No,No,Month-to-month,Yes,Bank transfer (automatic),91.9,1506.65,Yes,13-24m
C03185,Male,0,No,No,23,Yes,Yes,No,No internet service,No internet service,No internet service,No internet service,No internet service,No internet service,One year,No,Electronic check,50.36,1127.32,Yes,13-24m
C03186,Male,1,Yes,No,6,No,No phone service,DSL,No,No,Yes,No,Yes,Yes,Month-to-month,No,Electronic check,90.14,553.37,No,0-6m
C03187,Male,0,No,No,54,Yes,No,Fiber optic,No,No,Yes,No,No,No,Month-to-month,Yes,Electronic check,101.18,5313.47,Yes,49m+
C03188,Female,0,No,No,25,No,No phone service,Fiber optic,No,Yes,No,No,Yes,Yes,One year,Yes,Bank transfer (automatic),110.91,2715.04,Yes,25-48m
C03189,Female,0,Yes,No,8,Yes,Yes,DSL,No,No,No,No,No,No,Month-to-month,No,Electronic check,76.55,634.99,No,7-12m
C03190,Male,0,No,No,18,Yes,Yes,No,No internet service,No internet service,No internet service,No internet service,No internet service,No internet service,Two year,Yes,Bank transfer (automatic),51.07,917.1,No,13-24m
C03191,Male,0,No,No,25,Yes,Yes,Fiber optic,No,No,No,Yes,No,No,One year,Yes,Electronic check,123.93,3176.28,Yes,25-48m
C03192,Male,0,No,Yes,16,Yes,Yes,Fiber optic,No,Yes,No,No,No,No,Two year,Yes,Credit card (automatic),103.42,1581.32,Yes,13-24m
C03193,Male,0,Yes,No,35,Yes,No,No,No internet service,No internet service,No internet service,No internet service,No internet service,No internet service,Two year,Yes,Mailed check,38.72,1373.6,No,25-48m
C03194,Male,0,No,Yes,6,Yes,No,No,No internet service,No internet service,No internet service,No internet service,No internet service,No internet service,Two year,Yes,Credit card (automatic),44.56,270.76,No,0-6m
C03195,Male,0,No,No,3,Yes,Yes,Fiber optic,No,No,No,No,No,No,Month-to-month,No,Electronic check,111.84,329.88,Yes,0-6m
C03196,Male,0,No,No,22,Yes,No,DSL,No,Yes,No,No,No,Yes,Month-to-month,Yes,Electronic check,89.35,2021.36,Yes,13-24m
C03197,Female,0,No,No,5,No,No phone service,DSL,No,No,Yes,No,Yes,Yes,Month-to-month,No,Bank transfer (automatic),87.78,448.93,Yes,0-6m
C03198,Male,0,No,No,69,Yes,No,Fiber optic,Yes,Yes,No,No,No,Yes,Two year,Yes,Credit card (automatic),116.42,7946.44,No,49m+
C03199,Female,0,Yes,Yes,51,Yes,No,Fiber optic,Yes,No,No,No,Yes,No,Two year,No,Electronic check,119.83,6134.62,No,49m+
C03200,Female,0,No,No,53,Yes,No,DSL,Yes,No,No,No,Yes,No,Month-to-month,No,Bank transfer (automatic),96.57,4932.08,No,49m+
C03201,Male,0,No,No,55,Yes,Yes,DSL,Yes,No,Yes,No,No,No,Two year,Yes,Bank transfer (automatic),97.99,5514.39,No,49m+
C03202,Female,1,No,No,25,Yes,No,Fiber optic,Yes,No,Yes,Yes,Yes,No,Month-to-month,Yes,Electronic check,125.88,3165.83,No,25-48m
C03203,Male,0,Yes,No,41,Yes,Yes,Fiber optic,No,Yes,Yes,No,No,No,Month-to-month,Yes,Bank transfer (automatic),122.31,5120.24,Yes,25-48m
C03204,Male,0,Yes,No,30,Yes,Yes,Fiber optic,No,No,Yes,Yes,No,Yes,Two year,Yes,Bank transfer (automatic),131.55,4127.22,No,25-48m
C03205,Male,1,No,Yes,38,Yes,Yes,DSL,No,Yes,Yes,Yes,No,No,One year,No,Credit card (automatic),112.49,4135.27,No,25-48m
C03206,Female,0,No,No,56,Yes,No,No,No internet service,No internet service,No internet service,No internet service,No internet service,No internet service,Month-to-month,Yes,Mailed check,41.48,2257.95,No,49m+
C03207,Male,0,No,Yes,71,No,No phone service,Fiber optic,No,No,Yes,Yes,Yes,Yes,Month-to-month,No,Mailed check,119.02,8100.1,No,49m+
C03208,Female,0,Yes,Yes,6,Yes,No,No,No internet service,No internet service,No internet service,No internet service,No internet service,No internet service,Two year,Yes,Credit card (automatic),40.36,242.42,No,0-6m
C03209,Female,0,No,No,43,Yes,Yes,DSL,Yes,No,No,No,Yes,No,Month-to-month,Yes,Electronic check,95.53,3973.07,Yes,25-48m
C03210,Male,0,No,No,23,Yes,Yes,DSL,No,Yes,No,No,No,Yes,Month-to-month,No,Electronic check,100.62,2201.67,Yes,13-24m
C03211,Male,0,No,No,40,Yes,Yes,No,No internet service,No internet service,No internet service,No internet service,No internet service,No internet service,Month-to-month,Yes,Credit card (automatic),47.01,1940.54,Yes,25-48m
C03212,Male,0,Yes,No,32,Yes,Yes,Fiber optic,No,No,No,No,No,No,Month-to-month,No,Credit card (automatic),97.93,3262.11,Yes,25-48m
C03213,Female,0,No,No,44,Yes,No,Fiber optic,No,Yes,No,No,No,No,Month-to-month,Yes,Credit card (automatic),112.21,4771.8,Yes,25-48m
C03214,Female,0,Yes,No,6,No,No phone service,No,No internet service,No internet service,No internet service,No internet service,No internet service,No internet service,Two year,No,Electronic check,25.2,151.37,No,0-6m
C03215,Male,0,Yes,No,49,Yes,Yes,No,No internet service,No internet service,No internet service,No internet service,No internet service,No internet service,Month-to-month,No,Electronic check,45.96,2254.65,No,49m+
C03216,Male,0,No,Yes,56,Yes,Yes,DSL,No,Yes,No,No,Yes,No,Two year,No,Bank transfer (automatic),101.25,5563.98,Yes,49m+
C03217,Male,0,No,Yes,17,Yes,Yes,Fiber optic,No,Yes,No,Yes,No,No,Month-to-month,Yes,Mailed check,112.54,1898.55,Yes,13-24m
C03218,Female,0,Yes,No,29,Yes,Yes,No,No internet service,No internet service,No internet service,No internet service,No internet service,No internet service,Month-to-month,Yes,Electronic check,49.9,1386.55,Yes,25-48m
C03219,Female,1,No,No,43,No,No phone service,DSL,Yes,No,No,Yes,No,No,Month-to-month,Yes,Electronic check,80.59,3522.27,Yes,25-48m
C03220,Female,0,Yes,No,66,Yes,No,Fiber optic,No,No,No,Yes,Yes,No,Two year,Yes,Electronic check,126.57,8601.51,Yes,49m+
C03221,Male,0,No,No,41,Yes,Yes,No,No internet service,No internet service,No internet service,No internet service,No internet service,No internet service,One year,No,Credit card (automatic),53.0,2073.38,No,25-48m
C03222,Female,0,No,Yes,35,Yes,Yes,DSL,No,No,Yes,No,Yes,No,One year,Yes,Bank transfer (automatic),109.94,3738.74,Yes,25-48m
C03223,Male,0,No,Yes,50,Yes,No,No,No internet service,No internet service,No internet service,No internet service,No internet service,No internet service,Month-to-month,No,Bank transfer (automatic),43.43,2239.34,No,49m+
C03224,Female,0,Yes,No,69,Yes,No,No,No internet service,No internet service,No internet service,No internet service,No internet service,No internet service,Month-to-month,No,Electronic check,41.4,2779.04,No,49m+
C03225,Male,0,Yes,No,2,Yes,No,Fiber optic,No,Yes,No,No,Yes,No,Month-to-month,Yes,Electronic check,120.16,233.48,Yes,0-6m
C03226,Male,0,Yes,Yes,24,Yes,Yes,Fiber optic,Yes,Yes,No,No,Yes,Yes,Month-to-month,No,Mailed check,135.0,3187.41,Yes,13-24m
C03227,Female,0,Yes,No,29,Yes,Yes,No,No internet service,No internet service,No internet service,No internet service,No internet service,No internet service,One year,Yes,Bank transfer (automatic),49.27,1432.7,No,25-48m
C03228,Male,0,Yes,No,67,Yes,No,No,No internet service,No internet service,No internet service,No internet service,No internet service,No internet service,One year,Yes,Electronic check,40.29,2793.5,No,49m+
C03229,Female,0,Yes,Yes,32,No,No phone service,No,No internet service,No internet service,No internet service,No internet service,No internet service,No internet service,Month-to-month,Yes,Electronic check,26.73,828.96,No,25-48m
C03230,Female,0,No,No,59,Yes,Yes,Fiber optic,No,No,Yes,Yes,Yes,No,Month-to-month,Yes,Electronic check,127.71,7675.51,Yes,49m+
C03231,Male,1,Yes,Yes,58,Yes,Yes,DSL,No,Yes,Yes,No,Yes,Yes,Month-to-month,No,Mailed check,118.16,6517.58,No,49m+
C03232,Male,0,Yes,Yes,7,Yes,No,Fiber optic,No,No,Yes,No,Yes,Yes,Month-to-month,No,Electronic check,131.11,881.54,No,7-12m
C03233,Female,0,Yes,No,57,Yes,Yes,DSL,Yes,No,Yes,No,No,Yes,Month-to-month,No,Electronic check,108.5,6309.1,Yes,49m+
C03234,Female,0,No,No,22,Yes,No,Fiber optic,Yes,No,No,Yes,Yes,No,Month-to-month,No,Credit card (automatic),123.14,2718.99,No,13-24m
C03235,Female,0,Yes,No,21,Yes,Yes,No,No internet service,No internet service,No internet service,No internet service,No internet service,No internet service,Month-to-month,No,Credit card (automatic),51.75,1122.63,Yes,13-24m
C03236,Female,0,Yes,No,50,Yes,No,Fiber optic,Yes,No,No,No,No,No,Month-to-month,No,Bank transfer (automatic),109.8,5565.37,Yes,49m+
C03237,Female,0,No,No,22,Yes,No,DSL,Yes,No,No,No,No,No,Month-to-month,No,Electronic check,83.88,1865.36,No,13-24m
C03238,Female,0,No,No,13,Yes,Yes,Fiber optic,No,Yes,No,Yes,No,No,Month-to-month,Yes,Bank transfer (automatic),124.61,1682.85,Yes,13-24m
C03239,Male,1,No,No,53,Yes,Yes,DSL,No,No,No,No,No,No,Month-to-month,Yes,Electronic check,86.12,4401.03,No,49m+
C03240,Male,0,Yes,No,8,Yes,Yes,Fiber optic,Yes,No,No,No,No,No,Two year,Yes,Mailed check,103.98,825.41,No,7-12m
C03241,Male,0,No,No,39,Yes,No,Fiber optic,No,No,Yes,Yes,No,No,One year,Yes,Electronic check,110.05,4389.05,Yes,25-48m
C03242,Male,0,No,No,28,Yes,No,DSL,No,Yes,No,No,Yes,No,Month-to-month,No,Credit card (automatic),100.6,2759.29,Yes,25-48m
C03243,Female,0,Yes,No,51,Yes,Yes,Fiber optic,No,Yes,No,No,No,No,One year,No,Credit card (automatic),108.94,5341.72,No,49m+
C03244,Male,0,Yes,No,40,Yes,No,Fiber optic,Yes,No,No,Yes,No,Yes,Month-to-month,No,Bank transfer (automatic),123.9,4820.42,Yes,25-48m
C03245,Male,0,Yes,No,63,Yes,No,Fiber optic,No,Yes,Yes,Yes,No,No,Month-to-month,No,Credit card (automatic),115.14,6898.5,No,49m+
C03246,Male,0,Yes,Yes,5,Yes,Yes,DSL,No,No,No,No,Yes,Yes,Month-to-month,Yes,Electronic check,112.25,586.02,No,0-6m
C03247,Male,0,No,Yes,13,No,No phone service,Fiber optic,No,No,Yes,No,No,Yes,One year,No,Credit card (automatic),104.0,1306.21,Yes,13-24m
C03248,Female,0,No,No,28,Yes,No,Fiber optic,No,Yes,No,No,No,No,Two year,No,Electronic check,107.33,3064.24,Yes,25-48m
C03249,Female,0,No,No,2,Yes,Yes,Fiber optic,Yes,No,Yes,Yes,Yes,Yes,Month-to-month,No,Electronic check,143.51,297.95,Yes,0-6m
C03250,Female,0,Yes,No,37,Yes,Yes,Fiber optic,Yes,No,Yes,Yes,No,No,One year,Yes,Electronic check,123.66,4686.95,No,25-48m
C03251,Female,0,No,No,38,Yes,Yes,DSL,Yes,No,No,Yes,Yes,Yes,Two year,No,Mailed check,123.36,4668.32,No,25-48m
C03252,Female,0,Yes,Yes,66,Yes,Yes,No,No internet service,No internet service,No internet service,No internet service,No internet service,No internet service,Month-to-month,Yes,Electronic check,48.93,3191.14,Yes,49m+
C03253,Male,0,No,No,58,Yes,No,DSL,Yes,Yes,Yes,Yes,No,No,Month-to-month,Yes,Electronic check,104.79,6163.37,No,49m+
C03254,Female,0,Yes,No,43,Yes,Yes,Fiber optic,No,No,Yes,Yes,No,No,Month-to-month,No,Bank transfer (automatic),127.91,5531.83,No,25-48m
C03255,Female,0,No,No,66,Yes,No,No,No internet service,No internet service,No internet service,No internet service,No internet service,No internet service,One year,Yes,Credit card (automatic),38.91,2451.22,No,49m+
C03256,Female,0,Yes,No,28,No,No phone service,Fiber optic,No,No,Yes,No,No,No,Month-to-month,Yes,Mailed check,80.29,2333.51,Yes,25-48m
C03257,Female,0,No,No,65,Yes,Yes,Fiber optic,No,No,No,No,No,Yes,Two year,Yes,Bank transfer (automatic),105.33,7133.06,No,49m+
C03258,Female,0,No,Yes,12,Yes,No,Fiber optic,No,Yes,No,Yes,Yes,No,One year,No,Credit card (automatic),128.03,1488.59,No,7-12m
C03259,Male,0,Yes,No,45,Yes,No,Fiber optic,No,No,No,No,Yes,No,One year,Yes,Electronic check,99.13,4666.39,Yes,25-48m
C03260,Female,0,Yes,No,1,Yes,No,Fiber optic,No,No,Yes,No,Yes,No,One year,No,Mailed check,118.54,113.39,Yes,0-6m
C03261,Male,0,No,No,35,Yes,No,Fiber optic,No,No,No,No,Yes,No,Two year,Yes,Mailed check,105.51,3876.35,No,25-48m
C03262,Female,0,Yes,No,64,Yes,No,DSL,No,No,Yes,No,No,No,Two year,No,Credit card (automatic),78.07,4934.5,No,49m+
C03263,Female,1,Yes,Yes,55,Yes,Yes,Fiber optic,No,Yes,No,Yes,No,No,Two year,Yes,Credit card (automatic),112.36,5884.96,No,49m+
C03264,Male,0,Yes,Yes,2,Yes,No,Fiber optic,No,Yes,No,No,Yes,No,Month-to-month,No,Electronic check,114.96,231.68,Yes,0-6m
C03265,Male,0,Yes,No,51,Yes,Yes,DSL,No,Yes,No,Yes,Yes,Yes,One year,No,Electronic check,124.43,6120.11,No,49m+
C03266,Female,0,No,Yes,68,Yes,No,Fiber optic,No,No,No,No,No,No,Two year,No,Electronic check,106.28,7058.97,Yes,49m+
C03267,Male,0,No,Yes,27,Yes,No,Fiber optic,No,No,Yes,No,No,No,Month-to-month,Yes,Electronic check,112.04,3148.96,Yes,25-48m
C03268,Female,0,No,No,46,Yes,Yes,DSL,No,No,Yes,No,Yes,No,One year,No,Credit card (automatic),108.27,4883.67,No,25-48m
C03269,Male,0,No,No,8,Yes,No,DSL,No,No,No,Yes,No,No,Two year,Yes,Electronic check,89.65,730.57,No,7-12m
C03270,Female,0,Yes,Yes,54,Yes,Yes,Fiber optic,No,No,No,Yes,Yes,Yes,One year,Yes,Electronic check,125.04,7017.53,No,49m+
C03271,Male,0,No,No,71,Yes,Yes,DSL,Yes,Yes,No,No,No,Yes,Month-to-month,No,Bank transfer (automatic),113.49,8058.8,No,49m+
C03272,Male,1,Yes,No,50,Yes,Yes,Fiber optic,Yes,No,Yes,No,No,Yes,Month-to-month,Yes,Bank transfer (automatic),142.35,6818.02,Yes,49m+
C03273,Female,0,No,Yes,1,Yes,No,Fiber optic,No,Yes,No,No,Yes,No,One year,Yes,Mailed check,109.88,108.89,Yes,0-6m
C03274,Female,0,No,Yes,13,Yes,Yes,Fiber optic,No,Yes,No,No,No,No,Month-to-month,No,Electronic check,106.58,1339.05,Yes,13-24m
C03275,Male,1,No,No,26,Yes,No,No,No internet service,No internet service,No internet service,No internet service,No internet service,No internet service,Month-to-month,Yes,Electronic check,40.14,1090.23,No,25-48m
C03276,Female,0,No,Yes,9,Yes,No,DSL,No,No,No,Yes,No,No,One year,Yes,Bank transfer (automatic),84.79,757.75,No,7-12m
C03277,Male,0,Yes,Yes,3,Yes,Yes,Fiber optic,Yes,No,Yes,No,Yes,Yes,Month-to-month,Yes,Credit card (automatic),131.74,376.24,Yes,0-6m
C03278,Male,1,No,No,11,Yes,Yes,DSL,No,No,No,Yes,No,No,Two year,No,Electronic check,91.62,981.57,Yes,7-12m
C03279,Male,0,No,Yes,57,Yes,No,Fiber optic,No,Yes,No,Yes,No,No,One year,Yes,Mailed check,121.87,7094.79,No,49m+
C03280,Male,1,No,No,2,Yes,No,No,No internet service,No internet service,No internet service,No internet service,No internet service,No internet service,One year,Yes,Electronic check,43.3,84.51,No,0-6m
C03281,Female,0,No,Yes,25,Yes,Yes,Fiber optic,Yes,Yes,No,No,Yes,No,One year,Yes,Credit card (automatic),134.06,3413.11,Yes,25-48m
C03282,Male,0,Yes,No,28,Yes,Yes,No,No internet service,No internet service,No internet service,No internet service,No internet service,No internet service,One year,Yes,Credit card (automatic),53.19,1429.02,No,25-48m
C03283,Male,0,No,Yes,13,Yes,Yes,DSL,No,Yes,No,No,Yes,No,One year,No,Electronic check,93.84,1170.94,Yes,13-24m
C03284,Female,1,No,Yes,48,No,No phone service,Fiber optic,No,No,No,No,No,No,One year,Yes,Credit card (automatic),78.09,3816.96,No,25-48m
C03285,Male,1,Yes,No,4,Yes,Yes,DSL,Yes,No,No,No,No,Yes,Two year,No,Credit card (automatic),111.43,449.06,Yes,0-6m
C03286,Male,1,No,No,39,Yes,No,Fiber optic,No,No,No,No,Yes,Yes,Month-to-month,Yes,Bank transfer (automatic),115.08,4275.51,Yes,25-48m
C03287,Male,0,No,No,61,Yes,Yes,No,No internet service,No internet service,No internet service,No internet service,No internet service,No internet service,Month-to-month,No,Electronic check,46.92,2880.14,No,49m+
C03288,Female,0,No,No,18,Yes,No,Fiber optic,No,No,No,No,No,Yes,One year,No,Electronic check,109.34,2021.0,No,13-24m
C03289,Female,1,No,No,43,Yes,Yes,Fiber optic,No,Yes,No,No,No,No,Month-to-month,No,Mailed check,106.68,4578.07,Yes,25-48m
C03290,Female,0,No,Yes,34,Yes,Yes,No,No internet service,No internet service,No internet service,No internet service,No internet service,No internet service,Two year,Yes,Credit card (automatic),47.65,1650.26,No,25-48m
C03291,Female,1,No,Yes,26,Yes,No,DSL,No,No,Yes,No,No,Yes,Month-to-month,No,Mailed check,97.05,2508.53,Yes,25-48m
C03292,Female,0,Yes,No,65,Yes,Yes,DSL,No,Yes,No,No,No,Yes,One year,No,Credit card (automatic),108.33,7047.36,Yes,49m+
C03293,Female,0,Yes,Yes,37,Yes,No,Fiber optic,No,No,Yes,No,No,No,One year,Yes,Credit card (automatic),114.18,4388.89,Yes,25-48m
C03294,Female,0,Yes,No,10,Yes,Yes,Fiber optic,No,Yes,No,No,No,No,Month-to-month,No,Credit card (automatic),120.07,1216.85,Yes,7-12m
C03295,Female,0,Yes,No,8,Yes,Yes,DSL,No,No,Yes,No,No,Yes,Month-to-month,No,Electronic check,106.32,843.52,No,7-12m
C03296,Female,0,No,Yes,1,Yes,Yes,No,No internet service,No internet service,No internet service,No internet service,No internet service,No internet service,Month-to-month,Yes,Mailed check,47.33,48.26,No,0-6m
C03297,Female,1,Yes,No,54,Yes,Yes,DSL,Yes,No,No,No,Yes,No,Month-to-month,No,Mailed check,97.33,5169.98,Yes,49m+
C03298,Male,0,Yes,No,14,Yes,Yes,No,No internet service,No internet service,No internet service,No internet service,No internet service,No internet service,Month-to-month,Yes,Electronic check,51.76,711.14,Yes,13-24m
C03299,Male,0,Yes,Yes,43,Yes,Yes,Fiber optic,No,Yes,No,Yes,Yes,No,Two year,Yes,Bank transfer (automatic),142.68,6084.29,No,25-48m
C03300,Female,0,Yes,Yes,16,Yes,No,Fiber optic,No,Yes,No,Yes,Yes,No,Two year,Yes,Mailed check,123.25,1963.61,Yes,13-24m
C03301,Male,0,No,Yes,46,Yes,No,Fiber optic,No,No,No,No,No,No,Month-to-month,No,Bank transfer (automatic),95.91,4585.32,No,25-48m
C03302,Female,0,No,No,41,Yes,No,DSL,No,No,No,Yes,Yes,Yes,One year,No,Credit card (automatic),110.22,4351.23,No,25-48m
C03303,Female,0,Yes,No,6,Yes,Yes,DSL,No,No,No,No,No,No,Two year,Yes,Electronic check,88.0,513.04,Yes,0-6m
C03304,Male,0,Yes,No,6,No,No phone service,Fiber optic,Yes,No,Yes,No,No,Yes,Month-to-month,Yes,Electronic check,109.59,643.74,Yes,0-6m
C03305,Female,0,Yes,No,32,Yes,No,Fiber optic,No,No,No,No,No,No,Month-to-month,Yes,Electronic check,97.56,3130.07,Yes,25-48m
C03306,Female,0,Yes,Yes,9,Yes,Yes,DSL,Yes,No,No,No,No,Yes,Month-to-month,No,Electronic check,109.93,1013.2,Yes,7-12m
C03307,Male,0,Yes,No,46,Yes,No,Fiber optic,Yes,Yes,No,No,No,No,Two year,Yes,Electronic check,113.46,5190.41,Yes,25-48m
C03308,Female,0,No,No,53,Yes,Yes,No,No internet service,No internet service,No internet service,No internet service,No internet service,No internet service,Month-to-month,Yes,Electronic check,52.57,2834.17,Yes,49m+
C03309,Male,0,No,No,56,Yes,Yes,DSL,No,Yes,No,No,No,No,Month-to-month,Yes,Electronic check,100.69,5778.37,Yes,49m+
C03310,Female,0,Yes,No,44,Yes,No,Fiber optic,No,Yes,No,No,No,No,One year,Yes,Electronic check,109.69,4611.38,Yes,25-48m
C03311,Male,0,No,No,42,Yes,Yes,DSL,No,Yes,Yes,No,No,No,Month-to-month,Yes,Mailed check,101.76,4076.48,Yes,25-48m
C03312,Male,0,Yes,No,54,Yes,No,DSL,Yes,No,No,No,Yes,Yes,Month-to-month,No,Credit card (automatic),113.75,6351.59,No,49m+
C03313,Male,0,No,No,35,Yes,Yes,DSL,No,No,Yes,No,No,No,One year,Yes,Credit card (automatic),82.87,2972.15,No,25-48m
C03314,Male,0,No,No,61,Yes,No,No,No internet service,No internet service,No internet service,No internet service,No internet service,No internet service,One year,No,Electronic check,39.09,2315.95,Yes,49m+
C03315,Female,0,Yes,No,20,Yes,No,No,No internet service,No internet service,No internet service,No internet service,No internet service,No internet service,One year,Yes,Bank transfer (automatic),37.01,770.72,No,13-24m
C03316,Male,0,No,No,63,Yes,Yes,Fiber optic,Yes,No,Yes,Yes,Yes,No,Month-to-month,No,Bank transfer (automatic),139.94,9231.87,No,49m+
C03317,Male,1,No,No,13,Yes,Yes,DSL,No,No,Yes,No,No,No,Two year,No,Bank transfer (automatic),97.74,1295.09,No,13-24m
C03318,Male,0,No,No,70,Yes,No,No,No internet service,No internet service,No internet service,No internet service,No internet service,No internet service,One year,Yes,Bank transfer (automatic),36.86,2474.19,No,49m+
C03319,Male,0,No,No,56,Yes,No,No,No internet service,No internet service,No internet service,No internet service,No internet service,No internet service,Month-to-month,Yes,Bank transfer (automatic),40.05,2330.1,No,49m+
C03320,Female,0,No,Yes,65,Yes,Yes,Fiber optic,No,No,Yes,Yes,Yes,Yes,Month-to-month,Yes,Electronic check,128.11,7950.12,No,49m+
C03321,Female,1,Yes,No,65,Yes,Yes,Fiber optic,Yes,No,No,No,No,No,Month-to-month,No,Mailed check,106.7,6739.65,Yes,49m+
C03322,Female,1,Yes,Yes,34,Yes,No,Fiber optic,Yes,No,No,No,No,No,Month-to-month,Yes,Credit card (automatic),100.2,3332.65,No,25-48m
C03323,Male,0,No,No,56,Yes,No,DSL,Yes,No,Yes,Yes,No,No,One year,Yes,Mailed check,95.97,5465.92,No,49m+
C03324,Male,0,No,No,29,Yes,No,Fiber optic,No,No,No,No,No,Yes,One year,No,Electronic check,102.17,2906.86,Yes,25-48m
C03325,Male,0,No,No,37,Yes,No,Fiber optic,No,Yes,No,Yes,Yes,Yes,One year,Yes,Credit card (automatic),144.6,5409.95,No,25-48m
C03326,Male,0,No,Yes,22,Yes,Yes,Fiber optic,No,No,No,No,Yes,No,Month-to-month,No,Mailed check,115.03,2575.66,No,13-24m
C03327,Female,0,Yes,Yes,11,Yes,No,Fiber optic,No,Yes,No,Yes,No,No,One year,No,Credit card (automatic),111.51,1168.88,No,7-12m
C03328,Male,0,No,No,32,Yes,Yes,No,No internet service,No internet service,No internet service,No internet service,No internet service,No internet service,Month-to-month,Yes,Credit card (automatic),53.01,1680.07,Yes,25-48m
C03329,Male,1,No,No,68,Yes,Yes,DSL,No,Yes,No,No,Yes,Yes,Month-to-month,No,Bank transfer (automatic),115.76,8238.31,No,49m+
C03330,Female,0,Yes,No,57,Yes,No,Fiber optic,Yes,No,No,No,Yes,Yes,Month-to-month,Yes,Credit card (automatic),114.06,6322.45,Yes,49m+
C03331,Male,0,No,No,20,Yes,Yes,DSL,No,Yes,Yes,No,No,Yes,Month-to-month,Yes,Bank transfer (automatic),112.72,2235.95,Yes,13-24m
C03332,Female,0,Yes,No,33,Yes,Yes,Fiber optic,No,Yes,No,Yes,Yes,No,One year,Yes,Bank transfer (automatic),124.19,4257.2,Yes,25-48m
C03333,Female,0,No,No,9,Yes,Yes,Fiber optic,Yes,No,No,No,No,Yes,Two year,Yes,Credit card (automatic),117.58,1080.95,Yes,7-12m
C03334,Male,0,Yes,No,64,Yes,No,DSL,No,No,Yes,Yes,No,Yes,Two year,No,Electronic check,95.52,6000.5,No,49m+
C03335,Male,1,No,No,47,Yes,Yes,Fiber optic,No,No,No,No,Yes,Yes,One year,Yes,Mailed check,118.15,5761.54,No,25-48m
C03336,Male,0,No,No,45,Yes,No,DSL,No,Yes,Yes,No,Yes,Yes,Month-to-month,No,Bank transfer (automatic),107.35,4773.94,Yes,25-48m
C03337,Female,0,No,No,6,Yes,Yes,DSL,Yes,No,Yes,Yes,Yes,No,Month-to-month,Yes,Mailed check,128.14,767.02,Yes,0-6m
C03338,Female,0,Yes,No,26,Yes,Yes,Fiber optic,No,Yes,Yes,Yes,Yes,No,Two year,No,Credit card (automatic),142.49,3749.77,Yes,25-48m
C03339,Female,0,Yes,No,3,Yes,No,DSL,Yes,Yes,No,No,Yes,No,Two year,Yes,Mailed check,110.85,322.82,No,0-6m
C03340,Male,0,No,Yes,72,Yes,Yes,No,No internet service,No internet service,No internet service,No internet service,No internet service,No internet service,One year,Yes,Mailed check,45.75,3247.89,No,49m+
C03341,Male,0,No,No,36,Yes,No,Fiber optic,No,Yes,No,No,No,Yes,Month-to-month,Yes,Credit card (automatic),107.57,3861.38,Yes,25-48m
C03342,Female,0,Yes,No,50,Yes,Yes,Fiber optic,Yes,No,Yes,No,No,No,Month-to-month,Yes,Credit card (automatic),118.79,5855.67,No,49m+
C03343,Male,0,Yes,No,33,Yes,Yes,Fiber optic,No,No,No,No,No,No,Month-to-month,Yes,Credit card (automatic),105.07,3628.13,No,25-48m
C03344,Female,0,Yes,No,47,Yes,Yes,DSL,No,No,No,Yes,No,No,One year,Yes,Mailed check,101.11,4909.84,Yes,25-48m
C03345,Male,0,Yes,Yes,59,Yes,Yes,Fiber optic,Yes,No,Yes,No,No,No,One year,Yes,Credit card (automatic),122.64,7133.11,Yes,49m+
C03346,Female,0,No,No,59,No,No phone service,DSL,No,Yes,No,No,Yes,No,Month-to-month,Yes,Mailed check,79.38,4456.89,No,49m+
C03347,Female,0,Yes,No,30,No,No phone service,Fiber optic,Yes,Yes,No,Yes,No,Yes,Month-to-month,Yes,Electronic check,118.03,3602.03,No,25-48m
C03348,Female,1,Yes,No,38,Yes,No,Fiber optic,No,No,No,No,Yes,No,Month-to-month,Yes,Electronic check,114.04,4205.15,Yes,25-48m
C03349,Female,0,No,Yes,32,Yes,No,DSL,No,No,Yes,No,Yes,No,Month-to-month,Yes,Mailed check,87.82,2878.73,Yes,25-48m
C03350,Female,0,Yes,Yes,46,Yes,No,Fiber optic,Yes,No,Yes,Yes,No,No,Month-to-month,Yes,Bank transfer (automatic),121.62,5636.23,No,25-48m
C03351,Female,0,Yes,No,42,Yes,No,No,No internet service,No internet service,No internet service,No internet service,No internet service,No internet service,One year,No,Bank transfer (automatic),38.87,1707.2,No,25-48m
C03352,Female,0,No,Yes,12,Yes,Yes,No,No internet service,No internet service,No internet service,No internet service,No internet service,No internet service,Month-to-month,No,Credit card (automatic),52.39,634.27,No,7-12m
C03353,Female,0,No,Yes,64,Yes,Yes,DSL,No,No,No,No,No,Yes,Month-to-month,Yes,Electronic check,90.43,5784.48,Yes,49m+
C03354,Male,1,Yes,Yes,49,Yes,No,DSL,No,Yes,Yes,Yes,No,No,Month-to-month,Yes,Credit card (automatic),92.22,4331.12,No,49m+
C03355,Female,0,Yes,Yes,38,Yes,Yes,DSL,No,No,No,Yes,No,No,Month-to-month,Yes,Electronic check,92.34,3334.52,Yes,25-48m
C03356,Female,0,No,Yes,72,Yes,No,DSL,No,No,Yes,No,Yes,No,One year,No,Electronic check,102.32,7519.34,Yes,49m+
C03357,Female,0,Yes,No,48,No,No phone service,DSL,No,No,No,No,No,Yes,One year,Yes,Bank transfer (automatic),75.24,3551.85,No,25-48m
C03358,Female,0,No,No,68,Yes,Yes,Fiber optic,No,Yes,No,Yes,Yes,Yes,One year,Yes,Bank transfer (automatic),130.19,9281.29,No,49m+
C03359,Female,0,No,No,27,Yes,Yes,Fiber optic,No,No,No,No,Yes,Yes,Month-to-month,No,Credit card (automatic),132.49,3477.47,No,25-48m
C03360,Male,0,Yes,No,69,Yes,No,Fiber optic,No,Yes,No,No,Yes,Yes,Month-to-month,No,Electronic check,119.67,7909.05,Yes,49m+
C03361,Male,1,Yes,Yes,55,Yes,No,No,No internet service,No internet service,No internet service,No internet service,No internet service,No internet service,Month-to-month,Yes,Mailed check,37.01,2041.38,No,49m+
C03362,Male,1,Yes,No,29,Yes,Yes,Fiber optic,No,No,No,No,No,No,Month-to-month,Yes,Mailed check,108.14,3038.03,No,25-48m
C03363,Male,0,Yes,No,39,No,No phone service,DSL,Yes,Yes,No,No,No,Yes,Month-to-month,No,Credit card (automatic),85.69,3508.9,Yes,25-48m
C03364,Male,1,No,No,10,No,No phone service,Fiber optic,Yes,No,No,No,No,No,Two year,No,Bank transfer (automatic),91.29,910.31,No,7-12m
C03365,Female,0,No,Yes,10,Yes,No,No,No internet service,No internet service,No internet service,No internet service,No internet service,No internet service,Month-to-month,Yes,Electronic check,40.18,390.31,Yes,7-12m
C03366,Female,0,Yes,No,30,Yes,Yes,DSL,No,Yes,Yes,No,No,Yes,Month-to-month,Yes,Electronic check,114.12,3384.04,Yes,25-48m
C03367,Male,1,No,No,66,Yes,No,DSL,No,No,Yes,No,Yes,No,One year,No,Electronic check,101.31,6397.07,Yes,49m+
C03368,Male,0,Yes,No,19,Yes,No,Fiber optic,Yes,Yes,No,No,No,No,Month-to-month,Yes,Bank transfer (automatic),115.4,2084.02,Yes,13-24m
C03369,Male,0,No,No,13,Yes,Yes,DSL,No,No,Yes,Yes,No,Yes,Month-to-month,No,Bank transfer (automatic),119.61,1563.49,Yes,13-24m
C03370,Male,0,No,No,66,Yes,No,No,No internet service,No internet service,No internet service,No internet service,No internet service,No internet service,Month-to-month,Yes,Credit card (automatic),41.94,2779.69,No,49m+
C03371,Male,0,Yes,No,49,Yes,Yes,Fiber optic,No,No,No,Yes,Yes,No,Month-to-month,No,Bank transfer (automatic),134.27,6336.37,Yes,49m+
C03372,Male,1,Yes,No,8,Yes,Yes,DSL,No,No,No,No,Yes,No,Month-to-month,Yes,Electronic check,100.02,821.63,Yes,7-12m
C03373,Male,0,Yes,No,44,No,No phone service,DSL,No,No,No,No,Yes,No,Two year,No,Electronic check,74.71,3305.86,No,25-48m
C03374,Male,1,Yes,No,2,Yes,No,DSL,No,No,No,Yes,No,No,Two year,Yes,Credit card (automatic),83.41,172.88,Yes,0-6m
C03375,Male,0,Yes,No,22,Yes,No,Fiber optic,No,No,No,Yes,Yes,Yes,Month-to-month,Yes,Electronic check,126.91,2732.36,Yes,13-24m
C03376,Male,0,No,No,40,Yes,Yes,DSL,No,Yes,No,No,Yes,Yes,Two year,No,Bank transfer (automatic),114.53,4435.06,No,25-48m
C03377,Female,0,No,No,26,Yes,Yes,DSL,No,No,No,No,No,Yes,One year,Yes,Electronic check,95.27,2494.46,No,25-48m
C03378,Male,0,Yes,No,40,Yes,Yes,Fiber optic,Yes,No,No,Yes,Yes,No,Month-to-month,No,Electronic check,133.77,5290.24,Yes,25-48m
C03379,Male,0,No,Yes,21,Yes,Yes,DSL,No,No,No,No,No,No,Month-to-month,No,Electronic check,91.03,1951.75,No,13-24m
C03380,Male,1,Yes,No,69,No,No phone service,DSL,Yes,No,Yes,No,No,No,Two year,No,Electronic check,74.95,5314.27,No,49m+
C03381,Male,1,Yes,No,62,Yes,No,DSL,Yes,Yes,Yes,No,Yes,Yes,Month-to-month,Yes,Electronic check,126.17,8157.36,Yes,49m+
C03382,Male,0,Yes,No,22,No,No phone service,Fiber optic,No,No,No,No,Yes,No,Month-to-month,No,Bank transfer (automatic),89.86,1914.29,Yes,13-24m
C03383,Male,0,Yes,No,5,No,No phone service,Fiber optic,Yes,No,No,Yes,Yes,Yes,Month-to-month,No,Mailed check,109.58,529.54,Yes,0-6m
C03384,Female,0,Yes,No,38,Yes,No,DSL,No,Yes,No,No,No,No,One year,Yes,Credit card (automatic),87.27,3448.04,No,25-48m
C03385,Male,0,Yes,No,60,Yes,Yes,DSL,No,Yes,No,Yes,No,No,Two year,Yes,Electronic check,97.03,6046.11,No,49m+
C03386,Male,0,Yes,No,60,Yes,No,Fiber optic,Yes,Yes,No,No,No,Yes,Month-to-month,No,Electronic check,112.9,6504.93,Yes,49m+
C03387,Female,0,Yes,No,31,Yes,No,Fiber optic,No,Yes,No,Yes,Yes,No,Month-to-month,Yes,Electronic check,115.74,3521.65,Yes,25-48m
C03388,Female,0,Yes,Yes,64,No,No phone service,Fiber optic,Yes,No,Yes,No,Yes,No,Month-to-month,No,Bank transfer (automatic),100.59,6659.75,Yes,49m+
C03389,Female,0,No,No,13,No,No phone service,Fiber optic,Yes,Yes,No,No,No,Yes,Month-to-month,Yes,Electronic check,105.56,1389.94,Yes,13-24m
C03390,Female,0,Yes,No,15,Yes,No,DSL,No,No,No,No,No,No,Month-to-month,Yes,Electronic check,75.78,1158.15,No,13-24m
C03391,Female,1,No,Yes,1,Yes,No,Fiber optic,No,Yes,Yes,Yes,Yes,No,One year,Yes,Mailed check,133.03,129.72,Yes,0-6m
C03392,Female,0,No,No,7,Yes,No,Fiber optic,Yes,Yes,Yes,Yes,Yes,No,Month-to-month,Yes,Bank transfer (automatic),143.9,962.95,No,7-12m
C03393,Male,0,Yes,No,35,Yes,No,No,No internet service,No internet service,No internet service,No internet service,No internet service,No internet service,Two year,Yes,Credit card (automatic),37.66,1323.83,No,25-48m
C03394,Female,0,Yes,Yes,3,No,No phone service,No,No internet service,No internet service,No internet service,No internet service,No internet service,No internet service,Month-to-month,No,Electronic check,24.47,74.47,Yes,0-6m
C03395,Female,0,Yes,No,68,Yes,Yes,Fiber optic,Yes,Yes,Yes,No,No,Yes,Month-to-month,Yes,Mailed check,129.81,9177.47,No,49m+
C03396,Female,0,Yes,No,12,Yes,Yes,DSL,No,No,No,Yes,Yes,No,Month-to-month,No,Bank transfer (automatic),101.93,1162.58,Yes,7-12m
C03397,Male,0,No,No,46,Yes,No,Fiber optic,No,No,No,No,No,No,Two year,No,Mailed check,100.81,4782.6,No,25-48m
C03398,Female,1,No,No,70,No,No phone service,DSL,No,Yes,No,No,No,No,Month-to-month,No,Electronic check,71.01,5152.68,No,49m+
C03399,Female,0,Yes,No,42,Yes,No,Fiber optic,No,No,No,Yes,No,No,Month-to-month,No,Mailed check,98.26,4084.82,Yes,25-48m
C03400,Female,0,Yes,Yes,57,Yes,No,No,No internet service,No internet service,No internet service,No internet service,No internet service,No internet service,Two year,Yes,Electronic check,41.1,2254.88,No,49m+
C03401,Female,0,Yes,Yes,4,No,No phone service,No,No internet service,No internet service,No internet service,No internet service,No internet service,No internet service,Month-to-month,No,Electronic check,24.39,93.74,Yes,0-6m
C03402,Female,0,Yes,No,22,Yes,Yes,Fiber optic,Yes,Yes,No,No,No,Yes,Month-to-month,Yes,Bank transfer (automatic),139.2,3206.77,No,13-24m
C03403,Male,0,No,Yes,59,Yes,Yes,Fiber optic,Yes,No,No,No,No,Yes,Two year,Yes,Credit card (automatic),127.73,7695.5,No,49m+
C03404,Female,0,No,No,39,Yes,No,No,No internet service,No internet service,No internet service,No internet service,No internet service,No internet service,Two year,No,Bank transfer (automatic),42.49,1594.8,No,25-48m
C03405,Male,0,No,Yes,3,No,No phone service,DSL,No,Yes,No,Yes,No,Yes,Two year,Yes,Electronic check,92.67,286.83,No,0-6m
C03406,Female,0,Yes,No,47,Yes,Yes,No,No internet service,No internet service,No internet service,No internet service,No internet service,No internet service,One year,Yes,Credit card (automatic),48.64,2220.39,No,25-48m
C03407,Male,0,No,Yes,7,Yes,No,Fiber optic,No,No,Yes,No,No,No,Month-to-month,Yes,Bank transfer (automatic),103.49,754.16,No,7-12m
C03408,Male,0,No,Yes,3,Yes,Yes,Fiber optic,Yes,No,No,No,No,No,Month-to-month,Yes,Credit card (automatic),119.37,344.61,Yes,0-6m
C03409,Male,0,No,Yes,57,Yes,No,DSL,No,No,Yes,Yes,No,Yes,Two year,Yes,Mailed check,99.15,5455.84,No,49m+
C03410,Female,0,No,No,49,Yes,Yes,Fiber optic,Yes,No,No,No,Yes,No,Month-to-month,No,Electronic check,128.15,6211.32,Yes,49m+
C03411,Male,0,Yes,No,41,Yes,Yes,Fiber optic,No,No,Yes,No,No,Yes,One year,No,Mailed check,119.27,4963.81,Yes,25-48m
C03412,Female,0,Yes,No,56,Yes,No,Fiber optic,No,No,No,No,Yes,No,Month-to-month,Yes,Mailed check,103.31,5551.14,Yes,49m+
C03413,Female,0,Yes,No,66,Yes,Yes,Fiber optic,No,No,Yes,No,Yes,Yes,Month-to-month,Yes,Mailed check,139.51,9519.99,Yes,49m+
C03414,Female,0,No,Yes,44,No,No phone service,Fiber optic,No,Yes,Yes,Yes,Yes,Yes,Month-to-month,No,Electronic check,131.89,5591.63,Yes,25-48m
C03415,Female,0,No,No,46,Yes,Yes,Fiber optic,No,Yes,No,Yes,Yes,No,Month-to-month,No,Electronic check,131.24,5862.86,Yes,25-48m
C03416,Male,0,Yes,Yes,42,Yes,No,Fiber optic,Yes,Yes,No,No,Yes,Yes,Two year,No,Electronic check,130.63,5746.13,No,25-48m
C03417,Female,0,No,No,58,Yes,Yes,DSL,No,No,No,No,No,Yes,Month-to-month,Yes,Electronic check,103.46,5857.73,Yes,49m+
C03418,Male,0,No,Yes,71,Yes,No,Fiber optic,Yes,No,No,Yes,Yes,Yes,One year,No,Electronic check,144.87,10416.73,No,49m+
C03419,Female,0,No,No,57,Yes,No,DSL,No,No,No,No,Yes,Yes,Two year,Yes,Bank transfer (automatic),98.3,5393.44,No,49m+
C03420,Female,0,No,No,47,No,No phone service,DSL,No,No,Yes,No,Yes,No,Month-to-month,No,Electronic check,81.43,3901.95,No,25-48m
C03421,Female,0,No,No,5,Yes,No,Fiber optic,No,No,No,Yes,Yes,Yes,Month-to-month,Yes,Mailed check,124.78,654.54,Yes,0-6m
C03422,Female,0,No,Yes,10,Yes,No,No,No internet service,No internet service,No internet service,No internet service,No internet service,No internet service,Month-to-month,No,Mailed check,41.86,397.67,Yes,7-12m
C03423,Female,0,No,No,34,Yes,No,DSL,Yes,Yes,No,No,No,Yes,Two year,Yes,Electronic check,101.66,3594.25,Yes,25-48m
C03424,Male,0,Yes,No,32,Yes,Yes,DSL,No,Yes,Yes,Yes,Yes,No,Two year,No,Credit card (automatic),117.41,3870.52,No,25-48m
C03425,Male,0,No,No,58,Yes,No,DSL,No,Yes,No,No,No,Yes,One year,Yes,Credit card (automatic),92.12,5388.09,No,49m+
C03426,Male,0,No,No,2,Yes,Yes,Fiber optic,Yes,Yes,No,Yes,Yes,Yes,One year,Yes,Credit card (automatic),146.88,291.86,No,0-6m
C03427,Female,0,Yes,No,41,Yes,No,DSL,No,No,No,Yes,Yes,No,Two year,Yes,Electronic check,101.59,4370.24,No,25-48m
C03428,Male,0,No,No,54,Yes,Yes,DSL,Yes,No,Yes,No,No,No,Month-to-month,Yes,Electronic check,96.46,5243.4,No,49m+
C03429,Female,1,Yes,No,46,Yes,No,Fiber optic,No,Yes,Yes,No,No,Yes,Two year,Yes,Electronic check,127.52,5621.0,No,25-48m
C03430,Female,0,Yes,No,57,Yes,No,Fiber optic,No,No,Yes,No,No,No,Two year,No,Bank transfer (automatic),97.72,5496.92,No,49m+
C03431,Female,1,Yes,No,46,Yes,Yes,Fiber optic,No,No,No,No,No,No,One year,Yes,Credit card (automatic),106.8,4716.59,No,25-48m
C03432,Male,1,No,No,50,Yes,Yes,DSL,No,No,Yes,Yes,No,No,One year,No,Bank transfer (automatic),94.61,4785.41,No,49m+
C03433,Male,0,Yes,No,70,Yes,No,DSL,No,Yes,No,Yes,No,No,Two year,No,Electronic check,92.3,6195.35,Yes,49m+
C03434,Male,0,No,No,2,Yes,No,Fiber optic,No,No,No,Yes,Yes,No,Month-to-month,No,Bank transfer (automatic),120.71,249.01,No,0-6m
C03435,Female,0,No,No,18,No,No phone service,Fiber optic,No,No,Yes,No,Yes,Yes,Month-to-month,No,Credit card (automatic),115.78,2041.25,Yes,13-24m
C03436,Male,0,Yes,No,40,No,No phone service,Fiber optic,No,Yes,No,Yes,Yes,No,One year,Yes,Credit card (automatic),115.45,4671.47,Yes,25-48m
C03437,Female,0,Yes,No,48,No,No phone service,Fiber optic,No,Yes,Yes,No,No,No,One year,Yes,Mailed check,93.91,4418.54,No,25-48m
C03438,Female,0,Yes,Yes,22,Yes,No,Fiber optic,Yes,No,No,Yes,Yes,Yes,One year,No,Bank transfer (automatic),125.48,2874.08,No,13-24m
C03439,Female,0,Yes,No,18,Yes,No,Fiber optic,Yes,No,Yes,Yes,Yes,Yes,Month-to-month,No,Bank transfer (automatic),136.68,2581.53,No,13-24m
C03440,Female,0,No,Yes,20,Yes,No,DSL,No,No,Yes,No,Yes,Yes,Two year,Yes,Bank transfer (automatic),109.14,2105.96,Yes,13-24m
C03441,Female,0,No,Yes,37,Yes,No,DSL,No,No,No,No,Yes,Yes,One year,No,Bank transfer (automatic),91.11,3216.65,No,25-48m
C03442,Female,0,No,No,55,Yes,Yes,No,No internet service,No internet service,No internet service,No internet service,No internet service,No internet service,One year,Yes,Electronic check,46.44,2680.32,No,49m+
C03443,Female,0,No,Yes,30,Yes,No,No,No internet service,No internet service,No internet service,No internet service,No internet service,No internet service,One year,Yes,Electronic check,40.03,1153.5,No,25-48m
C03444,Male,1,Yes,No,50,Yes,Yes,Fiber optic,Yes,No,No,No,Yes,No,Two year,No,Mailed check,115.31,5799.11,No,49m+
C03445,Female,0,No,Yes,56,Yes,Yes,Fiber optic,Yes,Yes,Yes,No,No,Yes,Month-to-month,Yes,Electronic check,126.54,6994.92,Yes,49m+
C03446,Female,0,No,No,32,Yes,No,No,No internet service,No internet service,No internet service,No internet service,No internet service,No internet service,Month-to-month,Yes,Mailed check,41.13,1326.69,No,25-48m
C03447,Female,0,No,Yes,48,Yes,Yes,No,No internet service,No internet service,No internet service,No internet service,No internet service,No internet service,Two year,No,Electronic check,48.22,2331.68,No,25-48m
C03448,Female,0,Yes,No,69,Yes,No,DSL,No,No,No,No,No,Yes,Two year,Yes,Credit card (automatic),90.79,6365.07,Yes,49m+
C03449,Male,0,Yes,No,3,Yes,No,Fiber optic,No,No,No,Yes,Yes,No,Month-to-month,Yes,Credit card (automatic),117.91,340.18,Yes,0-6m
C03450,Female,0,No,No,34,Yes,Yes,DSL,No,No,No,No,No,No,Month-to-month,Yes,Electronic check,80.44,2809.53,Yes,25-48m
C03451,Female,1,Yes,No,41,Yes,Yes,Fiber optic,Yes,No,No,Yes,Yes,No,Two year,Yes,Electronic check,133.32,5649.99,Yes,25-48m
C03452,Female,0,Yes,Yes,20,Yes,No,Fiber optic,No,No,No,Yes,No,Yes,Month-to-month,No,Bank transfer (automatic),123.77,2595.61,No,13-24m
C03453,Male,0,Yes,No,10,Yes,No,No,No internet service,No internet service,No internet service,No internet service,No internet service,No internet service,One year,Yes,Electronic check,39.43,386.18,Yes,7-12m
C03454,Female,1,No,Yes,58,Yes,Yes,No,No internet service,No internet service,No internet service,No internet service,No internet service,No internet service,One year,Yes,Credit card (automatic),46.97,2701.55,No,49m+
C03455,Male,0,No,Yes,4,Yes,No,Fiber optic,No,Yes,No,Yes,Yes,Yes,One year,No,Mailed check,129.74,524.81,Yes,0-6m
C03456,Male,0,Yes,No,12,Yes,Yes,Fiber optic,Yes,No,No,No,Yes,No,Month-to-month,Yes,Bank transfer (automatic),118.29,1389.25,Yes,7-12m
C03457,Male,0,No,No,28,No,No phone service,No,No internet service,No internet service,No internet service,No internet service,No internet service,No internet service,Month-to-month,Yes,Electronic check,26.38,743.3,No,25-48m
C03458,Female,1,Yes,No,31,No,No phone service,Fiber optic,No,Yes,No,Yes,Yes,No,Month-to-month,Yes,Electronic check,118.22,3599.64,Yes,25-48m
C03459,Female,0,No,No,2,Yes,Yes,Fiber optic,Yes,No,No,No,Yes,No,One year,Yes,Electronic check,130.41,263.34,Yes,0-6m
C03460,Female,0,Yes,No,54,Yes,Yes,DSL,Yes,No,Yes,No,No,No,Month-to-month,Yes,Electronic check,104.96,5726.13,No,49m+
C03461,Male,0,No,Yes,56,Yes,Yes,Fiber optic,No,Yes,No,No,No,No,Two year,Yes,Mailed check,115.86,6748.25,No,49m+
C03462,Male,0,No,No,46,Yes,No,DSL,No,Yes,Yes,No,Yes,No,Two year,Yes,Electronic check,107.22,4733.3,No,25-48m
C03463,Male,1,Yes,No,61,Yes,No,Fiber optic,Yes,Yes,No,No,No,No,One year,No,Credit card (automatic),119.36,7628.28,Yes,49m+
C03464,Female,0,Yes,No,25,Yes,Yes,DSL,Yes,Yes,Yes,Yes,No,Yes,Two year,No,Credit card (automatic),126.78,3256.36,No,25-48m
C03465,Male,0,No,No,48,Yes,No,Fiber optic,No,Yes,No,No,No,No,Month-to-month,No,Credit card (automatic),100.27,4930.45,Yes,25-48m
C03466,Male,0,No,No,17,Yes,No,No,No internet service,No internet service,No internet service,No internet service,No internet service,No internet service,Month-to-month,No,Electronic check,39.52,684.14,No,13-24m
C03467,Female,0,No,No,65,Yes,No,Fiber optic,No,No,No,No,No,No,Two year,Yes,Bank transfer (automatic),96.39,6472.45,No,49m+
C03468,Male,0,Yes,No,49,Yes,No,No,No internet service,No internet service,No internet service,No internet service,No internet service,No internet service,Month-to-month,No,Bank transfer (automatic),40.34,1943.84,No,49m+
C03469,Female,0,Yes,Yes,30,Yes,Yes,Fiber optic,No,Yes,Yes,No,No,No,One year,Yes,Electronic check,109.09,3234.0,Yes,25-48m
C03470,Female,0,No,No,38,Yes,No,No,No internet service,No internet service,No internet service,No internet service,No internet service,No internet service,Month-to-month,No,Credit card (automatic),39.7,1563.52,No,25-48m
C03471,Male,1,Yes,No,22,Yes,Yes,No,No internet service,No internet service,No internet service,No internet service,No internet service,No internet service,Month-to-month,No,Credit card (automatic),51.71,1167.72,No,13-24m
C03472,Male,0,No,No,72,Yes,No,No,No internet service,No internet service,No internet service,No internet service,No internet service,No internet service,Two year,No,Bank transfer (automatic),40.78,2873.0,Yes,49m+
C03473,Male,0,Yes,No,22,Yes,Yes,DSL,No,Yes,No,Yes,No,No,Two year,No,Credit card (automatic),102.21,2261.59,No,13-24m
C03474,Female,0,No,No,18,Yes,No,DSL,Yes,No,No,No,No,No,Month-to-month,Yes,Credit card (automatic),89.4,1564.98,No,13-24m
C03475,Female,0,No,No,56,Yes,Yes,DSL,No,Yes,No,No,Yes,No,Month-to-month,Yes,Credit card (automatic),100.37,5749.82,No,49m+
C03476,Female,0,No,No,60,Yes,No,No,No internet service,No internet service,No internet service,No internet service,No internet service,No internet service,Month-to-month,Yes,Electronic check,42.2,2637.14,No,49m+
C03477,Male,0,No,No,27,Yes,No,No,No internet service,No internet service,No internet service,No internet service,No internet service,No internet service,One year,No,Mailed check,37.34,988.19,No,25-48m
C03478,Female,0,Yes,Yes,24,No,No phone service,No,No internet service,No internet service,No internet service,No internet service,No internet service,No internet service,Month-to-month,Yes,Mailed check,25.08,572.25,No,13-24m
C03479,Male,1,No,No,22,Yes,Yes,DSL,No,Yes,No,No,No,No,Month-to-month,Yes,Mailed check,98.08,2071.49,Yes,13-24m
C03480,Female,0,No,Yes,41,Yes,No,DSL,No,No,No,No,No,No,One year,No,Mailed check,72.43,2943.89,No,25-48m
C03481,Male,0,Yes,No,25,No,No phone service,Fiber optic,No,No,No,No,No,No,Two year,Yes,Bank transfer (automatic),77.59,2010.71,No,25-48m
C03482,Female,0,Yes,No,52,Yes,No,Fiber optic,No,No,No,No,Yes,No,One year,No,Electronic check,113.35,5756.9,No,49m+
C03483,Male,0,No,No,17,Yes,Yes,No,No internet service,No internet service,No internet service,No internet service,No internet service,No internet service,One year,No,Electronic check,52.71,888.83,No,13-24m
C03484,Female,0,Yes,No,35,Yes,No,DSL,No,No,No,No,No,Yes,One year,Yes,Mailed check,82.85,2861.29,No,25-48m
C03485,Female,0,Yes,Yes,70,Yes,No,No,No internet service,No internet service,No internet service,No internet service,No internet service,No internet service,Month-to-month,No,Credit card (automatic),37.35,2593.09,Yes,49m+
C03486,Female,0,No,Yes,34,Yes,Yes,No,No internet service,No internet service,No internet service,No internet service,No internet service,No internet service,Two year,No,Credit card (automatic),47.45,1598.51,No,25-48m
C03487,Male,0,Yes,Yes,56,Yes,No,No,No internet service,No internet service,No internet service,No internet service,No internet service,No internet service,Two year,Yes,Bank transfer (automatic),38.14,2095.34,No,49m+
C03488,Male,0,No,No,25,Yes,No,Fiber optic,No,No,No,No,No,No,One year,No,Electronic check,100.07,2410.47,Yes,25-48m
C03489,Female,0,No,Yes,30,Yes,Yes,No,No internet service,No internet service,No internet service,No internet service,No internet service,No internet service,Two year,Yes,Mailed check,50.73,1590.85,Yes,25-48m
C03490,Female,0,Yes,No,9,Yes,Yes,Fiber optic,No,No,Yes,No,No,No,Month-to-month,Yes,Credit card (automatic),111.6,1038.71,Yes,7-12m
C03491,Male,0,Yes,No,9,Yes,Yes,DSL,No,Yes,No,No,Yes,Yes,Month-to-month,No,Electronic check,118.52,1056.18,Yes,7-12m
C03492,Female,0,Yes,No,48,Yes,No,Fiber optic,Yes,No,No,No,Yes,No,One year,Yes,Electronic check,115.03,5733.74,Yes,25-48m
C03493,Female,0,Yes,No,61,Yes,Yes,DSL,No,No,No,Yes,No,No,Month-to-month,Yes,Electronic check,90.11,5568.22,No,49m+
C03494,Female,0,Yes,No,35,Yes,Yes,DSL,No,No,Yes,Yes,Yes,No,Month-to-month,Yes,Mailed check,105.03,3807.68,No,25-48m
C03495,Female,0,Yes,No,21,No,No phone service,Fiber optic,No,No,Yes,No,No,No,Month-to-month,Yes,Credit card (automatic),80.56,1762.8,Yes,13-24m
C03496,Male,0,Yes,Yes,63,Yes,No,Fiber optic,No,Yes,Yes,No,Yes,Yes,Month-to-month,Yes,Electronic check,128.07,8307.94,No,49m+
C03497,Male,0,Yes,Yes,12,Yes,Yes,No,No internet service,No internet service,No internet service,No internet service,No internet service,No internet service,Month-to-month,Yes,Bank transfer (automatic),47.66,553.49,No,7-12m
C03498,Male,0,Yes,No,10,Yes,No,Fiber optic,Yes,No,No,No,Yes,Yes,One year,Yes,Mailed check,117.11,1163.39,No,7-12m
C03499,Male,1,Yes,Yes,35,Yes,No,DSL,No,Yes,No,No,No,No,Month-to-month,Yes,Credit card (automatic),77.34,2837.78,Yes,25-48m
C03500,Female,0,No,No,17,Yes,Yes,Fiber optic,No,No,No,Yes,No,Yes,One year,Yes,Bank transfer (automatic),135.03,2359.06,Yes,13-24m
